code_commune,nom_commune,num_bdv,ins,vot,exp,part,l24t1_left,l24t1_ctr,l24t1_rgt,l24t1_far,key,l24t2_left,l24t2_far,l22t1_left,l22t1_ctr,l22t1_rgt,l22t1_far,pr_left,pr_macron,pr_lepen,pr_pec,pr_zem,pr_other,l17t1_left,l17t1_ctr,l17t1_rgt,l17t1_far,p17_left,p17_macron,p17_fillon,p17_lepen,p22t2_macron,p22t2_lepen,eu_left_t,eu_ctr_t,eu_lr_t,eu_rn_t,eu_lfi,eu_lug,eu_vec,eu_com,eu_total_left,lfi_ratio,psg_ratio,nfp,ens,lr,rn,lfi,psg,delta_rn
95026,Asnières-sur-Oise,1,858,613,597,71.45,25.29,25.46,5.7,40.54,95026_1,47.56,52.44,30.21,29.27,5.15,31.62,29.41,26.7,22.47,4.68,12.52,4.22,21.21,41.32,17.63,17.63,27.01,22.51,18.49,22.67,53.7,46.3,27.37,15.37,3.16,44.63,7.58,12.42,4.63,1.89,26.52,0.28582202111613875,0.7141779788838613,25.29,25.46,5.7,40.54,7.228438914027149,18.06156108597285,8.919999999999998
95026,Asnières-sur-Oise,2,673,517,505,76.82,25.94,22.77,5.35,42.38,95026_2,45.63,54.37,30.18,24.67,8.4,33.33,28.93,25.5,25.5,4.7,10.13,5.24,23.81,33.05,22.13,18.21,26.52,18.23,21.18,23.2,52.9,47.1,27.16,13.96,6.85,44.42,9.39,9.64,4.57,3.3,26.900000000000002,0.3490706319702602,0.6509293680297398,25.94,22.77,5.35,42.38,9.05489219330855,16.88510780669145,9.050000000000004
95026,Asnières-sur-Oise,3,599,430,419,71.79,25.06,20.76,3.82,47.02,95026_3,41.71,58.29,29.47,23.51,2.98,41.72,25.45,18.64,41.28,3.61,6.21,4.81,18.93,27.14,24.29,28.93,20.67,19.78,13.71,35.73,40.62,59.38,24.62,10.21,5.41,52.85,9.91,6.31,3.9,3.6,23.72,0.41779089376053963,0.5822091062394603,25.06,20.76,3.82,47.02,10.469839797639123,14.590160202360876,5.300000000000004
95042,Baillet-en-France,1,1546,1065,1028,68.89,26.95,26.65,5.54,38.52,95042_1,50.87,49.13,32.25,29.01,6.62,30.42,27.67,28.72,24.61,4.73,9.28,4.99,21.4,33.38,28.4,15.34,24.54,23.58,19.17,23.74,56.75,43.25,32.08,13.12,7.29,40.1,11.54,11.79,5.22,2.92,31.47,0.3666984429615507,0.6333015570384493,26.95,26.65,5.54,38.52,9.88252303781379,17.067476962186205,8.100000000000001
95056,Belloy-en-France,1,1404,967,942,68.87,24.63,20.17,5.31,46.6,95056_1,39.49,60.51,27.87,29.34,4.1,36.89,26.4,24.6,30.96,4.37,9.5,4.18,17.69,32.7,25.43,22.43,24.35,19.06,20.21,26.95,50.21,49.79,24.9,10.83,6.63,49.26,9.88,8.25,2.57,3.52,24.220000000000002,0.4079273327828241,0.5920726672171759,24.63,20.17,5.31,46.6,10.047250206440957,14.582749793559042,9.71
95127,Cergy,18,766,548,539,71.54,44.9,28.2,4.08,20.59,95127_18,72.09,27.91,41.58,30.87,10.97,14.54,39.93,30.89,12.29,5.46,7.0,4.44,30.59,35.14,24.51,8.46,32.5,27.81,23.91,10.47,74.38,25.62,47.2,17.67,5.6,22.63,20.91,17.46,7.54,0.86,46.77,0.4470814624759461,0.552918537524054,44.9,28.2,4.08,20.59,20.073957665169978,24.82604233483002,6.050000000000001
95127,Cergy,19,814,609,602,74.82,34.22,33.06,7.81,22.76,95127_19,66.53,33.47,35.18,35.38,11.46,15.42,37.19,30.52,13.35,5.86,9.54,3.54,23.28,47.4,20.37,7.69,29.9,32.29,22.99,10.18,75.0,25.0,39.04,20.46,8.98,25.47,13.36,17.12,5.85,1.25,37.58,0.3555082490686535,0.6444917509313465,34.22,33.06,7.81,22.76,12.165492283129323,22.054507716870674,7.340000000000002
95127,Cergy,20,1034,712,700,68.86,49.43,24.0,5.71,19.57,95127_20,73.87,26.13,39.27,34.63,8.05,16.59,37.46,31.27,14.09,6.87,7.22,3.09,25.79,40.72,20.36,9.95,28.62,27.97,23.15,14.47,74.63,25.37,49.57,12.7,8.87,23.48,22.61,18.61,5.22,1.57,48.01,0.4709435534263695,0.5290564465736305,49.43,24.0,5.71,19.57,23.278739845865445,26.151260154134555,2.9800000000000004
95127,Cergy,21,1021,635,615,62.19,61.95,14.15,4.72,17.72,95127_21,81.98,18.02,56.46,18.38,5.47,17.07,59.24,19.03,10.16,4.11,4.76,2.7,42.36,32.18,10.18,11.0,47.19,23.87,10.45,13.09,75.26,24.74,59.65,7.77,2.76,22.06,39.6,12.78,4.26,1.0,57.64,0.6870229007633588,0.3129770992366412,61.95,14.15,4.72,17.72,42.56106870229008,19.388931297709924,0.6499999999999986
95127,Cergy,22,658,411,403,62.46,66.25,13.9,4.22,13.4,95127_22,85.06,14.94,46.26,29.52,4.41,17.62,47.83,28.6,10.76,3.2,6.64,2.97,31.52,43.58,15.95,8.17,37.53,33.19,12.58,11.06,77.49,22.51,66.31,10.64,3.9,15.96,45.04,9.93,6.38,2.13,63.480000000000004,0.7095148078134845,0.2904851921865155,66.25,13.9,4.22,13.4,47.00535601764335,19.24464398235665,-4.220000000000001
95127,Cergy,23,749,443,429,59.15,65.27,14.22,3.5,15.85,95127_23,83.87,16.13,68.91,13.47,5.7,8.81,61.44,21.08,8.48,2.06,4.37,2.57,43.24,38.74,6.76,9.01,49.89,26.09,7.32,8.47,77.67,22.33,56.27,9.83,5.76,21.02,38.31,12.2,3.73,1.02,55.260000000000005,0.6932681867535287,0.30673181324647125,65.27,14.22,3.5,15.85,45.24961454940282,20.02038545059718,7.039999999999999
95127,Cergy,24,877,513,500,58.49,67.6,14.4,2.6,13.2,95127_24,83.5,16.5,61.79,21.59,2.66,12.96,58.2,21.87,10.93,3.0,2.82,3.17,43.2,33.53,11.48,10.27,46.85,23.84,12.58,13.08,75.71,24.29,66.19,8.6,3.72,17.19,42.41,15.47,4.58,2.87,65.33,0.6491657737639676,0.35083422623603244,67.6,14.4,2.6,13.2,43.8836063064442,23.71639369355579,0.23999999999999844
95127,Cergy,25,389,287,272,73.78,55.51,16.91,7.35,20.22,95127_25,75.49,24.51,61.57,22.78,2.14,12.81,58.73,20.55,10.36,3.64,3.27,3.45,39.31,32.41,16.9,8.97,49.02,22.95,12.3,10.16,76.96,23.04,58.02,10.85,5.19,19.81,40.57,10.38,2.36,4.72,58.03,0.6991211442357401,0.3008788557642599,55.51,16.91,7.35,20.22,38.80821471652593,16.701785283474067,7.409999999999998
95127,Cergy,26,1161,742,726,63.91,55.65,23.14,3.44,15.15,95127_26,80.2,19.8,45.49,29.51,8.68,15.28,50.0,27.17,7.76,6.62,6.16,2.28,35.26,34.65,21.58,6.38,36.51,32.16,20.33,7.26,79.89,20.11,59.25,13.82,3.77,18.31,28.73,22.62,5.39,1.8,58.54,0.49077553809361124,0.5092244619063888,55.65,23.14,3.44,15.15,27.311658694909465,28.338341305090538,-0.129999999999999
95127,Cergy,27,805,561,551,69.69,51.18,24.68,4.54,16.15,95127_27,77.24,22.76,47.06,28.71,7.76,13.65,50.57,25.94,8.97,5.38,6.53,2.61,28.15,45.08,16.25,6.86,35.45,29.69,18.02,9.9,76.37,23.63,52.94,14.03,6.79,20.36,19.68,21.49,8.37,2.04,51.58,0.38154323381155486,0.6184567661884451,51.18,24.68,4.54,16.15,19.52738270647538,31.65261729352462,2.4999999999999982
95127,Cergy,31,819,573,567,69.96,51.32,24.34,6.53,15.34,95127_31,77.73,22.27,48.63,29.78,6.83,11.75,48.11,29.72,9.52,5.58,4.6,2.46,35.27,41.52,13.62,7.59,36.87,32.82,15.64,8.66,77.96,22.04,53.79,15.89,5.62,20.05,20.05,23.96,8.56,0.98,53.550000000000004,0.37441643323996265,0.6255835667600373,51.32,24.34,6.53,15.34,19.215051353874884,32.104948646125116,3.59
95218,Eragny,1,1020,705,696,69.12,32.9,27.3,12.36,25.0,95218_1,64.22,35.78,33.41,31.0,13.1,20.74,36.09,30.76,15.05,7.72,6.52,3.86,27.97,36.34,25.33,8.37,30.87,24.32,21.17,17.62,69.86,30.14,40.27,13.17,10.5,29.2,16.6,15.27,6.11,1.34,39.32000000000001,0.42217700915564593,0.5778229908443541,32.9,27.3,12.36,25.0,13.88962360122075,19.010376398779247,4.260000000000002
95218,Eragny,2,939,638,621,67.94,35.1,24.48,10.14,26.57,95218_2,66.26,33.74,41.01,26.14,10.07,21.1,37.36,28.3,19.25,6.9,5.32,2.87,25.14,43.64,16.76,11.85,31.4,26.61,17.52,17.19,68.31,31.69,39.23,16.1,5.67,31.52,13.38,14.97,7.48,2.27,38.1,0.35118110236220473,0.6488188976377953,35.1,24.48,10.14,26.57,12.326456692913387,22.773543307086616,5.469999999999999
95218,Eragny,3,1104,689,678,62.41,42.77,25.52,6.19,22.71,95218_3,68.62,31.38,37.8,28.57,9.23,23.52,40.54,28.72,15.7,5.77,6.04,3.22,24.43,37.69,21.02,12.88,30.47,27.48,15.41,16.97,68.15,31.85,42.32,15.57,6.19,29.54,21.76,12.38,5.99,2.2,42.330000000000005,0.5140562248995983,0.48594377510040165,42.77,25.52,6.19,22.71,21.986184738955824,20.78381526104418,-0.8099999999999987
95218,Eragny,4,1453,772,743,53.13,52.89,16.69,4.44,23.69,95218_4,74.61,25.39,49.76,21.7,9.67,15.33,54.96,21.59,15.64,2.33,2.92,2.57,29.52,39.71,12.47,15.18,40.49,26.99,8.29,16.79,67.99,32.01,53.24,11.06,3.34,24.43,39.87,7.1,2.71,1.88,51.56,0.7732738557020946,0.22672614429790539,52.89,16.69,4.44,23.69,40.898454228083786,11.991545771916217,8.360000000000001
95218,Eragny,5,1143,727,710,63.6,36.9,22.54,6.06,31.55,95218_5,60.89,39.11,36.58,28.33,9.09,24.52,37.38,27.35,18.32,5.32,6.19,5.45,29.04,35.03,17.97,14.52,30.77,26.13,15.38,19.34,63.51,36.49,40.5,12.09,8.25,34.55,19.39,15.74,3.45,1.54,40.120000000000005,0.48330009970089727,0.5166999002991027,36.9,22.54,6.06,31.55,17.83377367896311,19.06622632103689,7.030000000000001
95218,Eragny,6,1227,804,785,65.53,26.62,30.96,8.54,30.83,95218_6,61.47,38.53,30.13,30.85,13.43,24.32,29.75,31.24,19.45,8.35,7.21,4.0,21.64,40.6,22.32,13.42,25.27,29.51,18.68,17.73,63.81,36.19,32.03,19.08,6.64,36.8,12.78,12.78,4.6,1.53,31.689999999999998,0.40328179236352163,0.5967182076364783,26.62,30.96,8.54,30.83,10.735361312716947,15.884638687283053,6.509999999999998
95218,Eragny,7,1206,703,679,58.29,43.89,18.7,6.04,27.39,95218_7,68.14,31.86,44.6,24.41,6.57,21.83,45.31,23.18,18.62,4.82,3.65,4.43,36.62,36.84,10.96,12.28,39.38,22.79,10.5,18.02,66.77,33.23,46.9,8.88,3.72,34.09,26.65,12.6,3.51,2.48,45.239999999999995,0.589080459770115,0.41091954022988497,43.89,18.7,6.04,27.39,25.854741379310347,18.035258620689653,5.560000000000002
95218,Eragny,8,1247,869,845,69.69,30.18,32.78,6.86,27.34,95218_8,62.28,37.72,33.61,34.6,10.38,18.45,33.13,32.2,17.49,6.28,5.66,5.25,22.22,46.45,17.59,12.81,26.49,31.48,18.23,16.22,67.73,32.27,35.62,17.34,6.88,33.28,13.28,12.66,5.78,2.97,34.69,0.3828192562698184,0.6171807437301816,30.18,32.78,6.86,27.34,11.553485154223118,18.62651484577688,8.89
95218,Eragny,9,1168,694,682,59.42,44.13,20.82,6.89,25.22,95218_9,71.43,28.57,42.2,27.03,7.69,20.44,44.25,25.88,14.75,5.12,6.5,3.5,27.07,38.86,17.03,15.07,37.56,25.37,11.08,18.47,67.38,32.62,43.3,12.16,5.36,29.9,21.44,14.02,4.95,2.47,42.88,0.5,0.5,44.13,20.82,6.89,25.22,22.065,22.065,4.779999999999998
95218,Eragny,10,1001,619,604,61.84,41.72,22.52,7.28,25.5,95218_10,66.98,33.02,40.16,27.03,7.61,23.1,40.54,26.46,18.92,4.84,4.98,4.27,27.64,35.82,20.19,14.18,33.99,25.98,14.83,18.37,64.55,35.45,44.44,13.19,5.79,28.01,19.21,14.81,6.48,1.62,42.12,0.4560778727445395,0.5439221272554605,41.72,22.52,7.28,25.5,19.02756885090219,22.69243114909781,2.3999999999999986
95313,L'Isle-Adam,1,981,721,704,73.5,20.03,32.53,12.07,33.95,95313_1,47.81,52.19,22.7,32.68,19.96,23.48,22.25,34.72,16.89,10.99,10.46,4.69,12.39,25.87,49.18,11.11,19.52,25.06,37.66,12.47,66.31,33.69,25.09,16.72,13.94,38.68,4.7,10.98,6.62,1.39,23.69,0.19839594765723934,0.8016040523427607,20.03,32.53,12.07,33.95,3.973870831574504,16.056129168425496,10.470000000000002
95313,L'Isle-Adam,2,1015,721,701,71.03,21.54,27.39,9.7,38.52,95313_2,50.32,49.68,26.35,29.96,17.15,24.37,26.33,30.81,19.36,8.38,10.98,4.13,15.25,23.54,49.55,10.31,20.56,22.24,28.25,20.98,60.78,39.22,27.5,15.22,11.62,39.44,9.98,11.95,3.76,1.31,26.999999999999996,0.3696296296296297,0.6303703703703702,21.54,27.39,9.7,38.52,7.9618222222222235,13.578177777777775,14.150000000000002
95313,L'Isle-Adam,3,974,779,766,79.98,17.23,44.26,9.92,26.37,95313_3,55.91,44.09,20.27,42.71,16.25,20.27,20.43,39.67,13.9,12.35,10.1,3.56,11.52,36.71,45.16,5.53,14.6,29.3,42.53,7.41,72.83,27.17,26.11,22.77,12.74,29.94,3.66,15.61,4.94,1.59,25.8,0.14186046511627906,0.858139534883721,17.23,44.26,9.92,26.37,2.4442558139534882,14.785744186046513,6.100000000000001
95313,L'Isle-Adam,4,893,649,638,72.68,16.61,38.4,10.66,31.03,95313_4,48.88,51.12,19.3,37.58,20.64,21.14,20.36,38.69,15.38,11.31,11.54,2.71,9.84,29.84,49.19,10.0,15.5,23.3,40.58,15.5,69.2,30.8,19.73,22.46,16.21,33.79,3.12,10.35,4.69,1.17,19.33,0.16140713916192448,0.8385928608380755,16.61,38.4,10.66,31.03,2.6809725814795655,13.929027418520434,9.89
95313,L'Isle-Adam,5,1014,689,678,67.95,26.7,26.99,6.49,37.17,95313_5,50.4,49.6,28.21,28.21,12.23,27.42,32.86,26.79,21.19,6.9,8.57,3.69,16.61,29.9,40.38,10.66,24.25,27.14,19.05,21.13,59.17,40.83,31.78,13.99,7.94,39.55,10.54,13.82,5.35,1.38,31.09,0.33901576069475714,0.6609842393052429,26.7,26.99,6.49,37.17,9.051720810550016,17.648279189449983,9.75
95313,L'Isle-Adam,6,1014,760,747,74.95,18.61,35.48,10.17,33.33,95313_6,49.25,50.75,20.49,36.48,14.34,27.46,21.19,37.84,19.2,8.11,10.95,2.7,15.03,33.71,44.19,6.38,19.28,26.65,34.33,13.64,66.41,33.59,25.56,18.25,12.22,38.41,4.92,14.29,5.24,0.16,24.610000000000003,0.19991873222267367,0.8000812677773264,18.61,35.48,10.17,33.33,3.7204876066639567,14.889512393336043,5.869999999999997
95313,L'Isle-Adam,7,783,602,590,76.88,24.07,31.02,8.98,32.2,95313_7,54.03,45.97,26.28,34.13,12.97,24.91,24.43,33.89,22.28,8.38,7.66,3.35,14.81,31.44,42.39,9.33,20.89,27.11,26.67,16.74,64.71,35.29,30.56,16.03,9.83,37.39,8.55,14.74,5.34,0.43,29.06,0.2942188575361322,0.7057811424638678,24.07,31.02,8.98,32.2,7.081847900894702,16.9881520991053,7.290000000000003
95313,L'Isle-Adam,8,1006,745,723,74.06,20.33,33.06,10.51,33.2,95313_8,51.34,48.66,24.45,31.44,19.21,22.05,25.08,30.8,16.56,11.46,11.46,4.64,14.44,29.09,46.28,8.07,18.99,22.85,33.53,14.54,63.53,36.47,26.92,18.39,14.21,34.78,8.53,13.04,3.51,0.67,25.75,0.33126213592233006,0.66873786407767,20.33,33.06,10.51,33.2,6.73455922330097,13.59544077669903,11.150000000000002
95313,L'Isle-Adam,9,745,494,485,66.31,20.0,36.49,8.45,32.78,95313_9,53.21,46.79,30.67,30.0,14.33,22.67,31.82,30.3,19.7,5.87,8.14,4.17,15.95,26.99,43.87,11.66,22.76,24.91,20.97,23.84,61.6,38.4,24.03,20.59,11.67,36.84,8.24,10.98,3.2,1.14,23.56,0.34974533106960953,0.6502546689303905,20.0,36.49,8.45,32.78,6.99490662139219,13.00509337860781,10.11
95353,Maffliers,1,1243,868,840,69.83,29.88,20.95,5.12,41.67,95353_1,47.53,52.47,32.76,26.38,4.31,33.62,30.11,25.13,25.44,4.05,10.38,4.88,24.4,33.62,19.8,20.48,26.4,19.2,19.0,25.3,51.46,48.54,30.23,9.15,5.27,47.6,11.78,10.39,4.65,3.1,29.92,0.3937165775401069,0.6062834224598931,29.88,20.95,5.12,41.67,11.764251336898393,18.115748663101606,8.050000000000004
95392,Mériel,1,885,634,617,71.64,30.79,23.66,5.67,36.63,95392_1,52.51,47.49,34.09,25.23,10.45,29.09,32.33,22.66,26.89,6.8,7.25,4.08,25.37,27.86,29.35,16.17,22.89,22.12,21.2,23.66,55.06,44.94,36.08,12.03,6.33,38.61,11.39,14.56,6.75,2.11,34.81,0.32720482619936797,0.672795173800632,30.79,23.66,5.67,36.63,10.07463659867854,20.71536340132146,7.540000000000003
95392,Mériel,2,968,691,673,71.38,24.96,26.6,5.79,38.93,95392_2,51.32,48.68,29.39,31.49,5.34,33.02,29.07,26.93,24.93,4.4,9.87,4.8,22.59,29.57,25.87,20.33,26.1,21.71,20.54,22.22,56.25,43.75,28.95,13.85,6.22,44.23,7.99,12.08,5.68,2.13,27.88,0.28658536585365857,0.7134146341463414,24.96,26.6,5.79,38.93,7.153170731707318,17.80682926829268,5.909999999999997
95392,Mériel,3,875,599,587,68.46,24.02,32.2,5.11,34.92,95392_3,53.22,46.78,29.52,30.24,9.29,27.62,28.37,31.78,22.17,3.41,7.91,6.36,23.18,35.68,23.18,13.64,24.85,27.74,19.66,18.75,63.0,37.0,32.21,15.37,4.21,39.79,7.79,15.16,6.53,1.68,31.16,0.25,0.75,24.02,32.2,5.11,34.92,6.005,18.015,7.300000000000001
95392,Mériel,4,1015,658,644,64.83,32.14,24.22,4.97,35.71,95392_4,54.64,45.36,36.76,25.0,7.6,28.19,34.65,25.82,22.28,5.84,6.93,4.48,25.93,29.89,26.81,15.38,27.54,22.46,19.21,23.02,59.75,40.25,34.26,12.13,5.11,39.15,11.28,12.55,7.02,1.91,32.76,0.3443223443223443,0.6556776556776557,32.14,24.22,4.97,35.71,11.066520146520146,21.073479853479853,7.52
95394,Méry-sur-Oise,1,968,649,639,67.05,27.86,23.63,8.76,37.09,95394_1,55.25,44.75,35.35,25.58,8.37,28.6,31.28,25.14,26.26,5.17,8.24,3.91,28.31,35.06,19.1,14.83,27.77,26.34,14.73,23.34,56.36,43.64,32.78,11.83,7.88,41.29,7.68,17.01,5.39,2.28,32.36,0.2373300370828183,0.7626699629171817,27.86,23.63,8.76,37.09,6.612014833127318,21.24798516687268,8.490000000000002
95394,Méry-sur-Oise,2,959,612,596,63.82,27.85,23.83,7.55,38.76,95394_2,49.28,50.72,35.14,27.59,8.25,27.36,31.6,27.56,22.8,6.06,7.79,4.18,22.6,35.14,24.57,14.74,26.32,25.04,16.07,23.9,59.51,40.49,30.79,9.5,9.71,43.18,10.12,12.81,4.34,2.89,30.16,0.3355437665782493,0.6644562334217508,27.85,23.83,7.55,38.76,9.344893899204244,18.50510610079576,11.399999999999999
95394,Méry-sur-Oise,3,1138,765,743,67.22,32.97,27.59,4.44,31.22,95394_3,57.99,42.01,39.08,29.66,6.01,23.25,37.56,28.95,19.38,3.11,6.46,4.55,24.53,44.7,18.5,11.23,30.12,27.74,15.71,19.05,63.81,36.19,38.0,12.44,7.08,32.64,13.13,16.75,6.22,1.38,37.480000000000004,0.35032017075773747,0.6496798292422625,32.97,27.59,4.44,31.22,11.550056029882604,21.419943970117394,7.969999999999999
95394,Méry-sur-Oise,4,888,544,525,61.26,29.33,29.33,6.1,33.52,95394_4,57.85,42.15,36.05,33.14,7.56,21.51,35.13,29.41,20.75,4.08,6.21,4.41,25.0,41.75,18.81,13.92,28.19,29.44,13.33,20.42,63.88,36.12,33.49,14.96,5.7,38.48,14.73,10.93,4.99,2.38,33.03,0.44595821980018163,0.5540417801998183,29.33,29.33,6.1,33.52,13.079954586739326,16.25004541326067,12.010000000000002
95394,Méry-sur-Oise,5,1012,665,651,65.71,33.95,23.2,5.68,33.33,95394_5,54.75,45.25,37.53,26.25,4.99,29.13,38.75,24.44,23.06,3.61,6.25,3.89,23.4,40.67,15.6,17.83,33.13,21.93,13.5,23.93,60.43,39.57,34.81,13.53,4.43,41.02,19.96,7.76,5.32,1.33,34.37,0.5807390165842305,0.41926098341576945,33.95,23.2,5.68,33.33,19.71608961303463,14.233910386965373,4.199999999999999
95394,Méry-sur-Oise,6,764,549,539,71.86,29.13,27.64,7.98,33.02,95394_6,55.88,44.12,33.78,29.22,9.12,26.81,33.73,28.77,20.72,5.48,7.53,3.77,25.36,39.89,21.94,11.11,25.45,26.78,18.35,19.83,63.57,36.43,34.7,15.98,6.85,36.07,10.96,15.75,4.34,2.74,33.79,0.32435631843740753,0.6756436815625925,29.13,27.64,7.98,33.02,9.44849955608168,19.681500443918317,6.210000000000004
95394,Méry-sur-Oise,7,858,557,538,64.92,30.3,26.58,5.02,34.39,95394_7,55.6,44.4,35.25,32.11,6.53,23.24,32.73,32.28,19.16,3.47,7.99,4.37,24.74,43.88,17.09,11.73,32.25,25.77,13.8,17.61,61.58,38.42,34.35,14.59,3.53,39.29,10.82,13.41,4.94,4.0,33.17,0.32619837202291224,0.6738016279770878,30.3,26.58,5.02,34.39,9.883810672294242,20.41618932770576,11.150000000000002
95430,Montsoult,1,1363,963,936,70.65,27.03,28.1,5.98,35.04,95430_1,53.91,46.09,30.45,31.46,4.33,31.17,33.24,28.12,19.13,6.16,9.19,4.17,25.87,35.17,26.45,10.47,26.12,27.09,19.61,18.21,60.86,39.14,32.94,11.99,8.56,37.42,10.01,13.83,5.53,3.16,32.53,0.30771595450353517,0.6922840454964648,27.03,28.1,5.98,35.04,8.317562250230557,18.712437749769446,3.8699999999999974
95430,Montsoult,2,1283,891,872,69.45,33.94,20.76,4.01,38.53,95430_2,51.91,48.09,36.65,24.01,4.11,31.6,34.54,22.58,26.08,3.71,8.76,4.33,26.86,28.89,23.14,17.74,31.24,19.81,16.67,22.54,52.38,47.62,33.38,8.42,4.51,43.16,13.23,9.62,6.02,3.16,32.03,0.4130502653762098,0.5869497346237902,33.94,20.76,4.01,38.53,14.01892600686856,19.921073993131436,6.93
95445,Nerville-la-Forêt,1,469,336,328,71.64,23.48,30.18,7.93,35.37,95445_1,52.01,47.99,25.69,37.61,10.55,23.39,25.27,39.29,15.11,4.67,10.44,5.22,18.6,37.21,36.82,7.36,21.78,28.08,26.25,15.75,62.72,37.28,33.58,16.04,8.96,35.45,8.21,16.79,4.1,2.24,31.340000000000003,0.26196553924696875,0.7380344607530313,23.48,30.18,7.93,35.37,6.150950861518826,17.329049138481174,11.979999999999997
95450,Neuville-sur-Oise,1,1223,936,918,76.53,28.43,31.37,13.62,23.42,95450_1,63.22,36.78,28.2,33.56,21.05,15.27,29.55,35.98,14.07,7.94,8.14,4.32,17.81,42.36,28.33,9.26,20.43,32.59,26.83,13.28,70.51,29.49,35.16,19.87,8.76,28.24,7.32,17.12,8.89,0.65,33.98,0.21542083578575635,0.7845791642142437,28.43,31.37,13.62,23.42,6.124414361389053,22.305585638610946,8.150000000000002
95456,Noisy-sur-Oise,1,417,305,302,73.14,20.2,28.48,3.64,44.7,95456_1,45.0,55.0,30.22,27.56,5.78,35.11,22.32,27.54,25.51,5.22,10.72,8.7,20.43,30.21,28.51,19.15,19.74,21.28,20.0,25.38,49.22,50.78,22.48,18.6,3.88,44.96,8.53,6.59,5.81,1.16,22.09,0.3861475780896333,0.6138524219103667,20.2,28.48,3.64,44.7,7.800181077410592,12.399818922589407,9.590000000000003
95480,Parmain,1,1092,790,774,72.34,28.04,28.94,5.3,35.14,95480_1,54.1,45.9,27.11,34.07,11.17,25.64,29.62,29.26,19.18,7.67,10.43,3.84,18.53,40.45,31.19,8.51,20.63,27.23,27.0,16.57,65.71,34.29,31.81,15.01,7.67,37.36,6.36,16.31,6.2,1.14,30.009999999999998,0.21192935688103967,0.7880706431189604,28.04,28.94,5.3,35.14,5.942499166944352,22.097500833055648,9.5
95480,Parmain,2,1218,802,773,65.85,27.81,23.54,5.69,38.81,95480_2,53.07,46.93,36.02,20.61,12.72,28.14,33.22,24.12,24.35,5.35,7.96,5.01,27.85,32.15,24.11,13.64,30.42,24.17,15.33,20.99,56.54,43.46,31.92,10.75,5.54,41.69,10.91,13.68,4.56,1.95,31.099999999999998,0.35080385852090035,0.6491961414790997,27.81,23.54,5.69,38.81,9.755855305466238,18.05414469453376,10.670000000000002
95480,Parmain,3,1059,760,745,71.77,25.37,31.54,6.04,34.77,95480_3,50.51,49.49,26.49,36.14,9.82,25.79,22.72,34.94,19.88,5.93,11.48,5.06,17.22,38.89,33.7,7.41,20.74,24.77,26.5,18.66,62.55,37.45,27.53,15.98,9.49,38.45,7.28,13.61,5.85,0.32,27.060000000000002,0.2690317812269032,0.7309682187730968,25.37,31.54,6.04,34.77,6.825336289726534,18.54466371027347,8.980000000000004
95480,Parmain,4,955,650,636,68.06,29.25,29.09,6.76,31.92,95480_4,57.71,42.29,34.26,30.09,8.8,22.92,30.88,28.33,22.1,5.24,8.5,4.96,16.99,33.77,33.33,13.29,24.7,23.65,23.38,20.48,62.15,37.85,32.86,15.93,6.65,37.3,10.89,14.11,6.05,1.01,32.06,0.33967560823456017,0.6603243917654398,29.25,29.09,6.76,31.92,9.935511540860885,19.314488459139113,9.0
95504,Presles,1,763,573,563,75.1,29.66,34.46,6.39,26.82,95504_1,60.9,39.1,33.58,29.57,8.77,22.56,32.64,31.42,18.4,6.25,7.12,4.17,21.43,37.68,30.3,9.11,27.32,26.18,24.72,14.63,65.79,34.21,34.17,16.97,9.17,30.73,7.57,15.83,5.73,3.21,32.339999999999996,0.23407544836116267,0.7659245516388373,29.66,34.46,6.39,26.82,6.942677798392085,22.717322201607914,4.260000000000002
95504,Presles,2,657,488,472,74.28,33.05,23.94,5.08,35.38,95504_2,54.04,45.96,40.17,22.22,7.69,26.21,34.71,26.08,18.63,6.86,9.41,4.31,26.55,31.07,26.27,14.41,29.2,22.65,20.88,19.82,60.14,39.86,34.84,10.11,6.65,39.63,10.64,14.89,5.32,1.86,32.71,0.32528278813818406,0.6747172118618159,33.05,23.94,5.08,35.38,10.750596147966982,22.299403852033013,9.170000000000002
95504,Presles,3,701,490,481,69.9,24.53,27.23,5.61,40.54,95504_3,48.4,51.6,28.26,26.63,6.79,34.78,27.79,26.28,25.71,6.43,9.64,4.16,21.18,32.76,29.56,14.04,26.44,20.51,25.0,19.71,51.98,48.02,29.58,13.2,7.82,43.03,7.09,11.98,6.6,2.2,27.87,0.25439540724793686,0.7456045927520631,24.53,27.23,5.61,40.54,6.240319339791891,18.28968066020811,5.759999999999998
95504,Presles,4,680,510,503,75.0,22.27,28.43,6.96,39.17,95504_4,47.02,52.98,32.95,21.31,12.5,27.56,29.11,26.34,22.77,6.53,10.3,4.95,22.19,31.99,27.38,15.56,22.86,20.89,21.79,24.11,56.05,43.95,27.98,14.6,7.54,42.58,10.22,8.27,6.08,2.43,27.0,0.37851851851851853,0.6214814814814815,22.27,28.43,6.96,39.17,8.429607407407408,13.840392592592593,11.610000000000003
95566,Saint-Martin-du-Tertre,1,917,545,530,59.43,33.4,18.68,5.85,38.3,95566_1,50.81,49.19,39.25,23.12,4.57,30.11,36.32,17.62,29.06,4.64,7.11,5.26,28.25,30.07,23.23,16.17,32.19,18.43,15.97,25.43,50.27,49.73,34.18,7.91,7.14,41.33,13.52,11.73,4.34,3.83,33.42,0.40454817474566124,0.5954518252543388,33.4,18.68,5.85,38.3,13.511909036505084,19.888090963494914,8.189999999999998
95566,Saint-Martin-du-Tertre,2,913,560,537,61.34,24.02,23.09,7.08,41.9,95566_2,47.53,52.47,36.14,27.17,4.62,30.16,30.47,27.19,23.59,4.84,10.0,3.91,24.77,36.25,22.36,15.11,27.88,23.46,16.15,20.58,55.2,44.8,26.65,13.68,6.6,46.23,9.91,9.43,3.77,1.89,25.0,0.39640000000000003,0.6035999999999999,24.02,23.09,7.08,41.9,9.521528,14.498471999999998,11.739999999999998
95572,Saint-Ouen-l'Aumône,1,1069,702,682,65.67,45.45,23.46,5.72,22.87,95572_1,71.63,28.37,44.1,27.07,6.11,20.96,43.2,25.87,15.47,6.0,5.6,3.87,28.6,38.48,20.99,10.49,30.34,29.66,17.99,15.97,69.7,30.3,45.49,13.33,6.86,27.84,19.02,15.49,6.86,2.94,44.309999999999995,0.4292484766418416,0.5707515233581584,45.45,23.46,5.72,22.87,19.509343263371704,25.9406567366283,1.9100000000000001
95572,Saint-Ouen-l'Aumône,2,1198,784,770,65.44,43.77,25.97,5.71,22.21,95572_2,71.67,28.33,38.89,29.69,7.66,20.5,42.14,28.87,15.25,3.84,6.05,3.84,36.28,35.12,16.12,10.36,32.59,28.5,14.37,17.1,71.69,28.31,48.97,15.24,5.99,23.29,24.49,15.75,5.31,2.4,47.949999999999996,0.510740354535975,0.489259645464025,43.77,25.97,5.71,22.21,22.355105318039627,21.414894681960376,1.7100000000000009
95572,Saint-Ouen-l'Aumône,3,972,634,626,65.23,36.9,25.88,6.39,27.8,95572_3,65.01,34.99,35.86,30.96,9.13,21.38,37.61,28.73,18.03,6.06,6.76,2.82,28.57,33.71,22.32,13.17,30.2,25.17,17.69,18.78,66.11,33.89,41.08,12.21,8.22,31.46,19.95,13.15,6.1,1.41,40.61,0.4912583107608963,0.5087416892391037,36.9,25.88,6.39,27.8,18.127431667077072,18.772568332922926,6.420000000000002
95572,Saint-Ouen-l'Aumône,4,1135,606,594,53.39,61.95,12.96,3.2,19.36,95572_4,77.2,22.8,48.81,20.42,3.45,21.49,53.59,19.83,19.27,2.25,3.52,1.55,38.27,33.15,8.36,16.98,43.04,23.53,8.03,19.8,66.56,33.44,57.3,10.11,3.37,26.69,39.89,8.43,5.62,1.97,55.91,0.7134680736898588,0.28653192631014124,61.95,12.96,3.2,19.36,44.19934716508675,17.75065283491325,-2.129999999999999
95572,Saint-Ouen-l'Aumône,5,1140,740,728,64.91,51.24,20.05,3.57,22.25,95572_5,70.97,29.03,43.22,27.36,6.67,20.23,46.88,24.88,16.95,4.57,3.85,2.88,31.61,32.02,18.39,14.46,36.27,24.57,13.33,19.7,69.67,30.33,45.6,13.09,5.32,29.45,30.67,8.59,2.66,2.45,44.370000000000005,0.6912328149650665,0.3087671850349335,51.24,20.05,3.57,22.25,35.41876943881001,15.821230561189994,2.0199999999999996
95572,Saint-Ouen-l'Aumône,6,1242,818,791,65.86,45.89,22.0,4.8,24.91,95572_6,69.75,30.25,46.92,23.57,2.97,23.57,47.2,23.99,15.02,4.6,5.27,3.92,27.78,36.21,17.43,15.71,35.29,26.42,12.51,17.65,66.89,33.11,49.01,14.0,3.59,28.19,32.85,10.77,1.44,1.97,47.03,0.6984903253242611,0.30150967467573886,45.89,22.0,4.8,24.91,32.053721029130344,13.836278970869657,1.3399999999999999
95572,Saint-Ouen-l'Aumône,7,1284,650,640,50.62,66.41,10.0,2.81,19.06,95572_7,78.18,21.82,57.78,14.72,3.06,19.17,62.34,14.3,14.96,2.36,4.07,1.97,40.76,30.21,7.62,17.01,45.93,21.27,5.69,21.27,66.12,33.88,63.36,4.61,3.23,21.66,51.38,7.14,1.84,2.3,62.660000000000004,0.8199808490264922,0.18001915097350785,66.41,10.0,2.81,19.06,54.45492818384934,11.955071816150655,-0.11000000000000298
95572,Saint-Ouen-l'Aumône,8,922,519,506,56.29,55.73,14.62,4.55,22.13,95572_8,75.85,24.15,42.44,25.72,4.82,22.19,47.64,23.23,17.0,5.05,3.7,3.37,32.97,31.62,18.65,14.05,37.31,27.06,11.47,18.04,68.11,31.89,50.31,11.01,2.83,26.42,24.53,16.35,4.72,3.46,49.06,0.5,0.5,55.73,14.62,4.55,22.13,27.865,27.865,-0.060000000000002274
95572,Saint-Ouen-l'Aumône,9,1284,810,787,63.08,47.4,18.42,5.72,26.18,95572_9,71.31,28.69,46.3,29.63,3.29,19.75,45.33,25.65,17.55,4.05,4.05,3.37,33.06,39.84,10.68,13.76,35.63,25.75,11.03,19.89,64.46,35.54,46.75,10.54,4.57,31.99,27.94,10.72,3.69,3.16,45.510000000000005,0.6139310041749065,0.38606899582509346,47.4,18.42,5.72,26.18,29.100329597890568,18.29967040210943,6.43
95572,Saint-Ouen-l'Aumône,10,999,700,682,70.07,35.19,28.15,6.16,27.13,95572_10,66.83,33.17,41.22,30.18,6.51,20.12,37.57,30.89,17.54,4.71,5.24,4.06,37.13,29.86,17.68,13.75,33.05,25.98,13.54,19.51,67.72,32.28,38.19,16.14,7.28,29.13,16.73,14.37,3.94,3.15,38.19,0.43807279392511134,0.5619272060748887,35.19,28.15,6.16,27.13,15.415781618224667,19.77421838177533,7.009999999999998
95572,Saint-Ouen-l'Aumône,11,929,537,525,57.8,50.86,14.67,3.62,26.86,95572_11,68.24,31.76,45.89,19.94,4.11,27.53,45.26,21.83,23.43,3.85,2.89,2.73,33.98,32.87,14.09,16.02,36.65,27.56,9.81,19.48,62.8,37.2,45.59,8.51,5.17,31.0,32.83,6.38,4.56,1.82,45.59,0.7201140601008992,0.2798859398991008,50.86,14.67,3.62,26.86,36.62500109673173,14.234998903268268,-0.6700000000000017
95572,Saint-Ouen-l'Aumône,12,1147,646,628,56.32,53.98,16.56,2.39,25.8,95572_12,72.38,27.62,45.04,28.57,3.63,20.1,48.35,23.38,18.76,2.51,4.49,2.51,33.17,39.9,11.78,12.98,40.84,23.62,11.32,19.07,64.99,35.01,53.29,9.62,2.58,29.11,36.15,10.33,3.29,1.17,50.94,0.709658421672556,0.290341578327444,53.98,16.56,2.39,25.8,38.30736160188457,15.672638398115426,5.699999999999999
95594,Seugy,1,772,568,554,73.58,20.22,31.23,5.6,40.07,95594_1,45.27,54.73,27.05,34.54,4.83,32.13,23.91,32.63,22.78,6.14,9.85,4.68,24.37,38.5,22.1,13.21,23.23,26.77,23.08,17.69,55.43,44.57,22.99,14.96,6.7,47.1,5.13,11.83,3.79,1.12,21.87,0.2345679012345679,0.7654320987654322,20.22,31.23,5.6,40.07,4.742962962962962,15.477037037037038,7.939999999999998
95652,Viarmes,1,1430,958,931,66.99,24.49,23.85,5.26,43.07,95652_1,45.51,54.49,32.03,25.41,6.17,35.79,27.58,25.0,26.85,4.7,9.96,5.9,24.03,36.57,18.51,19.4,26.7,21.05,18.95,24.02,52.13,47.87,24.6,13.9,6.15,49.06,8.29,8.42,5.48,1.47,23.66,0.3503803888419273,0.6496196111580728,24.49,23.85,5.26,43.07,8.580815722738798,15.9091842772612,7.280000000000001
95652,Viarmes,2,1336,915,895,68.49,25.81,25.81,4.8,40.0,95652_2,50.06,49.94,30.93,29.65,5.13,32.69,29.04,26.07,28.05,4.26,9.22,3.37,20.0,36.82,21.06,20.15,22.7,22.5,22.89,23.69,53.76,46.24,27.79,14.95,7.48,42.03,7.62,12.55,5.08,2.26,27.509999999999998,0.276990185387132,0.7230098146128681,25.81,25.81,4.8,40.0,7.149116684841877,18.660883315158124,7.310000000000002
95652,Viarmes,3,1298,868,854,66.87,22.25,27.75,2.93,44.96,95652_3,43.18,56.82,24.84,28.66,5.57,39.01,22.49,29.29,29.71,4.92,9.1,4.5,15.35,32.87,28.06,20.31,17.88,23.58,24.56,26.52,52.32,47.68,22.99,15.52,6.88,46.56,6.3,9.66,4.25,1.9,22.11,0.28493894165535955,0.7150610583446404,22.25,27.75,2.93,44.96,6.3398914518317495,15.91010854816825,5.950000000000003
95660,Villaines-sous-Bois,1,549,396,383,72.13,22.19,24.8,6.53,43.34,95660_1,39.5,60.5,23.13,30.6,4.98,39.15,24.23,26.65,28.19,5.29,10.13,5.51,15.91,30.68,35.61,17.05,17.71,22.25,20.09,29.16,49.74,50.26,24.32,11.49,9.12,46.28,9.12,8.11,2.7,3.04,22.969999999999995,0.3970396168915978,0.6029603831084023,22.19,24.8,6.53,43.34,8.810309098824556,13.379690901175447,4.190000000000005
95678,Villiers-Adam,1,614,484,478,78.83,21.13,30.13,6.9,40.17,95678_1,47.52,52.48,25.21,28.29,13.17,30.81,25.73,29.79,25.92,4.64,9.28,4.64,16.81,35.29,34.45,12.61,21.31,23.18,25.98,20.93,55.86,44.14,27.32,13.53,7.96,45.09,5.57,14.85,4.24,2.39,27.050000000000004,0.20591497227356745,0.7940850277264325,21.13,30.13,6.9,40.17,4.35098336414048,16.77901663585952,9.360000000000003
