code_commune,nom_commune,num_bdv,code_circ,inscrits,votants,exprimes,participation,left,ctr,rgt,far
95002,Ableiges,1,1,355,274,270,77.18,27.41,23.7,4.07,44.81
95002,Ableiges,2,1,336,251,241,74.7,23.65,29.46,4.15,42.74
95008,Aincourt,1,1,561,430,423,76.65,21.75,26.0,7.57,44.68
95011,Ambleville,1,1,305,214,209,70.16,22.97,24.4,3.83,48.8
95012,Amenucourt,1,1,141,105,104,74.47,20.19,18.27,2.88,58.65
95014,Andilly,1,6,695,492,483,70.79,26.92,29.19,9.52,31.68
95014,Andilly,2,6,787,604,595,76.75,17.48,41.85,10.92,28.07
95018,Argenteuil,1,5,790,492,482,62.28,54.15,11.41,11.83,21.58
95018,Argenteuil,2,5,906,611,596,67.44,59.56,15.6,10.23,14.26
95018,Argenteuil,3,5,767,506,499,65.97,54.11,18.84,9.42,17.43
95018,Argenteuil,4,5,892,564,559,63.23,54.2,16.82,11.99,16.99
95018,Argenteuil,5,5,1116,680,667,60.93,56.82,12.59,10.64,19.34
95018,Argenteuil,6,5,1063,618,603,58.14,66.83,8.79,7.3,16.09
95018,Argenteuil,7,5,790,459,453,58.1,56.95,16.56,9.27,16.56
95018,Argenteuil,8,5,952,602,590,63.24,59.15,14.41,12.2,14.07
95018,Argenteuil,9,5,926,567,562,61.23,54.09,19.75,9.07,16.55
95018,Argenteuil,10,5,1164,748,737,64.26,50.2,17.91,10.58,21.03
95018,Argenteuil,11,5,1012,681,672,67.29,48.21,19.35,12.05,19.94
95018,Argenteuil,12,5,1265,825,800,65.22,55.62,17.88,8.88,17.12
95018,Argenteuil,13,5,1002,693,677,69.16,48.01,20.97,9.75,21.12
95018,Argenteuil,14,5,860,496,493,57.67,53.96,9.53,8.11,27.99
95018,Argenteuil,15,5,869,471,464,54.2,64.66,11.85,8.19,14.44
95018,Argenteuil,16,5,1018,539,521,52.95,63.15,7.87,7.87,21.11
95018,Argenteuil,17,5,1071,660,644,61.62,54.97,16.3,9.01,19.72
95018,Argenteuil,18,5,1206,667,656,55.31,54.57,14.63,7.93,21.8
95018,Argenteuil,19,5,1301,812,791,62.41,55.75,14.79,9.86,19.34
95018,Argenteuil,20,5,1128,699,677,61.97,58.35,16.54,6.35,18.46
95018,Argenteuil,21,5,1069,666,655,62.3,47.18,17.56,10.53,23.82
95018,Argenteuil,22,5,1097,623,602,56.79,57.14,12.46,6.98,22.59
95018,Argenteuil,23,5,1172,761,741,64.93,46.56,16.6,12.01,24.83
95018,Argenteuil,24,5,1053,646,631,61.35,53.72,17.43,9.03,19.49
95018,Argenteuil,25,5,1050,697,680,66.38,50.0,16.91,9.71,23.09
95018,Argenteuil,26,5,1167,762,749,65.3,41.26,18.02,9.08,31.24
95018,Argenteuil,27,5,1124,761,752,67.7,38.83,18.09,13.96,28.86
95018,Argenteuil,28,5,1391,727,705,52.26,69.93,6.95,7.94,14.04
95018,Argenteuil,29,5,1133,638,621,56.31,73.27,7.25,8.86,8.53
95018,Argenteuil,30,5,978,560,540,57.26,71.67,8.33,7.41,11.67
95018,Argenteuil,31,5,1099,595,577,54.14,70.54,7.63,5.55,14.38
95018,Argenteuil,32,5,1174,663,644,56.47,75.47,5.75,5.43,12.73
95018,Argenteuil,33,5,1385,747,729,53.94,75.58,7.27,5.08,10.7
95018,Argenteuil,34,5,1118,646,637,57.78,58.87,13.97,9.73,16.95
95018,Argenteuil,35,5,1156,630,617,54.5,73.1,8.27,5.51,11.99
95018,Argenteuil,36,5,925,542,536,58.59,69.03,10.26,6.16,13.99
95018,Argenteuil,37,5,1129,659,643,58.37,59.56,13.84,9.49,16.33
95018,Argenteuil,38,5,1208,664,647,54.97,74.65,8.96,5.56,10.05
95018,Argenteuil,39,5,881,537,525,60.95,65.9,10.48,6.67,16.0
95018,Argenteuil,40,5,954,554,540,58.07,60.74,13.15,9.26,16.85
95018,Argenteuil,41,5,1418,774,754,54.58,69.1,8.89,5.84,15.38
95018,Argenteuil,42,5,1172,639,633,54.52,61.93,13.43,7.42,16.59
95018,Argenteuil,43,5,1067,638,627,59.79,59.33,14.19,7.81,18.18
95018,Argenteuil,44,5,1001,585,570,58.44,65.44,13.68,6.84,13.51
95018,Argenteuil,45,5,1371,789,773,57.55,64.42,11.0,7.5,15.65
95018,Argenteuil,46,5,1067,622,607,58.29,64.74,12.03,7.91,14.33
95018,Argenteuil,47,5,1238,755,735,60.99,62.72,10.61,7.89,18.5
95018,Argenteuil,48,5,1290,810,791,62.79,58.79,11.76,9.48,19.6
95018,Argenteuil,49,5,1332,790,780,59.31,60.13,13.21,9.1,17.56
95018,Argenteuil,50,5,1048,630,611,60.11,59.25,13.91,10.15,16.04
95019,Arnouville,1,8,1020,601,587,58.92,39.69,16.52,9.71,34.07
95019,Arnouville,2,8,962,573,558,59.56,45.88,12.9,7.71,33.51
95019,Arnouville,3,8,1293,782,754,60.48,40.05,12.2,6.63,41.11
95019,Arnouville,4,8,1137,628,613,55.23,49.59,14.19,5.38,30.83
95019,Arnouville,5,8,1074,635,619,59.12,40.39,13.73,8.08,37.8
95019,Arnouville,6,8,1140,670,654,58.77,41.44,15.75,8.1,34.71
95019,Arnouville,7,8,1235,752,726,60.89,41.74,17.77,7.44,33.06
95023,Arronville,1,1,461,355,347,77.01,15.85,30.55,8.65,44.96
95024,Arthies,1,1,192,136,134,70.83,19.4,23.13,4.48,52.99
95026,Asnières-sur-Oise,1,2,858,613,597,71.45,25.29,25.46,5.7,40.54
95026,Asnières-sur-Oise,2,2,673,517,505,76.82,25.94,22.77,5.35,42.38
95026,Asnières-sur-Oise,3,2,599,430,419,71.79,25.06,20.76,3.82,47.02
95028,Attainville,1,7,1217,872,852,71.65,25.23,23.24,8.1,43.43
95039,Auvers-sur-Oise,1,1,1107,808,790,72.99,31.39,30.38,5.57,32.66
95039,Auvers-sur-Oise,2,1,1121,816,791,72.79,34.39,27.05,5.06,33.5
95039,Auvers-sur-Oise,3,1,864,642,631,74.31,28.84,30.9,7.13,33.12
95039,Auvers-sur-Oise,4,1,936,641,624,68.48,30.61,25.64,6.89,36.86
95039,Auvers-sur-Oise,5,1,641,471,462,73.48,33.55,30.3,7.14,29.0
95039,Auvers-sur-Oise,6,1,571,413,408,72.33,28.68,31.37,6.86,33.09
95040,Avernes,1,1,671,527,509,78.54,19.45,35.17,8.25,37.13
95042,Baillet-en-France,1,2,1546,1065,1028,68.89,26.95,26.65,5.54,38.52
95046,Banthelu,1,1,104,79,78,75.96,24.36,26.92,2.56,46.15
95051,Beauchamp,1,3,700,489,484,69.86,31.4,26.65,8.26,31.82
95051,Beauchamp,2,3,797,566,555,71.02,29.37,29.19,7.57,32.25
95051,Beauchamp,3,3,808,576,564,71.29,29.26,31.38,7.27,30.85
95051,Beauchamp,4,3,648,452,448,69.75,24.33,33.71,11.16,30.13
95051,Beauchamp,5,3,851,565,548,66.39,34.85,25.73,6.2,30.84
95051,Beauchamp,6,3,776,506,492,65.21,35.37,24.59,7.32,31.71
95051,Beauchamp,7,3,881,608,586,69.01,32.08,29.18,7.17,29.52
95051,Beauchamp,8,3,809,575,571,71.08,30.82,26.27,9.81,31.35
95052,Beaumont-sur-Oise,1,1,1159,684,667,59.02,41.68,18.14,3.75,36.43
95052,Beaumont-sur-Oise,2,1,1224,794,772,64.87,36.01,23.7,5.31,34.97
95052,Beaumont-sur-Oise,3,1,1068,698,683,65.36,39.09,18.89,4.83,37.19
95052,Beaumont-sur-Oise,4,1,1004,622,606,61.95,45.38,18.15,3.47,33.0
95052,Beaumont-sur-Oise,5,1,1270,734,716,57.8,50.56,17.74,2.51,29.19
95054,Le Bellay-en-Vexin,1,1,149,119,113,79.87,28.32,23.01,4.42,44.25
95055,Bellefontaine,1,9,263,179,175,68.06,24.57,15.43,17.71,42.29
95056,Belloy-en-France,1,2,1404,967,942,68.87,24.63,20.17,5.31,46.6
95058,Bernes-sur-Oise,1,1,849,593,578,69.85,35.29,19.2,5.88,39.62
95058,Bernes-sur-Oise,2,1,864,542,522,62.73,34.48,17.05,6.32,42.15
95059,Berville,1,1,272,199,189,73.16,23.28,26.46,8.99,41.27
95060,Bessancourt,1,3,1044,735,727,70.4,30.95,27.1,6.19,33.29
95060,Bessancourt,2,3,896,617,603,68.86,27.86,27.69,8.46,33.17
95060,Bessancourt,3,3,889,500,488,56.24,42.01,19.47,4.3,33.4
95060,Bessancourt,4,3,837,602,594,71.92,32.66,23.57,7.58,33.5
95060,Bessancourt,5,3,896,578,565,64.51,35.4,24.42,5.49,33.45
95060,Bessancourt,6,3,835,580,571,69.46,40.28,15.76,7.18,35.2
95061,Béthemont-la-Forêt,1,3,338,256,252,75.74,26.98,25.0,6.35,40.48
95063,Bezons,1,5,1335,861,845,64.49,66.51,14.32,2.84,16.21
95063,Bezons,2,5,997,593,584,59.48,61.3,15.92,3.25,18.49
95063,Bezons,3,5,859,525,511,61.12,60.47,18.79,3.33,17.42
95063,Bezons,4,5,879,605,592,68.83,42.23,23.65,5.24,28.55
95063,Bezons,5,5,808,489,474,60.52,66.03,11.18,4.85,16.67
95063,Bezons,6,5,1105,684,661,61.9,57.94,15.43,4.84,20.73
95063,Bezons,7,5,863,537,528,62.22,45.64,21.97,3.98,28.03
95063,Bezons,8,5,850,557,531,65.53,43.69,19.21,5.27,31.64
95063,Bezons,9,5,924,515,503,55.74,64.02,12.13,3.18,19.88
95063,Bezons,10,5,945,548,532,57.99,52.63,15.98,5.64,25.0
95063,Bezons,11,5,925,516,506,55.78,65.61,12.45,3.75,17.98
95063,Bezons,12,5,1265,798,773,63.08,58.34,14.1,4.92,21.86
95063,Bezons,13,5,972,565,545,58.13,56.15,12.11,5.32,25.69
95063,Bezons,14,5,981,626,615,63.81,63.25,15.45,3.25,17.4
95063,Bezons,15,5,935,565,557,60.43,61.04,15.62,2.69,20.29
95063,Bezons,16,5,908,561,541,61.78,56.01,17.93,4.44,20.7
95063,Bezons,17,5,927,531,523,57.28,67.11,12.43,2.49,17.4
95074,Boisemont,1,10,628,463,452,73.73,23.01,27.43,16.37,33.19
95078,Boissy-l'Aillerie,1,10,1374,987,964,71.83,29.67,24.27,12.97,33.09
95088,Bonneuil-en-France,1,8,572,356,344,62.24,49.71,5.23,6.1,38.95
95091,Bouffémont,1,7,918,599,588,65.25,45.58,19.22,5.61,29.59
95091,Bouffémont,2,7,966,584,559,60.46,58.14,16.1,4.11,21.65
95091,Bouffémont,3,7,644,496,485,77.02,32.78,36.7,4.12,26.39
95091,Bouffémont,4,7,949,635,618,66.91,49.35,19.26,5.34,26.05
95091,Bouffémont,5,7,825,619,607,75.03,39.21,23.72,8.24,28.83
95094,Bouqueval,1,9,196,135,132,68.88,19.7,13.64,12.12,54.55
95101,Bray-et-Lû,1,1,617,451,439,73.1,25.74,18.45,3.42,52.39
95102,Bréançon,1,1,326,238,235,73.01,13.62,32.34,11.91,42.13
95110,Brignancourt,1,1,192,147,143,76.56,23.08,25.87,7.69,43.36
95116,Bruyères-sur-Oise,1,1,947,560,541,59.13,43.99,12.94,3.88,39.19
95116,Bruyères-sur-Oise,2,1,908,550,528,60.57,37.88,15.72,4.92,41.48
95116,Bruyères-sur-Oise,3,1,1079,700,676,64.87,42.46,13.91,4.29,39.35
95119,Buhy,1,1,221,163,158,73.76,13.29,31.01,6.33,49.37
95120,Butry-sur-Oise,1,1,733,526,516,71.76,27.52,32.17,7.95,32.36
95120,Butry-sur-Oise,2,1,955,659,640,69.01,32.03,21.56,4.69,41.72
95127,Cergy,1,10,960,488,480,50.83,70.62,12.29,5.21,11.88
95127,Cergy,2,10,712,397,391,55.76,59.08,19.95,7.93,13.04
95127,Cergy,3,10,853,488,472,57.21,65.89,13.35,5.51,15.25
95127,Cergy,4,10,536,302,294,56.34,67.69,12.24,5.78,14.29
95127,Cergy,5,10,1161,680,660,58.57,54.24,17.12,11.52,17.12
95127,Cergy,6,10,883,520,503,58.89,67.0,14.31,5.57,13.12
95127,Cergy,7,10,1004,583,570,58.07,57.72,19.12,7.37,15.79
95127,Cergy,8,10,1008,633,622,62.8,53.05,20.74,7.72,18.49
95127,Cergy,9,10,1007,689,677,68.42,47.42,29.69,7.39,15.51
95127,Cergy,10,10,910,675,662,74.18,37.46,37.01,12.08,13.44
95127,Cergy,11,10,854,566,550,66.28,52.18,23.09,8.73,16.0
95127,Cergy,12,10,992,580,576,58.47,76.74,8.68,4.17,10.42
95127,Cergy,13,10,1020,668,656,65.49,54.42,16.46,8.69,20.43
95127,Cergy,14,10,767,477,467,62.19,51.61,19.06,11.78,17.56
95127,Cergy,15,10,757,435,423,57.46,63.83,15.13,5.67,15.37
95127,Cergy,16,10,849,503,495,59.25,61.82,13.33,5.25,19.6
95127,Cergy,17,10,674,476,470,70.62,57.02,14.68,11.06,17.23
95127,Cergy,18,2,766,548,539,71.54,44.9,28.2,4.08,20.59
95127,Cergy,19,2,814,609,602,74.82,34.22,33.06,7.81,22.76
95127,Cergy,20,2,1034,712,700,68.86,49.43,24.0,5.71,19.57
95127,Cergy,21,2,1021,635,615,62.19,61.95,14.15,4.72,17.72
95127,Cergy,22,2,658,411,403,62.46,66.25,13.9,4.22,13.4
95127,Cergy,23,2,749,443,429,59.15,65.27,14.22,3.5,15.85
95127,Cergy,24,2,877,513,500,58.49,67.6,14.4,2.6,13.2
95127,Cergy,25,2,389,287,272,73.78,55.51,16.91,7.35,20.22
95127,Cergy,26,2,1161,742,726,63.91,55.65,23.14,3.44,15.15
95127,Cergy,27,2,805,561,551,69.69,51.18,24.68,4.54,16.15
95127,Cergy,28,10,969,622,607,64.19,54.7,17.63,8.73,18.95
95127,Cergy,29,10,904,497,483,54.98,69.36,13.25,4.35,13.04
95127,Cergy,30,10,926,555,549,59.94,60.11,15.3,7.47,17.12
95127,Cergy,31,2,819,573,567,69.96,51.32,24.34,6.53,15.34
95127,Cergy,32,10,777,474,463,61.0,65.23,12.96,6.48,15.33
95127,Cergy,33,10,1038,607,595,58.48,58.66,16.97,8.91,15.46
95127,Cergy,34,10,910,575,562,63.19,53.2,22.6,7.3,16.9
95127,Cergy,35,10,968,630,614,65.08,56.35,17.59,8.63,17.43
95134,Champagne-sur-Oise,1,1,864,602,583,69.68,22.47,34.13,6.86,36.54
95134,Champagne-sur-Oise,2,1,938,620,597,66.1,29.31,25.8,7.37,37.52
95134,Champagne-sur-Oise,3,1,923,572,556,61.97,34.35,18.35,5.22,42.09
95134,Champagne-sur-Oise,4,1,994,654,633,65.79,31.28,25.12,6.64,36.97
95139,La Chapelle-en-Vexin,1,1,227,158,153,69.6,16.99,26.8,9.15,47.06
95141,Charmont,1,1,27,18,16,66.67,12.5,43.75,6.25,37.5
95142,Chars,1,1,1184,872,836,73.65,27.51,21.65,6.22,44.62
95144,Châtenay-en-France,1,9,51,40,39,78.43,10.26,33.33,25.64,30.77
95149,Chaumontel,1,9,1324,937,918,70.77,23.64,22.66,11.11,42.59
95149,Chaumontel,2,9,1306,881,856,67.46,20.09,21.26,12.27,46.38
95150,Chaussy,1,1,475,345,339,72.63,27.73,28.61,7.67,35.99
95151,Chauvry,1,3,220,166,163,75.45,28.83,19.63,11.04,36.81
95154,Chennevières-lès-Louvres,1,9,204,154,152,75.49,29.61,6.58,20.39,43.42
95157,Chérence,1,1,148,125,120,84.46,19.17,39.17,5.83,35.83
95166,Cléry-en-Vexin,1,1,331,229,225,69.18,21.78,26.67,4.89,46.67
95169,Commeny,1,1,474,337,331,71.1,19.94,30.51,6.95,42.6
95170,Condécourt,1,1,382,307,299,80.37,22.74,24.75,8.36,44.15
95176,Cormeilles-en-Parisis,1,3,806,549,542,68.11,39.67,25.28,8.12,25.09
95176,Cormeilles-en-Parisis,2,3,989,707,694,71.49,31.7,31.12,7.78,27.23
95176,Cormeilles-en-Parisis,3,3,976,611,596,62.6,43.12,21.14,5.37,29.7
95176,Cormeilles-en-Parisis,4,3,902,612,593,67.85,37.77,26.14,9.95,25.3
95176,Cormeilles-en-Parisis,5,3,908,647,635,71.26,32.13,28.66,10.87,27.56
95176,Cormeilles-en-Parisis,6,3,1071,758,740,70.77,31.89,24.59,9.73,31.22
95176,Cormeilles-en-Parisis,7,3,843,570,556,67.62,37.77,26.08,10.07,24.1
95176,Cormeilles-en-Parisis,8,3,958,647,629,67.54,33.55,28.93,8.74,27.19
95176,Cormeilles-en-Parisis,9,3,988,715,696,72.37,27.73,26.72,9.2,34.48
95176,Cormeilles-en-Parisis,10,3,981,699,690,71.25,33.77,33.04,8.84,23.91
95176,Cormeilles-en-Parisis,11,3,943,713,702,75.61,34.9,27.21,11.4,24.64
95176,Cormeilles-en-Parisis,12,3,934,601,591,64.35,44.84,23.86,8.63,20.47
95176,Cormeilles-en-Parisis,13,3,936,638,629,68.16,32.11,22.89,10.17,33.55
95176,Cormeilles-en-Parisis,14,3,848,586,580,69.1,31.38,31.38,11.21,24.31
95176,Cormeilles-en-Parisis,15,3,1179,852,839,72.26,42.55,21.22,9.18,25.98
95176,Cormeilles-en-Parisis,16,3,1036,695,688,67.08,41.86,20.78,10.47,25.15
95176,Cormeilles-en-Parisis,17,3,938,586,576,62.47,32.47,26.22,7.64,31.6
95176,Cormeilles-en-Parisis,18,,946,669,661,70.72,36.01,26.02,8.62,27.84
95177,Cormeilles-en-Vexin,1,1,901,638,618,70.81,20.39,23.3,6.31,50.0
95181,Courcelles-sur-Viosne,1,1,230,179,177,77.83,19.77,35.59,10.73,33.9
95183,Courdimanche,1,10,897,645,629,71.91,33.07,28.46,7.63,30.84
95183,Courdimanche,2,10,977,638,623,65.3,43.02,28.09,9.31,19.58
95183,Courdimanche,3,10,944,585,572,61.97,46.5,19.58,8.39,25.52
95183,Courdimanche,4,10,855,631,618,73.8,26.38,34.63,12.14,26.86
95183,Courdimanche,5,10,908,586,568,64.54,47.01,22.01,9.86,21.13
95197,Deuil-la-Barre,1,6,984,663,652,67.38,35.43,32.52,4.29,25.31
95197,Deuil-la-Barre,2,6,934,689,671,73.77,37.11,32.49,6.26,23.1
95197,Deuil-la-Barre,3,6,899,554,547,61.62,34.37,32.18,8.04,22.3
95197,Deuil-la-Barre,4,6,925,633,627,68.43,37.48,34.45,5.9,20.26
95197,Deuil-la-Barre,5,6,926,634,629,68.47,42.29,29.09,5.88,19.24
95197,Deuil-la-Barre,6,6,1055,733,724,69.48,34.39,29.97,5.25,28.59
95197,Deuil-la-Barre,7,6,699,464,456,66.38,39.47,32.68,5.26,20.18
95197,Deuil-la-Barre,8,6,970,667,659,68.76,34.9,32.63,7.89,22.91
95197,Deuil-la-Barre,9,6,817,490,482,59.98,45.44,22.82,4.56,25.31
95197,Deuil-la-Barre,10,6,947,568,561,59.98,55.79,20.68,3.92,16.4
95197,Deuil-la-Barre,11,6,1035,563,555,54.4,58.56,20.9,2.7,15.86
95197,Deuil-la-Barre,12,6,896,581,565,64.84,37.7,27.08,5.84,27.26
95197,Deuil-la-Barre,13,6,1117,758,741,67.86,34.01,31.31,7.96,24.29
95197,Deuil-la-Barre,14,6,988,678,666,68.62,41.89,26.43,7.81,20.27
95197,Deuil-la-Barre,15,6,804,553,545,68.78,32.29,33.76,7.34,25.14
95197,Deuil-la-Barre,16,6,704,433,425,61.51,58.35,22.59,4.24,13.88
95199,Domont,1,7,958,672,654,70.15,35.47,27.68,10.86,25.99
95199,Domont,2,7,1162,717,693,61.7,42.71,21.07,8.23,27.99
95199,Domont,3,7,780,554,537,71.03,34.26,22.91,8.19,34.64
95199,Domont,4,7,1087,750,731,69.0,25.31,26.68,10.81,37.21
95199,Domont,5,7,843,631,623,74.85,37.24,21.99,9.15,31.62
95199,Domont,6,7,1346,943,923,70.06,38.03,24.59,8.23,29.14
95199,Domont,7,7,1483,930,896,62.71,44.75,18.64,7.14,29.46
95199,Domont,8,7,734,508,500,69.21,37.4,30.2,7.8,24.6
95199,Domont,9,7,757,568,559,75.03,29.87,26.12,11.27,32.74
95199,Domont,10,7,984,601,576,61.08,38.37,16.84,6.77,38.02
95203,Eaubonne,1,4,1335,947,930,70.94,37.74,31.94,7.42,22.9
95203,Eaubonne,2,4,1048,754,735,71.95,40.95,32.11,5.85,21.09
95203,Eaubonne,3,4,1285,976,963,75.95,34.37,35.72,5.92,23.99
95203,Eaubonne,4,4,1210,913,898,75.45,40.09,31.96,6.46,21.49
95203,Eaubonne,5,4,1260,997,982,79.13,32.99,37.17,8.45,21.28
95203,Eaubonne,6,4,1203,862,842,71.65,41.81,26.84,7.6,23.75
95203,Eaubonne,7,4,1055,665,649,63.03,50.54,19.72,5.24,24.5
95203,Eaubonne,8,4,993,725,715,73.01,37.2,28.95,8.67,25.03
95203,Eaubonne,9,4,1425,889,863,62.39,48.09,17.73,5.91,28.27
95203,Eaubonne,10,4,1188,747,739,62.88,41.14,24.76,5.28,28.82
95203,Eaubonne,11,4,1048,697,679,66.51,41.09,27.54,8.1,23.27
95203,Eaubonne,12,4,1305,913,897,69.96,38.57,28.54,5.91,26.98
95203,Eaubonne,13,4,912,682,669,74.78,41.41,37.52,5.08,15.99
95203,Eaubonne,14,4,905,624,608,68.95,40.13,26.64,5.76,27.47
95205,Ecouen,1,7,1471,913,890,62.07,42.58,18.31,6.4,32.7
95205,Ecouen,2,7,925,600,579,64.86,40.41,23.14,8.46,27.98
95205,Ecouen,3,7,1349,839,812,62.19,46.67,18.23,3.08,32.02
95205,Ecouen,4,7,1085,765,744,70.51,38.58,24.6,6.18,30.65
95210,Enghien-les-Bains,1,6,855,609,601,71.23,24.46,34.61,9.32,30.62
95210,Enghien-les-Bains,2,6,909,683,679,75.14,36.23,29.75,8.1,23.12
95210,Enghien-les-Bains,3,6,989,734,722,74.22,36.7,32.27,6.51,21.88
95210,Enghien-les-Bains,4,6,901,694,679,77.03,30.34,41.09,9.28,17.38
95210,Enghien-les-Bains,5,6,918,687,674,74.84,28.19,35.76,9.05,25.07
95210,Enghien-les-Bains,6,6,862,645,635,74.83,21.26,43.31,9.92,24.25
95210,Enghien-les-Bains,7,6,928,693,682,74.68,35.34,37.1,6.74,18.18
95210,Enghien-les-Bains,8,6,653,482,475,73.81,23.79,33.47,14.74,26.95
95210,Enghien-les-Bains,9,6,684,502,499,73.39,21.44,46.69,8.82,21.24
95211,Ennery,1,1,754,555,543,73.61,18.78,34.81,11.79,34.62
95211,Ennery,2,1,831,601,574,72.32,19.86,32.06,8.54,39.55
95212,Epiais-lès-Louvres,1,9,87,63,62,72.41,37.1,8.06,17.74,37.1
95213,Epiais-Rhus,1,1,549,412,405,75.05,23.46,30.37,5.93,40.25
95214,Epinay-Champlâtreux,1,9,32,19,19,59.38,10.53,5.26,47.37,36.84
95218,Eragny,1,2,1020,705,696,69.12,32.9,27.3,12.36,25.0
95218,Eragny,2,2,939,638,621,67.94,35.1,24.48,10.14,26.57
95218,Eragny,3,2,1104,689,678,62.41,42.77,25.52,6.19,22.71
95218,Eragny,4,2,1453,772,743,53.13,52.89,16.69,4.44,23.69
95218,Eragny,5,2,1143,727,710,63.6,36.9,22.54,6.06,31.55
95218,Eragny,6,2,1227,804,785,65.53,26.62,30.96,8.54,30.83
95218,Eragny,7,2,1206,703,679,58.29,43.89,18.7,6.04,27.39
95218,Eragny,8,2,1247,869,845,69.69,30.18,32.78,6.86,27.34
95218,Eragny,9,2,1168,694,682,59.42,44.13,20.82,6.89,25.22
95218,Eragny,10,2,1001,619,604,61.84,41.72,22.52,7.28,25.5
95219,Ermont,1,4,745,469,459,62.95,40.74,27.02,5.23,27.02
95219,Ermont,2,4,1129,760,746,67.32,36.86,31.1,3.89,28.02
95219,Ermont,3,4,801,546,537,68.16,41.9,31.28,3.54,23.28
95219,Ermont,4,4,1018,729,716,71.61,42.46,31.28,7.54,18.72
95219,Ermont,5,4,770,581,575,75.45,34.61,39.3,4.7,21.22
95219,Ermont,6,4,817,563,558,68.91,43.01,32.08,4.3,20.43
95219,Ermont,7,4,866,643,635,74.25,37.48,37.64,5.51,19.37
95219,Ermont,8,4,811,597,589,73.61,32.09,36.33,7.81,23.43
95219,Ermont,9,4,1063,646,628,60.77,57.17,17.68,3.18,21.82
95219,Ermont,10,4,1014,595,581,58.68,49.05,23.24,3.61,23.92
95219,Ermont,11,4,930,614,602,66.02,40.86,27.57,6.98,24.09
95219,Ermont,12,4,1119,842,831,75.25,40.07,32.97,6.86,19.86
95219,Ermont,13,4,949,515,502,54.27,61.55,14.94,4.18,18.92
95219,Ermont,14,4,843,465,455,55.16,61.76,19.78,3.3,15.16
95219,Ermont,15,4,1090,725,713,66.51,42.22,32.54,3.79,21.46
95219,Ermont,16,4,888,664,651,74.77,34.25,38.1,5.22,22.27
95219,Ermont,17,4,1009,519,511,51.44,63.99,16.83,3.52,15.46
95219,Ermont,18,4,1008,573,556,56.85,53.24,20.86,4.86,21.04
95219,Ermont,19,4,881,619,613,70.26,39.8,32.63,3.92,23.65
95219,Ermont,20,4,865,663,657,76.65,39.12,35.16,5.48,19.63
95229,Ezanville,1,7,1069,775,756,72.5,39.29,24.74,5.42,30.56
95229,Ezanville,2,7,1073,589,569,54.89,52.02,14.59,6.15,27.24
95229,Ezanville,3,7,883,634,618,71.8,38.03,21.68,7.93,32.36
95229,Ezanville,4,7,1034,733,713,70.89,33.66,29.31,7.99,29.03
95229,Ezanville,5,7,892,604,581,67.71,44.92,20.83,7.57,26.68
95229,Ezanville,6,7,1021,705,693,69.05,34.05,26.12,9.96,29.87
95241,Fontenay-en-Parisis,1,9,1217,858,842,70.5,32.54,13.3,14.13,40.02
95250,Fosses,1,9,1083,667,656,61.59,50.76,12.8,9.91,26.52
95250,Fosses,2,9,1123,686,668,61.09,54.19,10.18,7.34,28.29
95250,Fosses,3,9,1047,676,658,64.57,46.96,14.89,11.09,27.05
95250,Fosses,4,9,882,566,554,64.17,50.54,15.34,11.55,22.56
95250,Fosses,5,9,499,347,342,69.54,34.8,15.2,12.57,37.43
95250,Fosses,6,9,991,609,597,61.45,44.22,13.74,11.39,30.65
95250,Fosses,7,9,867,561,553,64.71,38.16,16.64,12.84,32.37
95252,Franconville,1,4,883,570,555,64.55,45.95,18.56,6.67,28.47
95252,Franconville,2,4,698,394,376,56.45,46.81,20.74,5.85,26.06
95252,Franconville,3,4,1102,690,675,62.61,43.56,19.7,5.33,31.41
95252,Franconville,4,4,950,466,454,49.05,65.86,12.11,2.86,19.16
95252,Franconville,5,4,878,462,453,52.62,53.64,15.89,2.87,27.15
95252,Franconville,6,4,1038,580,567,55.88,54.85,15.17,5.29,24.34
95252,Franconville,7,4,973,673,655,69.17,34.5,29.62,6.72,29.16
95252,Franconville,8,4,1192,861,854,72.23,38.17,29.51,9.72,22.6
95252,Franconville,9,4,1222,860,837,70.38,39.19,26.52,6.45,27.84
95252,Franconville,10,4,1079,692,678,64.13,42.63,24.34,5.75,27.29
95252,Franconville,11,4,961,593,585,61.71,44.62,21.88,6.32,27.18
95252,Franconville,12,4,955,585,569,61.26,45.87,25.66,7.03,21.44
95252,Franconville,13,4,866,464,447,53.58,55.26,17.45,3.13,24.16
95252,Franconville,14,4,946,574,564,60.68,42.55,20.04,5.67,31.74
95252,Franconville,15,4,1243,839,822,67.5,33.33,24.82,8.03,33.7
95252,Franconville,16,4,980,674,659,68.78,43.7,20.03,6.83,29.14
95252,Franconville,17,4,1150,720,712,62.61,45.79,22.33,5.62,26.12
95252,Franconville,18,4,926,655,643,70.73,31.26,33.13,6.69,28.62
95252,Franconville,19,4,1106,753,741,68.08,34.01,27.8,7.96,30.23
95252,Franconville,20,4,972,626,618,64.4,41.42,21.36,5.18,32.04
95252,Franconville,21,4,1053,626,612,59.45,47.55,18.79,6.86,26.63
95252,Franconville,22,4,886,567,557,64.0,45.42,22.44,5.57,26.39
95253,Frémainville,1,1,368,261,257,70.92,26.07,29.96,5.45,38.52
95254,Frémécourt,1,1,429,317,311,73.89,24.12,21.54,8.36,45.98
95256,Frépillon,1,3,1056,758,741,71.78,29.96,20.38,6.88,41.84
95256,Frépillon,2,3,1093,822,802,75.21,29.8,24.94,5.36,38.28
95257,La Frette-sur-Seine,1,3,1152,814,803,70.66,34.5,28.52,9.46,26.4
95257,La Frette-sur-Seine,2,3,1233,911,898,73.88,29.73,30.29,8.02,30.4
95257,La Frette-sur-Seine,3,3,809,576,563,71.2,33.04,24.33,13.14,28.42
95258,Frouville,1,1,295,222,219,75.25,21.92,37.44,10.96,29.68
95268,Garges-lès-Gonesse,1,8,868,418,399,48.16,55.14,24.56,5.01,15.29
95268,Garges-lès-Gonesse,2,8,739,349,332,47.23,58.13,15.36,9.34,17.17
95268,Garges-lès-Gonesse,3,8,968,537,518,55.48,69.69,13.9,4.63,11.78
95268,Garges-lès-Gonesse,4,8,873,438,425,50.17,65.65,17.88,4.0,12.47
95268,Garges-lès-Gonesse,5,8,1721,902,882,52.41,66.89,17.01,4.42,11.68
95268,Garges-lès-Gonesse,6,8,940,468,442,49.79,60.63,14.93,7.01,17.42
95268,Garges-lès-Gonesse,7,8,717,375,363,52.3,72.18,12.67,6.06,9.09
95268,Garges-lès-Gonesse,8,8,1024,552,529,53.91,62.57,22.31,6.62,8.51
95268,Garges-lès-Gonesse,9,8,978,557,531,56.95,61.21,18.27,4.33,16.2
95268,Garges-lès-Gonesse,10,8,945,570,544,60.32,56.99,23.35,4.6,15.07
95268,Garges-lès-Gonesse,11,8,1019,606,576,59.47,55.03,21.7,5.56,17.71
95268,Garges-lès-Gonesse,12,8,922,538,505,58.35,49.5,21.58,4.36,24.55
95268,Garges-lès-Gonesse,13,8,1072,576,562,53.73,75.44,14.95,2.49,7.12
95268,Garges-lès-Gonesse,14,8,957,540,522,56.43,73.18,12.64,3.45,10.73
95268,Garges-lès-Gonesse,15,8,988,488,469,49.39,65.67,16.63,8.32,9.38
95268,Garges-lès-Gonesse,16,8,913,463,441,50.71,58.28,21.09,8.16,12.47
95268,Garges-lès-Gonesse,17,8,924,523,500,56.6,56.0,20.6,5.0,18.4
95268,Garges-lès-Gonesse,18,,689,379,363,55.01,60.33,19.28,9.64,10.74
95268,Garges-lès-Gonesse,19,,875,520,496,59.43,55.65,22.58,5.44,16.33
95268,Garges-lès-Gonesse,20,,972,512,498,52.67,60.64,16.47,4.82,18.07
95270,Genainville,1,1,423,325,320,76.83,19.38,27.5,5.31,47.81
95271,Génicourt,1,1,379,296,289,78.1,17.3,30.8,11.76,40.14
95277,Gonesse,1,9,664,397,391,59.79,49.87,13.55,8.7,27.62
95277,Gonesse,2,9,1107,637,619,57.54,48.47,12.92,10.02,27.46
95277,Gonesse,3,9,1162,665,646,57.23,43.5,16.72,9.29,30.19
95277,Gonesse,4,9,890,447,435,50.22,51.72,11.72,8.51,25.52
95277,Gonesse,5,9,979,597,590,60.98,46.1,14.41,8.14,31.19
95277,Gonesse,6,9,880,518,506,58.86,46.25,13.24,6.92,33.0
95277,Gonesse,7,9,1181,628,615,53.18,50.89,13.33,6.99,28.46
95277,Gonesse,8,9,998,487,468,48.8,67.95,9.62,5.56,15.17
95277,Gonesse,9,9,1054,556,534,52.75,53.93,11.42,8.05,25.66
95277,Gonesse,10,9,1045,503,497,48.13,64.39,10.26,4.23,19.11
95277,Gonesse,11,9,703,388,381,55.19,45.41,19.16,9.45,25.2
95277,Gonesse,12,9,996,497,484,49.9,65.7,6.82,5.17,19.63
95277,Gonesse,13,9,762,448,433,58.79,49.88,15.47,6.7,27.02
95277,Gonesse,14,9,909,576,559,63.37,48.84,16.1,8.05,26.65
95277,Gonesse,15,9,767,479,466,62.45,36.7,25.32,9.66,27.47
95277,Gonesse,16,9,801,481,471,60.05,44.16,16.99,8.49,29.94
95280,Goussainville,1,9,671,366,363,54.55,42.98,11.29,9.09,36.09
95280,Goussainville,2,9,828,489,485,59.06,46.6,15.26,7.63,30.1
95280,Goussainville,3,9,884,479,470,54.19,51.49,13.4,8.09,25.96
95280,Goussainville,4,9,496,241,235,48.59,37.45,5.11,7.66,49.79
95280,Goussainville,5,9,890,430,419,48.31,76.61,6.44,5.25,11.69
95280,Goussainville,6,9,663,345,338,52.04,50.89,15.98,8.58,24.26
95280,Goussainville,7,9,907,454,443,50.06,66.14,8.35,3.61,20.54
95280,Goussainville,8,9,895,466,448,52.07,70.76,6.47,6.03,15.18
95280,Goussainville,9,9,885,501,489,56.61,53.37,8.79,8.18,29.04
95280,Goussainville,10,9,872,485,478,55.62,54.39,12.76,7.53,23.85
95280,Goussainville,11,9,901,460,450,51.05,54.22,10.44,8.22,26.67
95280,Goussainville,12,9,878,478,465,54.44,65.81,12.69,5.38,15.27
95280,Goussainville,13,9,731,402,389,54.99,49.1,12.85,9.0,28.53
95280,Goussainville,14,9,860,481,467,55.93,59.53,11.35,4.28,24.41
95280,Goussainville,15,9,816,433,422,53.06,43.6,12.56,8.53,34.12
95280,Goussainville,16,9,529,265,257,50.09,64.2,9.73,9.34,15.56
95280,Goussainville,17,9,885,478,467,54.01,56.96,15.2,5.78,20.34
95280,Goussainville,18,9,859,440,428,51.22,66.59,8.88,7.01,16.59
95280,Goussainville,19,9,681,361,351,53.01,63.53,8.55,7.41,20.51
95280,Goussainville,20,9,478,257,246,53.77,74.39,9.76,2.85,12.2
95280,Goussainville,21,9,571,325,317,56.92,61.51,13.56,6.94,15.46
95280,Goussainville,22,,556,288,280,51.8,80.36,7.5,3.21,8.21
95287,Grisy-les-Plâtres,1,1,537,406,396,75.61,14.14,38.89,6.06,40.91
95288,Groslay,1,7,1117,795,780,71.17,34.1,27.44,5.51,32.95
95288,Groslay,2,7,999,655,643,65.57,48.52,17.42,5.75,28.3
95288,Groslay,3,7,1005,594,583,59.1,42.37,15.78,8.92,32.93
95288,Groslay,4,7,899,656,638,72.97,36.05,28.37,7.84,27.74
95288,Groslay,5,7,1090,795,775,72.94,32.77,29.94,7.74,29.55
95295,Guiry-en-Vexin,1,1,116,102,99,87.93,16.16,40.4,7.07,36.36
95298,Haravilliers,1,1,455,340,331,74.73,18.43,28.4,6.04,47.13
95301,Haute-Isle,1,1,202,156,155,77.23,27.74,27.1,1.94,43.23
95303,Le Heaulme,1,1,160,130,125,81.25,20.8,23.2,8.8,47.2
95304,Hédouville,1,1,229,181,180,79.04,15.0,40.56,12.78,31.67
95306,Herblay-sur-Seine,1,3,833,504,495,60.5,37.37,20.4,9.49,31.31
95306,Herblay-sur-Seine,2,3,928,702,692,75.65,30.06,33.67,12.86,21.97
95306,Herblay-sur-Seine,3,3,887,627,615,70.69,28.78,30.08,10.57,28.94
95306,Herblay-sur-Seine,4,3,821,564,552,68.7,37.14,28.44,7.25,24.64
95306,Herblay-sur-Seine,5,3,980,721,714,73.57,34.73,32.07,7.98,23.39
95306,Herblay-sur-Seine,6,3,1031,608,594,58.97,37.04,16.16,7.74,38.38
95306,Herblay-sur-Seine,7,3,999,732,715,73.27,35.94,27.55,8.81,26.85
95306,Herblay-sur-Seine,8,3,805,577,567,71.68,38.8,23.81,8.64,26.81
95306,Herblay-sur-Seine,9,3,919,619,606,67.36,36.14,21.12,9.24,31.02
95306,Herblay-sur-Seine,10,3,1024,641,629,62.6,42.61,19.24,7.0,29.57
95306,Herblay-sur-Seine,11,3,953,667,652,69.99,30.06,23.47,11.81,32.98
95306,Herblay-sur-Seine,12,3,1154,761,748,65.94,37.17,16.31,7.75,36.63
95306,Herblay-sur-Seine,13,3,875,568,556,64.91,48.74,19.42,8.27,21.76
95306,Herblay-sur-Seine,14,3,943,677,665,71.79,34.14,22.56,10.38,30.83
95306,Herblay-sur-Seine,15,3,1178,879,858,74.62,32.63,26.57,9.79,29.95
95306,Herblay-sur-Seine,16,3,1130,753,734,66.64,42.92,17.44,7.08,30.11
95306,Herblay-sur-Seine,17,3,908,627,615,69.05,38.37,25.37,7.64,26.67
95306,Herblay-sur-Seine,18,3,993,578,558,58.21,60.22,17.2,6.27,14.87
95306,Herblay-sur-Seine,19,3,1103,764,754,69.27,37.8,27.32,8.49,24.4
95306,Herblay-sur-Seine,20,3,621,438,431,70.53,35.73,23.9,7.42,32.25
95306,Herblay-sur-Seine,21,3,1146,698,692,60.91,47.4,17.92,7.08,26.45
95308,Hérouville-en-Vexin,1,1,474,357,351,75.32,19.66,22.22,9.97,48.15
95309,Hodent,1,1,164,123,121,75.0,16.53,28.93,4.13,50.41
95313,L'Isle-Adam,1,2,981,721,704,73.5,20.03,32.53,12.07,33.95
95313,L'Isle-Adam,2,2,1015,721,701,71.03,21.54,27.39,9.7,38.52
95313,L'Isle-Adam,3,2,974,779,766,79.98,17.23,44.26,9.92,26.37
95313,L'Isle-Adam,4,2,893,649,638,72.68,16.61,38.4,10.66,31.03
95313,L'Isle-Adam,5,2,1014,689,678,67.95,26.7,26.99,6.49,37.17
95313,L'Isle-Adam,6,2,1014,760,747,74.95,18.61,35.48,10.17,33.33
95313,L'Isle-Adam,7,2,783,602,590,76.88,24.07,31.02,8.98,32.2
95313,L'Isle-Adam,8,2,1006,745,723,74.06,20.33,33.06,10.51,33.2
95313,L'Isle-Adam,9,2,745,494,485,66.31,20.0,36.49,8.45,32.78
95313,L'Isle-Adam,10,,461,245,239,53.15,38.08,20.08,2.51,37.24
95316,Jagny-sous-Bois,1,9,218,162,156,74.31,16.03,16.67,17.95,49.36
95323,Jouy-le-Moutier,1,10,1073,736,721,68.59,28.43,31.07,10.4,30.1
95323,Jouy-le-Moutier,2,10,1031,742,728,71.97,37.23,25.0,11.81,25.96
95323,Jouy-le-Moutier,3,10,1077,752,731,69.82,41.18,21.34,10.81,26.68
95323,Jouy-le-Moutier,4,10,1014,733,717,72.29,42.54,22.32,11.72,23.43
95323,Jouy-le-Moutier,5,10,990,630,613,63.64,55.3,17.62,6.69,20.39
95323,Jouy-le-Moutier,6,10,977,611,594,62.54,46.13,19.36,9.26,25.25
95323,Jouy-le-Moutier,7,10,957,639,628,66.77,38.22,20.86,11.62,29.3
95323,Jouy-le-Moutier,8,10,1051,662,651,62.99,46.24,19.35,9.52,24.88
95323,Jouy-le-Moutier,9,,1101,717,698,65.12,41.55,18.05,8.45,31.95
95323,Jouy-le-Moutier,10,,1056,734,717,69.51,47.98,21.2,9.07,21.76
95323,Jouy-le-Moutier,11,,1110,699,676,62.97,43.93,18.34,11.09,26.63
95328,Labbeville,1,1,401,297,288,74.06,19.44,27.43,21.18,31.94
95331,Lassy,1,9,120,77,76,64.17,17.11,21.05,15.79,46.05
95341,Livilliers,1,1,292,219,211,75.0,15.17,36.49,5.21,43.13
95348,Longuesse,1,1,416,326,316,78.37,23.42,30.7,10.76,35.13
95351,Louvres,1,9,785,439,427,55.92,40.28,14.05,12.18,33.49
95351,Louvres,2,9,931,516,505,55.42,37.23,15.05,13.66,34.06
95351,Louvres,3,9,844,520,514,61.61,32.68,15.18,13.42,38.72
95351,Louvres,4,9,866,518,500,59.82,47.2,15.4,11.6,25.8
95351,Louvres,5,9,935,545,524,58.29,52.48,12.79,9.16,25.57
95351,Louvres,6,9,832,485,466,58.29,45.28,13.95,13.73,27.04
95351,Louvres,7,9,699,468,455,66.95,37.14,16.26,14.07,32.53
95351,Louvres,8,,825,563,548,68.24,46.72,11.31,11.31,30.66
95352,Luzarches,1,9,1171,820,807,70.03,26.64,19.58,18.71,34.94
95352,Luzarches,2,9,1152,816,801,70.83,27.84,21.1,16.85,33.96
95352,Luzarches,3,9,1031,717,693,69.54,24.39,20.35,17.32,37.81
95353,Maffliers,1,2,1243,868,840,69.83,29.88,20.95,5.12,41.67
95355,Magny-en-Vexin,1,1,878,530,520,60.36,28.08,27.69,5.38,38.85
95355,Magny-en-Vexin,2,1,737,504,495,68.39,20.81,29.9,4.65,44.65
95355,Magny-en-Vexin,3,1,753,553,546,73.44,23.26,29.67,7.69,39.38
95355,Magny-en-Vexin,4,1,424,280,269,66.04,27.14,23.42,4.09,45.35
95355,Magny-en-Vexin,5,1,1037,637,618,61.43,27.67,19.9,5.02,47.41
95365,Mareil-en-France,1,9,464,303,295,65.3,24.07,17.97,10.85,47.12
95369,Margency,1,6,950,723,712,76.11,22.47,43.4,7.72,24.3
95369,Margency,2,6,1034,784,766,75.82,22.85,38.51,8.22,28.2
95370,Marines,1,1,863,607,588,70.34,26.87,25.0,4.93,43.2
95370,Marines,2,1,867,598,575,68.97,22.26,30.61,6.26,40.87
95370,Marines,3,1,768,470,460,61.2,28.04,22.39,8.48,41.09
95371,Marly-la-Ville,1,9,1299,831,800,63.97,34.5,12.5,13.12,39.88
95371,Marly-la-Ville,2,9,1018,731,711,71.81,26.16,24.89,17.02,31.93
95371,Marly-la-Ville,3,9,625,389,380,62.24,28.16,15.0,14.47,42.37
95371,Marly-la-Ville,4,9,1087,667,651,61.36,33.18,14.44,9.06,43.32
95379,Maudétour-en-Vexin,1,1,161,122,119,75.78,19.33,30.25,9.24,41.18
95387,Menouville,1,1,44,36,36,81.82,19.44,33.33,22.22,25.0
95388,Menucourt,1,10,966,673,652,69.67,27.15,29.14,6.13,37.58
95388,Menucourt,2,10,1011,670,653,66.27,31.85,18.07,10.57,39.51
95388,Menucourt,3,10,1178,880,848,74.7,30.31,23.82,9.32,36.56
95388,Menucourt,4,10,818,580,564,70.9,32.8,23.05,11.17,32.98
95392,Mériel,1,2,885,634,617,71.64,30.79,23.66,5.67,36.63
95392,Mériel,2,2,968,691,673,71.38,24.96,26.6,5.79,38.93
95392,Mériel,3,2,875,599,587,68.46,24.02,32.2,5.11,34.92
95392,Mériel,4,2,1015,658,644,64.83,32.14,24.22,4.97,35.71
95394,Méry-sur-Oise,1,2,968,649,639,67.05,27.86,23.63,8.76,37.09
95394,Méry-sur-Oise,2,2,959,612,596,63.82,27.85,23.83,7.55,38.76
95394,Méry-sur-Oise,3,2,1138,765,743,67.22,32.97,27.59,4.44,31.22
95394,Méry-sur-Oise,4,2,888,544,525,61.26,29.33,29.33,6.1,33.52
95394,Méry-sur-Oise,5,2,1012,665,651,65.71,33.95,23.2,5.68,33.33
95394,Méry-sur-Oise,6,2,764,549,539,71.86,29.13,27.64,7.98,33.02
95394,Méry-sur-Oise,7,2,858,557,538,64.92,30.3,26.58,5.02,34.39
95395,Le Mesnil-Aubry,1,7,630,466,461,73.97,22.56,17.35,9.76,50.33
95409,Moisselles,1,7,843,621,603,73.67,25.7,24.71,5.64,43.95
95422,Montgeroult,1,1,300,227,219,75.67,30.14,29.68,9.13,31.05
95424,Montigny-lès-Cormeilles,1,3,1015,647,633,63.74,39.18,25.59,6.64,26.07
95424,Montigny-lès-Cormeilles,2,3,1005,653,636,64.98,46.07,18.08,5.66,28.62
95424,Montigny-lès-Cormeilles,3,3,970,531,519,54.74,58.96,13.68,2.89,22.54
95424,Montigny-lès-Cormeilles,4,3,1056,666,647,63.07,44.98,17.62,5.72,30.45
95424,Montigny-lès-Cormeilles,5,3,1051,588,569,55.95,69.42,8.26,1.76,19.33
95424,Montigny-lès-Cormeilles,6,3,987,597,580,60.49,56.21,15.52,3.1,25.0
95424,Montigny-lès-Cormeilles,7,3,847,518,509,61.16,48.13,20.63,5.11,23.58
95424,Montigny-lès-Cormeilles,8,3,865,588,574,67.98,51.05,18.99,5.05,23.34
95424,Montigny-lès-Cormeilles,9,3,803,454,444,56.54,58.33,18.47,3.83,18.24
95424,Montigny-lès-Cormeilles,10,3,801,484,477,60.42,56.6,20.34,2.1,20.13
95424,Montigny-lès-Cormeilles,11,3,980,609,586,62.14,54.27,17.06,2.39,25.6
95424,Montigny-lès-Cormeilles,12,3,929,575,563,61.89,51.87,19.72,5.33,22.74
95424,Montigny-lès-Cormeilles,13,3,1003,608,588,60.62,59.52,14.12,3.4,21.6
95426,Montlignon,1,4,1340,989,970,73.81,25.26,34.74,7.11,32.89
95426,Montlignon,2,4,966,719,703,74.43,24.61,33.14,7.82,34.42
95427,Montmagny,1,6,1027,618,598,60.18,61.37,15.22,3.85,17.22
95427,Montmagny,2,6,1022,684,669,66.93,54.86,18.24,5.83,19.28
95427,Montmagny,3,6,606,332,327,54.79,57.8,14.37,5.81,20.49
95427,Montmagny,4,6,1093,661,650,60.48,53.23,20.62,4.31,18.46
95427,Montmagny,5,6,1260,776,768,61.59,56.9,17.71,4.56,19.4
95427,Montmagny,6,6,984,622,609,63.21,56.49,16.75,6.4,18.88
95427,Montmagny,7,6,922,617,609,66.92,48.6,22.99,5.75,20.2
95427,Montmagny,8,6,930,583,573,62.69,50.79,19.55,5.06,21.82
95428,Montmorency,1,7,1171,889,879,75.92,27.87,38.11,10.13,23.89
95428,Montmorency,2,7,1226,890,878,72.59,38.72,30.41,6.72,24.15
95428,Montmorency,3,7,1392,1027,1013,73.78,35.74,33.07,6.52,24.68
95428,Montmorency,4,7,1326,974,960,73.45,32.81,40.0,6.98,20.21
95428,Montmorency,5,7,1373,1047,1033,76.26,34.85,37.08,11.42,16.65
95428,Montmorency,6,7,1077,803,794,74.56,32.37,36.02,7.56,24.06
95428,Montmorency,7,7,1141,884,868,77.48,30.3,34.91,7.83,26.96
95428,Montmorency,8,7,1485,1041,1034,70.1,34.53,32.4,8.61,24.47
95428,Montmorency,9,7,1350,871,854,64.52,40.16,24.59,7.14,28.1
95428,Montmorency,10,7,981,589,577,60.04,56.67,12.13,3.47,27.73
95428,Montmorency,11,7,1086,764,750,70.35,36.13,26.93,6.67,30.27
95429,Montreuil-sur-Epte,1,1,326,229,220,70.25,23.64,26.36,8.18,41.82
95430,Montsoult,1,2,1363,963,936,70.65,27.03,28.1,5.98,35.04
95430,Montsoult,2,2,1283,891,872,69.45,33.94,20.76,4.01,38.53
95436,Mours,1,1,1152,821,805,71.27,28.07,27.33,6.09,38.51
95438,Moussy,1,1,99,81,74,81.82,28.38,21.62,9.46,40.54
95445,Nerville-la-Forêt,1,2,469,336,328,71.64,23.48,30.18,7.93,35.37
95446,Nesles-la-Vallée,1,1,1499,1093,1075,72.92,23.35,33.95,7.91,34.79
95447,Neuilly-en-Vexin,1,1,160,121,117,75.62,17.09,39.32,6.84,36.75
95450,Neuville-sur-Oise,1,2,1223,936,918,76.53,28.43,31.37,13.62,23.42
95452,Nointel,1,1,614,469,451,76.38,28.16,28.38,7.1,36.36
95456,Noisy-sur-Oise,1,2,417,305,302,73.14,20.2,28.48,3.64,44.7
95459,Nucourt,1,1,553,412,408,74.5,14.71,30.64,6.62,48.04
95462,Omerville,1,1,270,203,196,75.19,20.41,27.04,5.61,46.94
95476,Osny,1,10,897,622,602,69.34,30.4,21.26,15.61,32.72
95476,Osny,2,10,864,655,642,75.81,20.72,26.79,18.07,34.42
95476,Osny,3,10,1014,700,682,69.03,27.27,28.15,12.76,31.82
95476,Osny,4,10,748,505,488,67.51,28.48,25.61,16.39,29.51
95476,Osny,5,10,945,560,549,59.26,35.15,15.66,15.66,33.52
95476,Osny,6,10,1000,738,713,73.8,27.21,26.23,15.99,30.58
95476,Osny,7,10,1015,649,620,63.94,40.81,16.45,12.26,30.48
95476,Osny,8,10,727,448,438,61.62,37.67,21.23,10.96,30.14
95476,Osny,9,10,869,593,578,68.24,22.84,24.05,15.57,37.54
95476,Osny,10,10,820,504,490,61.46,33.27,25.92,11.84,28.98
95476,Osny,11,10,572,359,347,62.76,33.14,21.61,11.53,33.72
95476,Osny,12,10,569,408,403,71.7,23.33,32.26,16.87,27.54
95476,Osny,13,,656,342,333,52.13,65.47,11.71,6.01,16.82
95480,Parmain,1,2,1092,790,774,72.34,28.04,28.94,5.3,35.14
95480,Parmain,2,2,1218,802,773,65.85,27.81,23.54,5.69,38.81
95480,Parmain,3,2,1059,760,745,71.77,25.37,31.54,6.04,34.77
95480,Parmain,4,2,955,650,636,68.06,29.25,29.09,6.76,31.92
95483,Le Perchay,1,1,425,305,286,71.76,26.57,35.31,6.29,31.82
95487,Persan,1,1,984,626,616,63.62,46.27,15.75,4.87,33.12
95487,Persan,2,1,867,539,529,62.17,52.17,14.18,3.78,29.87
95487,Persan,3,1,772,487,463,63.08,53.78,10.37,2.81,33.05
95487,Persan,4,1,787,422,414,53.62,55.8,10.14,4.11,29.95
95487,Persan,5,1,888,502,477,56.53,59.33,8.18,3.56,28.93
95487,Persan,6,1,908,586,571,64.54,41.68,18.74,5.25,34.33
95487,Persan,7,,685,414,400,60.44,53.25,8.25,4.0,34.5
95487,Persan,8,,546,336,318,61.54,50.63,15.72,4.72,28.93
95488,Pierrelaye,1,3,810,462,454,57.04,44.71,13.66,5.51,33.92
95488,Pierrelaye,2,3,1029,517,504,50.24,56.35,9.13,3.97,28.57
95488,Pierrelaye,3,3,734,492,482,67.03,40.46,18.46,4.15,35.27
95488,Pierrelaye,4,3,912,572,553,62.72,42.68,18.26,3.98,33.09
95488,Pierrelaye,5,3,638,399,389,62.54,35.22,23.65,4.63,34.96
95488,Pierrelaye,6,3,482,330,327,68.46,37.31,20.18,4.28,37.0
95488,Pierrelaye,7,3,920,618,607,67.17,38.06,18.45,5.11,36.9
95489,Piscop,1,7,462,352,346,76.19,22.25,16.47,20.81,40.46
95491,Le Plessis-Bouchard,1,3,701,502,494,71.61,36.84,26.32,7.49,27.73
95491,Le Plessis-Bouchard,2,3,726,544,529,74.93,25.71,32.51,9.45,31.0
95491,Le Plessis-Bouchard,3,3,886,631,622,71.22,31.67,28.78,7.56,30.23
95491,Le Plessis-Bouchard,4,3,890,638,630,71.69,23.65,30.95,10.32,33.33
95491,Le Plessis-Bouchard,5,3,786,586,576,74.55,25.87,26.04,10.42,35.07
95491,Le Plessis-Bouchard,6,3,473,363,357,76.74,30.25,28.57,8.12,31.37
95491,Le Plessis-Bouchard,7,3,457,329,325,71.99,40.62,26.77,6.77,25.23
95491,Le Plessis-Bouchard,8,,259,177,175,68.34,30.29,15.43,4.0,47.43
95491,Le Plessis-Bouchard,9,,677,510,496,75.33,26.81,30.65,6.85,33.87
95492,Le Plessis-Gassot,1,7,67,51,50,76.12,28.0,12.0,22.0,38.0
95493,Le Plessis-Luzarches,1,9,98,84,84,85.71,20.24,22.62,22.62,34.52
95500,Pontoise,1,1,960,638,628,66.46,41.08,29.14,6.69,23.09
95500,Pontoise,2,1,958,632,619,65.97,47.33,26.98,6.95,18.74
95500,Pontoise,3,1,924,661,648,71.54,40.9,32.1,7.1,19.6
95500,Pontoise,4,1,810,586,583,72.35,32.08,35.33,6.0,26.42
95500,Pontoise,5,1,1034,758,733,73.31,44.61,29.2,5.18,20.87
95500,Pontoise,6,1,723,567,553,78.42,27.85,37.79,9.95,24.41
95500,Pontoise,7,1,720,471,460,65.42,40.87,25.22,5.65,28.26
95500,Pontoise,8,1,763,424,404,55.57,57.92,13.61,2.97,25.25
95500,Pontoise,9,1,552,350,346,63.41,52.31,21.1,3.76,22.54
95500,Pontoise,10,1,929,474,459,51.02,55.99,14.16,2.4,27.45
95500,Pontoise,11,1,853,527,517,61.78,51.84,21.08,2.71,24.18
95500,Pontoise,12,1,1063,733,722,68.96,40.72,32.13,6.37,20.36
95500,Pontoise,13,1,712,321,310,45.08,74.52,9.35,3.23,12.9
95500,Pontoise,14,1,579,295,282,50.95,64.18,11.35,4.96,19.15
95500,Pontoise,15,1,761,486,477,63.86,44.65,22.43,4.61,27.67
95500,Pontoise,16,1,1421,923,906,64.95,37.64,27.92,6.84,27.37
95500,Pontoise,17,1,1224,831,811,67.89,36.5,26.51,5.67,30.95
95500,Pontoise,18,1,531,309,302,58.19,45.7,18.87,3.97,31.46
95500,Pontoise,19,1,619,418,413,67.53,47.7,25.42,5.08,21.31
95500,Pontoise,20,1,746,446,433,59.79,39.72,24.71,6.0,29.56
95500,Pontoise,21,1,570,337,326,59.12,48.47,22.39,4.29,24.85
95500,Pontoise,22,,404,286,251,70.79,69.32,9.96,3.59,17.13
95504,Presles,1,2,763,573,563,75.1,29.66,34.46,6.39,26.82
95504,Presles,2,2,657,488,472,74.28,33.05,23.94,5.08,35.38
95504,Presles,3,2,701,490,481,69.9,24.53,27.23,5.61,40.54
95504,Presles,4,2,680,510,503,75.0,22.27,28.43,6.96,39.17
95509,Puiseux-en-France,1,9,1083,617,601,56.97,40.43,14.64,11.98,32.95
95509,Puiseux-en-France,2,9,1159,772,759,66.61,33.07,19.37,13.18,34.39
95509,Puiseux-en-France,3,9,340,225,219,66.18,28.77,11.87,23.74,35.62
95510,Puiseux-Pontoise,1,10,382,257,252,67.28,28.17,26.19,18.25,27.38
95523,La Roche-Guyon,1,1,299,220,219,73.58,28.77,35.16,2.74,33.33
95527,Roissy-en-France,1,9,1544,937,903,60.69,28.9,14.29,12.85,43.96
95529,Ronquerolles,1,1,666,470,455,70.57,18.9,29.23,7.47,44.4
95535,Sagy,1,1,930,667,644,71.72,23.29,27.17,5.59,43.94
95539,Saint-Brice-sous-Forêt,1,7,1079,732,712,67.84,23.46,23.74,17.7,35.11
95539,Saint-Brice-sous-Forêt,2,7,925,575,565,62.16,28.32,18.41,18.05,35.22
95539,Saint-Brice-sous-Forêt,3,7,1087,700,686,64.4,41.55,15.74,13.7,29.01
95539,Saint-Brice-sous-Forêt,4,7,882,611,602,69.27,27.57,23.92,14.62,33.89
95539,Saint-Brice-sous-Forêt,5,7,1197,800,791,66.83,21.49,23.26,17.19,38.05
95539,Saint-Brice-sous-Forêt,6,7,995,656,644,65.93,30.9,21.12,11.34,36.65
95539,Saint-Brice-sous-Forêt,7,7,995,549,536,55.18,51.49,11.01,9.51,27.99
95539,Saint-Brice-sous-Forêt,8,7,933,594,588,63.67,23.3,25.51,21.94,29.25
95539,Saint-Brice-sous-Forêt,9,7,998,636,627,63.73,33.97,18.82,15.47,31.74
95541,Saint-Clair-sur-Epte,1,1,630,390,371,61.9,22.91,22.64,4.58,49.87
95543,Saint-Cyr-en-Arthies,1,1,173,136,134,78.61,25.37,27.61,6.72,40.3
95554,Saint-Gervais,1,1,689,530,522,76.92,20.31,36.02,4.79,38.89
95555,Saint-Gratien,1,6,1191,884,866,74.22,27.02,34.18,12.01,24.36
95555,Saint-Gratien,2,6,1278,889,872,69.56,28.44,30.5,11.7,27.75
95555,Saint-Gratien,3,6,1444,807,789,55.89,55.39,18.88,5.7,17.62
95555,Saint-Gratien,4,6,1028,732,727,71.21,20.22,43.05,12.79,22.56
95555,Saint-Gratien,5,6,1308,716,702,54.74,56.27,17.66,4.56,20.09
95555,Saint-Gratien,6,6,1338,904,886,67.56,36.57,27.54,9.48,24.27
95555,Saint-Gratien,7,6,1300,754,741,58.0,58.16,17.95,6.75,16.46
95555,Saint-Gratien,8,6,1026,629,611,61.31,45.66,20.79,6.71,24.22
95555,Saint-Gratien,9,6,1111,678,666,61.03,36.19,25.38,10.96,25.38
95555,Saint-Gratien,10,6,1175,794,787,67.57,40.15,27.57,9.78,20.71
95555,Saint-Gratien,11,6,1222,797,781,65.22,36.75,26.63,9.48,24.97
95563,Saint-Leu-la-Forêt,1,4,1004,728,716,72.51,30.59,35.2,5.17,29.05
95563,Saint-Leu-la-Forêt,2,4,1129,827,816,73.25,33.21,31.37,6.5,28.8
95563,Saint-Leu-la-Forêt,3,4,1141,840,826,73.62,35.71,32.57,5.08,26.39
95563,Saint-Leu-la-Forêt,4,4,1170,850,834,72.65,32.61,30.94,7.19,29.14
95563,Saint-Leu-la-Forêt,5,4,1210,842,821,69.59,34.47,28.99,4.87,31.67
95563,Saint-Leu-la-Forêt,6,4,1113,782,775,70.26,34.58,28.65,5.42,31.1
95563,Saint-Leu-la-Forêt,7,4,1338,806,795,60.24,47.17,20.25,4.78,27.67
95563,Saint-Leu-la-Forêt,8,4,1168,848,832,72.6,40.14,29.81,4.09,25.84
95563,Saint-Leu-la-Forêt,9,4,1117,791,766,70.81,35.38,22.98,6.4,34.99
95563,Saint-Leu-la-Forêt,10,4,1028,747,736,72.67,40.49,30.43,4.62,24.32
95566,Saint-Martin-du-Tertre,1,2,917,545,530,59.43,33.4,18.68,5.85,38.3
95566,Saint-Martin-du-Tertre,2,2,913,560,537,61.34,24.02,23.09,7.08,41.9
95572,Saint-Ouen-l'Aumône,1,2,1069,702,682,65.67,45.45,23.46,5.72,22.87
95572,Saint-Ouen-l'Aumône,2,2,1198,784,770,65.44,43.77,25.97,5.71,22.21
95572,Saint-Ouen-l'Aumône,3,2,972,634,626,65.23,36.9,25.88,6.39,27.8
95572,Saint-Ouen-l'Aumône,4,2,1135,606,594,53.39,61.95,12.96,3.2,19.36
95572,Saint-Ouen-l'Aumône,5,2,1140,740,728,64.91,51.24,20.05,3.57,22.25
95572,Saint-Ouen-l'Aumône,6,2,1242,818,791,65.86,45.89,22.0,4.8,24.91
95572,Saint-Ouen-l'Aumône,7,2,1284,650,640,50.62,66.41,10.0,2.81,19.06
95572,Saint-Ouen-l'Aumône,8,2,922,519,506,56.29,55.73,14.62,4.55,22.13
95572,Saint-Ouen-l'Aumône,9,2,1284,810,787,63.08,47.4,18.42,5.72,26.18
95572,Saint-Ouen-l'Aumône,10,2,999,700,682,70.07,35.19,28.15,6.16,27.13
95572,Saint-Ouen-l'Aumône,11,2,929,537,525,57.8,50.86,14.67,3.62,26.86
95572,Saint-Ouen-l'Aumône,12,2,1147,646,628,56.32,53.98,16.56,2.39,25.8
95574,Saint-Prix,1,4,784,572,559,72.96,26.12,32.02,7.51,34.35
95574,Saint-Prix,2,4,910,537,515,59.01,43.3,20.39,5.44,30.68
95574,Saint-Prix,3,4,873,626,617,71.71,20.91,36.79,8.91,33.39
95574,Saint-Prix,4,4,857,650,634,75.85,30.91,29.02,5.68,34.38
95574,Saint-Prix,5,4,844,639,630,75.71,17.62,40.32,6.35,35.71
95574,Saint-Prix,6,4,589,429,422,72.84,32.46,25.36,8.06,34.12
95574,Saint-Prix,7,4,834,617,608,73.98,28.95,31.41,4.28,35.03
95580,Saint-Witz,1,9,888,647,638,72.86,19.28,23.2,23.35,34.17
95580,Saint-Witz,2,9,1027,793,785,77.22,23.06,23.31,23.44,30.19
95582,Sannois,1,6,1015,641,630,63.15,40.0,23.97,9.68,23.97
95582,Sannois,2,6,1134,738,725,65.08,37.24,30.62,7.17,22.62
95582,Sannois,3,6,779,472,463,60.59,47.08,22.68,6.7,21.38
95582,Sannois,4,6,1056,708,690,67.05,43.04,22.03,5.07,28.7
95582,Sannois,5,6,1182,817,799,69.12,35.04,27.66,8.39,26.91
95582,Sannois,6,6,1112,719,704,64.66,34.66,27.84,7.53,27.41
95582,Sannois,7,6,970,577,561,59.48,47.24,15.69,4.1,30.12
95582,Sannois,8,6,794,415,409,52.27,55.01,14.18,5.62,22.74
95582,Sannois,9,6,1283,814,795,63.45,49.94,17.61,7.17,22.52
95582,Sannois,10,6,922,553,539,59.98,55.1,17.44,3.53,22.26
95582,Sannois,11,6,1087,833,820,76.63,28.41,31.34,10.73,27.2
95582,Sannois,12,6,1045,751,740,71.87,31.62,34.05,6.89,23.65
95582,Sannois,13,6,873,654,646,74.91,32.35,32.66,8.36,24.46
95582,Sannois,14,6,956,645,631,67.47,41.68,31.38,5.23,19.18
95582,Sannois,15,6,851,655,649,76.97,34.98,26.96,7.7,27.43
95582,Sannois,16,6,869,599,588,68.93,37.41,27.21,8.67,24.83
95582,Sannois,17,6,796,482,476,60.55,51.26,18.91,5.25,23.53
95584,Santeuil,1,1,500,376,370,75.2,28.92,29.73,7.3,34.05
95585,Sarcelles,1,8,1040,595,556,57.21,44.78,13.31,8.81,33.09
95585,Sarcelles,2,8,1132,675,648,59.63,55.09,6.94,10.65,27.31
95585,Sarcelles,3,8,999,641,611,64.16,44.84,11.29,12.27,31.59
95585,Sarcelles,4,7,804,519,507,64.55,42.21,13.41,19.53,24.85
95585,Sarcelles,5,7,795,441,428,55.47,76.64,7.01,5.14,11.21
95585,Sarcelles,6,8,992,583,541,58.77,49.91,10.35,8.69,31.05
95585,Sarcelles,7,8,1189,710,670,59.71,38.06,9.4,11.79,40.75
95585,Sarcelles,8,8,1212,657,620,54.21,56.77,10.16,7.1,25.97
95585,Sarcelles,9,7,1205,703,685,58.34,62.77,10.07,5.11,22.04
95585,Sarcelles,10,8,940,576,558,61.28,63.98,8.78,6.81,20.43
95585,Sarcelles,11,8,957,529,503,55.28,42.74,5.17,16.5,35.59
95585,Sarcelles,12,8,837,458,436,54.72,70.18,4.36,8.03,17.43
95585,Sarcelles,13,8,982,504,482,51.32,72.61,6.43,4.56,16.39
95585,Sarcelles,14,8,1021,512,489,50.15,71.57,9.2,5.73,13.5
95585,Sarcelles,15,8,870,462,444,53.1,79.73,6.31,4.95,9.01
95585,Sarcelles,16,7,723,404,395,55.88,74.68,5.32,6.08,13.92
95585,Sarcelles,17,8,924,487,470,52.71,70.64,7.23,5.74,16.38
95585,Sarcelles,18,7,660,341,328,51.67,72.26,8.23,3.66,15.85
95585,Sarcelles,19,8,1125,598,572,53.16,77.62,5.07,5.24,12.06
95585,Sarcelles,20,7,1008,595,583,59.03,73.07,8.58,3.95,14.41
95585,Sarcelles,21,7,732,431,423,58.88,26.0,18.91,14.66,40.43
95585,Sarcelles,22,7,776,440,414,56.7,24.4,21.98,17.63,35.99
95585,Sarcelles,23,8,816,403,394,49.39,62.44,6.85,8.88,21.83
95585,Sarcelles,24,7,956,524,519,54.81,20.04,24.47,13.87,41.62
95585,Sarcelles,25,7,864,442,437,51.16,42.33,20.82,9.38,27.46
95585,Sarcelles,26,7,826,408,393,49.39,59.29,11.96,5.09,23.66
95585,Sarcelles,27,7,456,255,245,55.92,43.27,18.37,13.06,25.31
95585,Sarcelles,28,7,698,358,350,51.29,72.29,8.57,3.43,15.71
95585,Sarcelles,29,7,844,453,440,53.67,66.82,12.73,4.09,16.36
95585,Sarcelles,30,7,926,510,498,55.08,75.7,9.84,2.01,12.45
95592,Seraincourt,1,1,976,717,702,73.46,21.79,28.06,5.7,44.44
95594,Seugy,1,2,772,568,554,73.58,20.22,31.23,5.6,40.07
95598,Soisy-sous-Montmorency,1,6,1435,961,937,66.97,28.5,31.16,10.46,29.14
95598,Soisy-sous-Montmorency,2,6,1263,887,871,70.23,26.75,35.82,7.92,26.87
95598,Soisy-sous-Montmorency,3,6,1487,1055,1039,70.95,27.33,30.32,9.72,29.74
95598,Soisy-sous-Montmorency,4,6,1312,897,879,68.37,31.51,35.61,9.9,21.16
95598,Soisy-sous-Montmorency,5,6,975,525,511,53.85,49.71,23.68,6.07,18.98
95598,Soisy-sous-Montmorency,6,6,1257,978,969,77.8,26.83,34.57,9.6,27.35
95598,Soisy-sous-Montmorency,7,6,1046,687,677,65.68,36.78,30.13,6.2,24.52
95598,Soisy-sous-Montmorency,8,6,1006,567,558,56.36,39.43,26.16,5.73,26.7
95598,Soisy-sous-Montmorency,9,6,1295,770,751,59.46,31.42,32.89,9.45,24.9
95598,Soisy-sous-Montmorency,10,6,823,451,440,54.8,61.36,11.59,4.77,18.18
95604,Survilliers,1,9,1460,941,920,64.45,28.26,12.17,23.7,35.87
95604,Survilliers,2,9,980,640,623,65.31,32.26,12.36,17.98,37.4
95607,Taverny,1,3,1053,738,726,70.09,38.98,23.83,9.23,26.72
95607,Taverny,2,3,875,618,609,70.63,36.12,25.78,6.57,30.54
95607,Taverny,3,3,734,517,509,70.44,41.26,21.22,8.45,27.11
95607,Taverny,4,3,1111,812,790,73.09,34.18,26.2,9.37,28.48
95607,Taverny,5,3,1139,810,793,71.12,32.66,28.75,8.32,28.63
95607,Taverny,6,3,1031,638,624,61.88,53.69,17.15,5.29,22.12
95607,Taverny,7,3,1087,685,663,63.02,48.27,17.8,5.43,26.7
95607,Taverny,8,3,1098,769,761,70.04,42.31,23.52,6.44,26.02
95607,Taverny,9,3,983,645,629,65.62,42.77,16.38,6.2,32.43
95607,Taverny,10,3,1079,778,762,72.1,31.23,23.75,7.09,35.56
95607,Taverny,11,3,1008,664,653,65.87,41.96,20.52,5.05,30.93
95607,Taverny,12,3,1037,734,725,70.78,37.93,24.0,6.48,29.66
95607,Taverny,13,3,893,546,533,61.14,61.91,14.45,3.56,18.57
95607,Taverny,14,3,855,552,540,64.56,46.48,16.85,9.07,24.44
95607,Taverny,15,3,643,470,461,73.09,34.92,26.25,10.2,26.68
95607,Taverny,16,3,1062,726,707,68.36,44.84,19.8,4.67,29.0
95607,Taverny,17,3,1074,797,782,74.21,34.14,29.28,7.42,27.88
95607,Taverny,18,3,871,632,618,72.56,39.97,20.71,8.74,28.32
95610,Théméricourt,1,1,225,162,157,72.0,28.66,33.12,3.18,35.03
95611,Theuville,1,1,21,16,16,76.19,0.0,18.75,12.5,68.75
95612,Le Thillay,1,9,841,492,479,58.5,39.67,13.36,6.47,40.5
95612,Le Thillay,2,9,793,497,488,62.67,42.42,9.43,6.97,41.19
95612,Le Thillay,3,9,831,483,471,58.12,32.06,15.5,8.7,43.74
95625,Us,1,1,957,717,692,74.92,26.16,22.25,6.5,45.09
95627,Vallangoujard,1,1,465,361,353,77.63,17.85,29.46,10.48,42.21
95628,Valmondois,1,1,999,728,709,72.87,29.62,24.26,8.32,37.8
95633,Vaudherland,1,9,62,47,46,75.81,15.22,4.35,10.87,69.57
95637,Vauréal,1,10,1070,718,701,67.1,45.51,24.68,8.13,21.68
95637,Vauréal,2,10,872,589,563,67.55,42.1,25.22,9.95,22.74
95637,Vauréal,3,10,886,660,643,74.49,35.15,31.73,12.29,20.84
95637,Vauréal,4,10,893,603,577,67.53,45.58,26.34,7.97,20.1
95637,Vauréal,5,10,781,578,563,74.01,33.21,29.66,10.3,26.82
95637,Vauréal,6,10,1119,787,763,70.33,38.4,26.08,9.44,26.08
95637,Vauréal,7,10,1181,777,749,65.79,49.53,18.29,9.88,22.3
95637,Vauréal,8,10,1040,632,609,60.77,53.86,16.91,9.03,20.2
95637,Vauréal,9,10,1175,651,623,55.4,59.71,13.8,6.26,20.22
95637,Vauréal,10,10,967,623,607,64.43,42.5,25.21,7.08,25.21
95637,Vauréal,11,10,921,611,586,66.34,43.86,26.96,12.46,16.72
95637,Vauréal,12,10,969,616,591,63.57,47.04,20.14,10.83,22.0
95641,Vémars,1,9,872,544,538,62.39,32.9,14.5,14.5,38.1
95641,Vémars,2,,930,576,556,61.94,34.89,13.85,15.29,35.97
95651,Vétheuil,1,1,603,476,464,78.94,40.73,24.14,6.68,28.45
95652,Viarmes,1,2,1430,958,931,66.99,24.49,23.85,5.26,43.07
95652,Viarmes,2,2,1336,915,895,68.49,25.81,25.81,4.8,40.0
95652,Viarmes,3,2,1298,868,854,66.87,22.25,27.75,2.93,44.96
95656,Vienne-en-Arthies,1,1,328,251,246,76.52,24.39,31.3,6.5,37.8
95658,Vigny,1,1,873,625,612,71.59,19.93,33.33,8.33,38.4
95660,Villaines-sous-Bois,1,2,549,396,383,72.13,22.19,24.8,6.53,43.34
95675,Villeron,1,9,885,616,603,69.6,30.02,12.6,13.93,43.45
95676,Villers-en-Arthies,1,1,396,300,289,75.76,18.69,23.53,10.73,47.06
95678,Villiers-Adam,1,2,614,484,478,78.83,21.13,30.13,6.9,40.17
95680,Villiers-le-Bel,1,8,664,382,360,57.53,60.83,9.17,7.78,22.22
95680,Villiers-le-Bel,2,8,630,357,326,56.67,70.86,5.83,5.52,17.79
95680,Villiers-le-Bel,3,8,547,287,272,52.47,75.0,6.62,5.51,12.87
95680,Villiers-le-Bel,4,8,991,578,551,58.32,68.24,8.53,4.54,18.69
95680,Villiers-le-Bel,5,8,852,513,482,60.21,63.28,6.22,6.02,24.48
95680,Villiers-le-Bel,6,8,994,514,484,51.71,72.11,8.68,4.96,14.26
95680,Villiers-le-Bel,7,8,1074,563,529,52.42,71.46,7.56,2.65,18.34
95680,Villiers-le-Bel,8,8,925,507,497,54.81,83.9,3.22,2.82,10.06
95680,Villiers-le-Bel,9,8,956,509,489,53.24,79.35,6.75,2.86,11.04
95680,Villiers-le-Bel,10,8,921,544,514,59.07,73.15,6.42,5.25,15.18
95680,Villiers-le-Bel,11,8,873,516,483,59.11,57.35,12.63,6.21,23.81
95680,Villiers-le-Bel,12,8,844,521,491,61.73,62.53,8.76,9.98,18.74
95680,Villiers-le-Bel,13,8,906,540,516,59.6,68.6,6.59,5.43,19.38
95680,Villiers-le-Bel,14,,950,528,493,55.58,67.14,8.92,4.67,19.27
95680,Villiers-le-Bel,15,,1066,636,605,59.66,53.39,14.38,6.61,25.62
95682,Villiers-le-Sec,1,9,113,84,79,74.34,31.65,22.78,18.99,26.58
95690,Wy-dit-Joli-Village,1,1,288,226,221,78.47,21.27,36.2,7.24,35.29
