code_commune,nom_commune,num_bdv,code_circ,inscrits,votants,exprimes,participation,pr2_macron,pr2_lepen
95002,Ableiges,0001,1,368,298,274,80.98,56.2,43.8
95002,Ableiges,0002,1,338,265,245,78.4,57.14,42.86
95008,Aincourt,0001,1,559,446,406,79.79,48.03,51.97
95011,Ambleville,0001,1,305,241,221,79.02,48.87,51.13
95012,Amenucourt,0001,1,154,120,110,77.92,36.36,63.64
95014,Andilly,0001,6,717,520,486,72.52,65.23,34.77
95014,Andilly,0002,6,787,628,585,79.8,74.7,25.3
95018,Argenteuil,0001,5,772,491,455,63.6,74.51,25.49
95018,Argenteuil,0002,5,884,621,556,70.25,77.7,22.3
95018,Argenteuil,0003,5,777,542,499,69.76,73.55,26.45
95018,Argenteuil,0004,5,893,581,542,65.06,73.8,26.2
95018,Argenteuil,0005,5,1110,661,599,59.55,67.61,32.39
95018,Argenteuil,0006,5,1076,652,580,60.59,73.79,26.21
95018,Argenteuil,0007,5,770,467,425,60.65,72.24,27.76
95018,Argenteuil,0008,5,918,596,546,64.92,76.19,23.81
95018,Argenteuil,0009,5,868,564,523,64.98,78.39,21.61
95018,Argenteuil,0010,5,1143,747,679,65.35,70.69,29.31
95018,Argenteuil,0011,5,966,660,595,68.32,75.63,24.37
95018,Argenteuil,0012,5,1202,783,712,65.14,72.33,27.67
95018,Argenteuil,0013,5,977,692,641,70.83,72.85,27.15
95018,Argenteuil,0014,5,821,481,434,58.59,59.91,40.09
95018,Argenteuil,0015,5,822,467,415,56.81,71.57,28.43
95018,Argenteuil,0016,5,993,549,484,55.29,61.78,38.22
95018,Argenteuil,0017,5,1051,679,621,64.61,73.91,26.09
95018,Argenteuil,0018,5,1171,686,624,58.58,68.11,31.89
95018,Argenteuil,0019,5,1242,803,734,64.65,72.62,27.38
95018,Argenteuil,0020,5,1100,700,641,63.64,74.73,25.27
95018,Argenteuil,0021,5,1062,716,675,67.42,73.48,26.52
95018,Argenteuil,0022,5,1088,632,578,58.09,71.45,28.55
95018,Argenteuil,0023,5,1159,796,724,68.68,68.23,31.77
95018,Argenteuil,0024,5,1044,681,617,65.23,73.91,26.09
95018,Argenteuil,0025,5,1034,689,640,66.63,69.22,30.78
95018,Argenteuil,0026,5,1160,785,721,67.67,65.46,34.54
95018,Argenteuil,0027,5,1112,791,750,71.13,68.67,31.33
95018,Argenteuil,0028,5,1310,720,665,54.96,71.58,28.42
95018,Argenteuil,0029,5,1081,635,594,58.74,80.47,19.53
95018,Argenteuil,0030,5,949,564,506,59.43,77.27,22.73
95018,Argenteuil,0031,5,1018,535,494,52.55,74.09,25.91
95018,Argenteuil,0032,5,1148,642,588,55.92,72.62,27.38
95018,Argenteuil,0033,5,1324,706,643,53.32,81.8,18.2
95018,Argenteuil,0034,5,1092,679,640,62.18,75.94,24.06
95018,Argenteuil,0035,5,1123,624,568,55.57,74.65,25.35
95018,Argenteuil,0036,5,899,527,482,58.62,74.48,25.52
95018,Argenteuil,0037,5,1100,704,659,64.0,74.81,25.19
95018,Argenteuil,0038,5,1155,654,592,56.62,81.08,18.92
95018,Argenteuil,0039,5,860,520,486,60.47,74.07,25.93
95018,Argenteuil,0040,5,915,542,501,59.23,75.65,24.35
95018,Argenteuil,0041,5,1337,747,709,55.87,75.18,24.82
95018,Argenteuil,0042,5,1127,698,639,61.93,74.8,25.2
95018,Argenteuil,0043,5,1029,623,560,60.54,73.75,26.25
95018,Argenteuil,0044,5,963,575,531,59.71,75.14,24.86
95018,Argenteuil,0045,5,1295,779,705,60.15,74.89,25.11
95018,Argenteuil,0046,5,1007,610,562,60.58,74.38,25.62
95018,Argenteuil,0047,5,1181,717,660,60.71,73.33,26.67
95018,Argenteuil,0048,5,1274,817,751,64.13,73.1,26.9
95018,Argenteuil,0049,5,1246,764,696,61.32,76.72,23.28
95018,Argenteuil,0050,5,1012,630,569,62.25,76.63,23.37
95019,Arnouville,0001,8,1017,627,586,61.65,59.22,40.78
95019,Arnouville,0002,8,927,636,581,68.61,53.7,46.3
95019,Arnouville,0003,8,1252,850,786,67.89,51.4,48.6
95019,Arnouville,0004,8,1104,631,587,57.16,61.67,38.33
95019,Arnouville,0005,8,1033,629,583,60.89,56.95,43.05
95019,Arnouville,0006,8,1121,735,680,65.57,61.03,38.97
95019,Arnouville,0007,8,1216,801,754,65.87,57.29,42.71
95023,Arronville,0001,1,463,372,334,80.35,51.2,48.8
95024,Arthies,0001,1,192,148,136,77.08,47.79,52.21
95026,Asnières-sur-Oise,0001,2,863,639,594,74.04,53.7,46.3
95026,Asnières-sur-Oise,0002,2,686,534,482,77.84,52.9,47.1
95026,Asnières-sur-Oise,0003,2,626,464,416,74.12,40.62,59.38
95028,Attainville,0001,7,1199,880,799,73.39,53.82,46.18
95039,Auvers-sur-Oise,0001,1,1095,867,780,79.18,67.44,32.56
95039,Auvers-sur-Oise,0002,1,1100,810,729,73.64,60.91,39.09
95039,Auvers-sur-Oise,0003,1,876,682,641,77.85,64.59,35.41
95039,Auvers-sur-Oise,0004,1,938,718,654,76.55,58.87,41.13
95039,Auvers-sur-Oise,0005,1,630,507,469,80.48,68.66,31.34
95039,Auvers-sur-Oise,0006,1,571,452,408,79.16,62.99,37.01
95040,Avernes,0001,1,662,514,482,77.64,57.26,42.74
95042,Baillet-en-France,0001,2,1531,1134,1029,74.07,56.75,43.25
95046,Banthelu,0001,1,104,86,82,82.69,42.68,57.32
95051,Beauchamp,0001,3,681,516,475,75.77,61.26,38.74
95051,Beauchamp,0002,3,771,583,543,75.62,66.48,33.52
95051,Beauchamp,0003,3,810,612,571,75.56,68.3,31.7
95051,Beauchamp,0004,3,629,474,437,75.36,68.19,31.81
95051,Beauchamp,0005,3,835,585,533,70.06,66.04,33.96
95051,Beauchamp,0006,3,762,555,499,72.83,67.94,32.06
95051,Beauchamp,0007,3,851,627,578,73.68,69.03,30.97
95051,Beauchamp,0008,3,802,614,563,76.56,65.36,34.64
95052,Beaumont-sur-Oise,0001,1,1159,750,663,64.71,53.85,46.15
95052,Beaumont-sur-Oise,0002,1,1174,833,739,70.95,53.04,46.96
95052,Beaumont-sur-Oise,0003,1,1047,737,662,70.39,54.38,45.62
95052,Beaumont-sur-Oise,0004,1,982,638,586,64.97,54.78,45.22
95052,Beaumont-sur-Oise,0005,1,1234,803,737,65.07,62.01,37.99
95054,Le Bellay-en-Vexin,0001,1,163,141,129,86.5,50.39,49.61
95055,Bellefontaine,0001,9,288,207,193,71.88,51.3,48.7
95056,Belloy-en-France,0001,2,1372,1007,936,73.4,50.21,49.79
95058,Bernes-sur-Oise,0001,1,806,605,544,75.06,57.35,42.65
95058,Bernes-sur-Oise,0002,1,849,607,559,71.5,50.09,49.91
95059,Berville,0001,1,276,207,186,75.0,61.83,38.17
95060,Bessancourt,0001,3,1020,764,708,74.9,62.99,37.01
95060,Bessancourt,0002,3,880,619,574,70.34,62.02,37.98
95060,Bessancourt,0003,3,897,525,490,58.53,59.8,40.2
95060,Bessancourt,0004,3,829,626,573,75.51,61.78,38.22
95060,Bessancourt,0005,3,887,593,548,66.85,58.03,41.97
95060,Bessancourt,0006,3,655,487,436,74.35,56.19,43.81
95061,Béthemont-la-Forêt,0001,3,336,258,233,76.79,61.37,38.63
95063,Bezons,0001,5,1133,741,686,65.4,72.16,27.84
95063,Bezons,0002,5,932,557,506,59.76,71.94,28.06
95063,Bezons,0003,5,845,522,481,61.78,76.3,23.7
95063,Bezons,0004,5,865,629,579,72.72,69.08,30.92
95063,Bezons,0005,5,815,500,453,61.35,71.74,28.26
95063,Bezons,0006,5,1060,664,611,62.64,73.0,27.0
95063,Bezons,0007,5,893,600,546,67.19,69.96,30.04
95063,Bezons,0008,5,866,594,552,68.59,61.41,38.59
95063,Bezons,0009,5,912,547,506,59.98,71.94,28.06
95063,Bezons,0010,5,941,535,499,56.85,62.93,37.07
95063,Bezons,0011,5,921,540,494,58.63,73.68,26.32
95063,Bezons,0012,5,1169,744,688,63.64,70.35,29.65
95063,Bezons,0013,5,990,600,534,60.61,66.67,33.33
95063,Bezons,0014,5,945,609,552,64.44,76.45,23.55
95063,Bezons,0015,5,938,569,522,60.66,69.35,30.65
95063,Bezons,0016,5,891,579,522,64.98,69.92,30.08
95063,Bezons,0017,5,920,564,511,61.3,75.73,24.27
95074,Boisemont,0001,10,617,496,456,80.39,63.38,36.62
95078,Boissy-l'Aillerie,0001,10,1375,1037,929,75.42,61.25,38.75
95088,Bonneuil-en-France,0001,8,551,386,338,70.05,54.14,45.86
95091,Bouffémont,0001,7,854,577,533,67.56,66.23,33.77
95091,Bouffémont,0002,7,929,586,526,63.08,66.92,33.08
95091,Bouffémont,0003,7,639,512,463,80.13,72.57,27.43
95091,Bouffémont,0004,7,921,635,575,68.95,69.91,30.09
95091,Bouffémont,0005,7,793,597,533,75.28,67.17,32.83
95094,Bouqueval,0001,9,195,148,130,75.9,33.85,66.15
95101,Bray-et-Lû,0001,1,603,456,426,75.62,38.73,61.27
95102,Bréançon,0001,1,329,253,242,76.9,62.81,37.19
95110,Brignancourt,0001,1,194,155,142,79.9,56.34,43.66
95116,Bruyères-sur-Oise,0001,1,881,592,524,67.2,46.76,53.24
95116,Bruyères-sur-Oise,0002,1,882,584,527,66.21,50.28,49.72
95116,Bruyères-sur-Oise,0003,1,1028,717,662,69.75,51.36,48.64
95119,Buhy,0001,1,227,174,164,76.65,46.95,53.05
95120,Butry-sur-Oise,0001,1,724,561,521,77.49,61.8,38.2
95120,Butry-sur-Oise,0002,1,932,691,644,74.14,55.9,44.1
95127,Cergy,0018,2,756,569,527,75.26,74.38,25.62
95127,Cergy,0019,2,971,686,636,70.65,75.0,25.0
95127,Cergy,0020,2,754,582,540,77.19,74.63,25.37
95127,Cergy,0021,2,1317,836,756,63.48,75.26,24.74
95127,Cergy,0022,2,664,416,391,62.65,77.49,22.51
95127,Cergy,0023,2,610,351,309,57.54,77.67,22.33
95127,Cergy,0024,2,833,516,457,61.94,75.71,24.29
95127,Cergy,0025,2,840,495,460,58.93,76.96,23.04
95127,Cergy,0026,2,588,412,373,70.07,79.89,20.11
95127,Cergy,0027,2,821,573,529,69.79,76.37,23.63
95127,Cergy,0031,2,826,594,540,71.91,77.96,22.04
95127,Cergy,0001,10,1404,742,677,52.85,76.22,23.78
95127,Cergy,0002,10,1039,616,565,59.29,76.99,23.01
95127,Cergy,0003,10,616,362,325,58.77,73.85,26.15
95127,Cergy,0004,10,796,418,378,52.51,76.72,23.28
95127,Cergy,0005,10,951,607,563,63.83,76.55,23.45
95127,Cergy,0006,10,1146,617,556,53.84,74.28,25.72
95127,Cergy,0007,10,1064,635,564,59.68,75.35,24.65
95127,Cergy,0008,10,1209,733,655,60.63,73.13,26.87
95127,Cergy,0009,10,1049,765,721,72.93,81.69,18.31
95127,Cergy,0010,10,535,403,379,75.33,86.02,13.98
95127,Cergy,0011,10,1100,732,655,66.55,76.95,23.05
95127,Cergy,0012,10,1113,569,523,51.12,79.16,20.84
95127,Cergy,0013,10,1224,772,713,63.07,76.44,23.56
95127,Cergy,0014,10,839,519,481,61.86,76.92,23.08
95127,Cergy,0015,10,931,518,484,55.64,76.03,23.97
95127,Cergy,0016,10,920,521,472,56.63,72.25,27.75
95127,Cergy,0017,10,893,593,533,66.41,79.17,20.83
95127,Cergy,0028,10,846,513,466,60.64,71.67,28.33
95127,Cergy,0029,10,1076,570,509,52.97,77.8,22.2
95127,Cergy,0030,10,1074,692,624,64.43,72.92,27.08
95127,Cergy,0032,10,768,472,425,61.46,72.71,27.29
95127,Cergy,0033,10,603,342,312,56.72,73.72,26.28
95127,Cergy,0034,10,1005,654,595,65.07,75.97,24.03
95127,Cergy,0035,10,1178,784,716,66.55,75.14,24.86
95134,Champagne-sur-Oise,0001,1,851,640,582,75.21,60.14,39.86
95134,Champagne-sur-Oise,0002,1,910,642,587,70.55,55.03,44.97
95134,Champagne-sur-Oise,0003,1,917,605,552,65.98,49.09,50.91
95134,Champagne-sur-Oise,0004,1,972,679,619,69.86,55.57,44.43
95139,La Chapelle-en-Vexin,0001,1,221,173,154,78.28,42.86,57.14
95141,Charmont,0001,1,24,21,19,87.5,47.37,52.63
95142,Chars,0001,1,1206,927,834,76.87,49.16,50.84
95144,Châtenay-en-France,0001,9,53,40,37,75.47,75.68,24.32
95149,Chaumontel,0001,9,1322,983,902,74.36,51.11,48.89
95149,Chaumontel,0002,9,1269,949,863,74.78,50.29,49.71
95150,Chaussy,0001,1,481,391,348,81.29,54.31,45.69
95151,Chauvry,0001,3,219,171,155,78.08,57.42,42.58
95154,Chennevières-lès-Louvres,0001,9,195,166,155,85.13,45.16,54.84
95157,Chérence,0001,1,153,136,128,88.89,64.84,35.16
95166,Cléry-en-Vexin,0001,1,330,252,232,76.36,55.17,44.83
95169,Commeny,0001,1,352,269,240,76.42,62.08,37.92
95170,Condécourt,0001,1,383,318,300,83.03,55.67,44.33
95176,Cormeilles-en-Parisis,0001,3,781,544,498,69.65,74.9,25.1
95176,Cormeilles-en-Parisis,0002,3,979,695,636,70.99,71.86,28.14
95176,Cormeilles-en-Parisis,0003,3,983,657,610,66.84,67.38,32.62
95176,Cormeilles-en-Parisis,0004,3,916,642,584,70.09,69.69,30.31
95176,Cormeilles-en-Parisis,0005,3,911,725,657,79.58,67.58,32.42
95176,Cormeilles-en-Parisis,0006,3,1052,786,735,74.71,67.21,32.79
95176,Cormeilles-en-Parisis,0007,3,847,573,524,67.65,68.7,31.3
95176,Cormeilles-en-Parisis,0008,3,949,673,623,70.92,74.32,25.68
95176,Cormeilles-en-Parisis,0009,3,962,744,696,77.34,66.81,33.19
95176,Cormeilles-en-Parisis,0010,3,977,706,647,72.26,70.17,29.83
95176,Cormeilles-en-Parisis,0011,3,936,734,681,78.42,72.39,27.61
95176,Cormeilles-en-Parisis,0012,3,905,634,575,70.06,72.0,28.0
95176,Cormeilles-en-Parisis,0013,3,942,661,617,70.17,66.77,33.23
95176,Cormeilles-en-Parisis,0014,3,1116,843,780,75.54,69.62,30.38
95176,Cormeilles-en-Parisis,0015,3,1662,1227,1138,73.83,67.49,32.51
95176,Cormeilles-en-Parisis,0016,3,987,664,608,67.27,70.56,29.44
95176,Cormeilles-en-Parisis,0017,3,924,588,557,63.64,63.02,36.98
95177,Cormeilles-en-Vexin,0001,1,874,672,613,76.89,46.98,53.02
95181,Courcelles-sur-Viosne,0001,1,229,178,159,77.73,69.18,30.82
95183,Courdimanche,0001,10,889,665,620,74.8,67.42,32.58
95183,Courdimanche,0002,10,884,644,588,72.85,74.66,25.34
95183,Courdimanche,0003,10,941,632,570,67.16,67.89,32.11
95183,Courdimanche,0004,10,849,662,619,77.97,75.12,24.88
95183,Courdimanche,0005,10,891,597,538,67.0,74.16,25.84
95197,Deuil-la-Barre,0001,6,982,675,624,68.74,72.92,27.08
95197,Deuil-la-Barre,0002,6,927,653,595,70.44,76.13,23.87
95197,Deuil-la-Barre,0003,6,889,571,509,64.23,70.14,29.86
95197,Deuil-la-Barre,0004,6,934,651,611,69.7,79.05,20.95
95197,Deuil-la-Barre,0005,6,922,653,595,70.82,74.96,25.04
95197,Deuil-la-Barre,0006,6,1026,740,694,72.12,69.02,30.98
95197,Deuil-la-Barre,0007,6,696,486,440,69.83,75.45,24.55
95197,Deuil-la-Barre,0008,6,961,675,614,70.24,74.27,25.73
95197,Deuil-la-Barre,0009,6,810,504,457,62.22,70.02,29.98
95197,Deuil-la-Barre,0010,6,915,572,520,62.51,70.96,29.04
95197,Deuil-la-Barre,0011,6,1008,580,544,57.54,74.45,25.55
95197,Deuil-la-Barre,0012,6,881,611,549,69.35,68.67,31.33
95197,Deuil-la-Barre,0013,6,1097,766,712,69.83,73.74,26.26
95197,Deuil-la-Barre,0014,6,954,667,614,69.92,75.57,24.43
95197,Deuil-la-Barre,0015,6,796,521,490,65.45,73.27,26.73
95197,Deuil-la-Barre,0016,6,642,414,367,64.49,82.02,17.98
95199,Domont,0001,7,958,691,637,72.13,65.62,34.38
95199,Domont,0002,7,1139,765,710,67.16,59.86,40.14
95199,Domont,0003,7,771,559,515,72.5,63.3,36.7
95199,Domont,0004,7,1055,745,692,70.62,60.84,39.16
95199,Domont,0005,7,816,605,552,74.14,65.94,34.06
95199,Domont,0006,7,1312,960,869,73.17,65.25,34.75
95199,Domont,0007,7,1478,975,883,65.97,61.49,38.51
95199,Domont,0008,7,732,518,471,70.77,70.28,29.72
95199,Domont,0009,7,775,563,510,72.65,61.96,38.04
95199,Domont,0010,7,990,642,579,64.85,53.02,46.98
95203,Eaubonne,0001,4,1308,960,888,73.39,75.0,25.0
95203,Eaubonne,0002,4,1028,748,678,72.76,75.96,24.04
95203,Eaubonne,0003,4,1261,970,883,76.92,75.76,24.24
95203,Eaubonne,0004,4,1177,907,841,77.06,77.88,22.12
95203,Eaubonne,0005,4,1250,998,902,79.84,80.04,19.96
95203,Eaubonne,0006,4,1181,859,782,72.73,71.74,28.26
95203,Eaubonne,0007,4,1039,699,646,67.28,66.87,33.13
95203,Eaubonne,0008,4,960,709,663,73.85,70.44,29.56
95203,Eaubonne,0009,4,1381,884,811,64.01,66.09,33.91
95203,Eaubonne,0010,4,1216,797,723,65.54,65.56,34.44
95203,Eaubonne,0011,4,1005,710,644,70.65,68.17,31.83
95203,Eaubonne,0012,4,1263,888,811,70.31,72.26,27.74
95203,Eaubonne,0013,4,906,677,626,74.72,81.31,18.69
95203,Eaubonne,0014,4,871,626,572,71.87,68.18,31.82
95205,Ecouen,0001,7,1433,927,846,64.69,55.79,44.21
95205,Ecouen,0002,7,933,636,568,68.17,63.91,36.09
95205,Ecouen,0003,7,1342,888,794,66.17,58.19,41.81
95205,Ecouen,0004,7,1064,759,684,71.33,61.26,38.74
95210,Enghien-les-Bains,0001,6,880,615,559,69.89,71.38,28.62
95210,Enghien-les-Bains,0002,6,944,710,658,75.21,72.34,27.66
95210,Enghien-les-Bains,0003,6,1002,711,647,70.96,74.03,25.97
95210,Enghien-les-Bains,0004,6,912,706,662,77.41,78.85,21.15
95210,Enghien-les-Bains,0005,6,943,691,646,73.28,74.61,25.39
95210,Enghien-les-Bains,0006,6,908,648,608,71.37,76.64,23.36
95210,Enghien-les-Bains,0007,6,975,719,669,73.74,78.77,21.23
95210,Enghien-les-Bains,0008,6,674,488,465,72.4,74.62,25.38
95210,Enghien-les-Bains,0009,6,701,526,485,75.04,78.76,21.24
95211,Ennery,0001,1,748,601,541,80.35,66.17,33.83
95211,Ennery,0002,1,807,646,587,80.05,60.82,39.18
95212,Epiais-lès-Louvres,0001,9,89,66,62,74.16,54.84,45.16
95213,Epiais-Rhus,0001,1,544,457,426,84.01,52.35,47.65
95214,Epinay-Champlâtreux,0001,9,37,30,29,81.08,58.62,41.38
95218,Eragny,0001,2,986,694,647,70.39,69.86,30.14
95218,Eragny,0002,2,883,647,587,73.27,68.31,31.69
95218,Eragny,0003,2,1084,704,650,64.94,68.15,31.85
95218,Eragny,0004,2,1405,760,703,54.09,67.99,32.01
95218,Eragny,0005,2,1118,758,696,67.8,63.51,36.49
95218,Eragny,0006,2,1226,844,782,68.84,63.81,36.19
95218,Eragny,0007,2,1168,723,668,61.9,66.77,33.23
95218,Eragny,0008,2,1237,942,874,76.15,67.73,32.27
95218,Eragny,0009,2,1128,718,653,63.65,67.38,32.62
95218,Eragny,0010,2,998,671,598,67.23,64.55,35.45
95219,Ermont,0001,4,743,512,465,68.91,69.03,30.97
95219,Ermont,0002,4,1141,818,747,71.69,68.01,31.99
95219,Ermont,0003,4,793,568,529,71.63,69.94,30.06
95219,Ermont,0004,4,1006,735,677,73.06,75.33,24.67
95219,Ermont,0005,4,774,588,534,75.97,77.34,22.66
95219,Ermont,0006,4,790,570,519,72.15,73.99,26.01
95219,Ermont,0007,4,864,659,605,76.27,77.02,22.98
95219,Ermont,0008,4,824,628,594,76.21,75.76,24.24
95219,Ermont,0009,4,1052,642,587,61.03,71.21,28.79
95219,Ermont,0010,4,1003,611,557,60.92,63.02,36.98
95219,Ermont,0011,4,941,629,571,66.84,70.75,29.25
95219,Ermont,0012,4,1109,844,781,76.1,77.46,22.54
95219,Ermont,0013,4,931,539,493,57.89,66.94,33.06
95219,Ermont,0014,4,834,473,424,56.71,70.52,29.48
95219,Ermont,0015,4,1094,781,706,71.39,70.82,29.18
95219,Ermont,0016,4,871,682,607,78.3,73.15,26.85
95219,Ermont,0017,4,996,523,483,52.51,71.22,28.78
95219,Ermont,0018,4,991,591,549,59.64,64.3,35.7
95219,Ermont,0019,4,873,666,614,76.29,69.87,30.13
95219,Ermont,0020,4,838,635,592,75.78,76.18,23.82
95229,Ezanville,0001,7,1114,804,726,72.17,63.36,36.64
95229,Ezanville,0002,7,1069,660,603,61.74,64.68,35.32
95229,Ezanville,0003,7,889,652,596,73.34,62.58,37.42
95229,Ezanville,0004,7,1080,773,698,71.57,59.31,40.69
95229,Ezanville,0005,7,920,594,548,64.57,65.15,34.85
95229,Ezanville,0006,7,1037,750,695,72.32,65.04,34.96
95241,Fontenay-en-Parisis,0001,9,1220,923,836,75.66,47.73,52.27
95250,Fosses,0001,9,1016,644,592,63.39,60.81,39.19
95250,Fosses,0002,9,1098,683,621,62.2,61.84,38.16
95250,Fosses,0003,9,989,700,636,70.78,59.59,40.41
95250,Fosses,0004,9,852,570,497,66.9,61.77,38.23
95250,Fosses,0005,9,475,345,313,72.63,47.6,52.4
95250,Fosses,0006,9,993,646,571,65.06,56.39,43.61
95250,Fosses,0007,9,880,592,538,67.27,61.52,38.48
95252,Franconville,0001,4,900,627,568,69.67,68.31,31.69
95252,Franconville,0002,4,704,420,384,59.66,63.28,36.72
95252,Franconville,0003,4,1084,704,634,64.94,64.67,35.33
95252,Franconville,0004,4,925,483,432,52.22,67.36,32.64
95252,Franconville,0005,4,866,526,479,60.74,61.8,38.2
95252,Franconville,0006,4,1012,618,571,61.07,69.88,30.12
95252,Franconville,0007,4,980,716,640,73.06,66.56,33.44
95252,Franconville,0008,4,1175,881,801,74.98,72.53,27.47
95252,Franconville,0009,4,1156,857,774,74.13,70.28,29.72
95252,Franconville,0010,4,1050,714,672,68.0,66.37,33.63
95252,Franconville,0011,4,951,633,561,66.56,65.78,34.22
95252,Franconville,0012,4,954,596,551,62.47,69.15,30.85
95252,Franconville,0013,4,878,500,443,56.95,66.59,33.41
95252,Franconville,0014,4,883,537,489,60.82,61.15,38.85
95252,Franconville,0015,4,1220,895,818,73.36,66.63,33.37
95252,Franconville,0016,4,981,700,632,71.36,65.19,34.81
95252,Franconville,0017,4,1131,711,651,62.86,65.44,34.56
95252,Franconville,0018,4,927,726,668,78.32,68.26,31.74
95252,Franconville,0019,4,1105,770,710,69.68,66.9,33.1
95252,Franconville,0020,4,984,684,616,69.51,61.53,38.47
95252,Franconville,0021,4,1052,662,604,62.93,64.9,35.1
95252,Franconville,0022,4,896,639,574,71.32,67.77,32.23
95253,Frémainville,0001,1,374,282,258,75.4,57.75,42.25
95254,Frémécourt,0001,1,423,330,291,78.01,49.14,50.86
95256,Frépillon,0001,3,1070,805,732,75.23,56.28,43.72
95256,Frépillon,0002,3,1085,826,752,76.13,59.18,40.82
95257,La Frette-sur-Seine,0001,3,1119,842,775,75.25,67.35,32.65
95257,La Frette-sur-Seine,0002,3,1216,928,842,76.32,65.91,34.09
95257,La Frette-sur-Seine,0003,3,764,588,538,76.96,68.03,31.97
95258,Frouville,0001,1,318,248,232,77.99,71.12,28.88
95268,Garges-lès-Gonesse,0001,8,1099,583,530,53.05,69.62,30.38
95268,Garges-lès-Gonesse,0002,8,1100,567,501,51.55,74.65,25.35
95268,Garges-lès-Gonesse,0003,8,1183,638,583,53.93,75.81,24.19
95268,Garges-lès-Gonesse,0004,8,1081,630,578,58.28,81.14,18.86
95268,Garges-lès-Gonesse,0005,8,1057,560,519,52.98,75.53,24.47
95268,Garges-lès-Gonesse,0006,8,937,454,413,48.45,77.72,22.28
95268,Garges-lès-Gonesse,0007,8,1113,581,545,52.2,80.73,19.27
95268,Garges-lès-Gonesse,0008,8,1178,620,550,52.63,73.09,26.91
95268,Garges-lès-Gonesse,0009,8,1169,671,605,57.4,69.59,30.41
95268,Garges-lès-Gonesse,0010,8,882,541,489,61.34,69.73,30.27
95268,Garges-lès-Gonesse,0011,8,987,597,538,60.49,67.47,32.53
95268,Garges-lès-Gonesse,0012,8,976,576,546,59.02,63.37,36.63
95268,Garges-lès-Gonesse,0013,8,1341,754,691,56.23,75.54,24.46
95268,Garges-lès-Gonesse,0014,8,1133,626,569,55.25,76.63,23.37
95268,Garges-lès-Gonesse,0015,8,954,471,445,49.37,71.24,28.76
95268,Garges-lès-Gonesse,0016,8,994,516,480,51.91,80.42,19.58
95268,Garges-lès-Gonesse,0017,8,1085,630,583,58.06,76.84,23.16
95270,Genainville,0001,1,422,333,309,78.91,48.22,51.78
95271,Génicourt,0001,1,376,312,299,82.98,58.53,41.47
95277,Gonesse,0001,9,667,425,384,63.72,64.84,35.16
95277,Gonesse,0002,9,1091,677,604,62.05,61.59,38.41
95277,Gonesse,0003,9,1113,680,623,61.1,60.67,39.33
95277,Gonesse,0004,9,877,488,448,55.64,58.48,41.52
95277,Gonesse,0005,9,966,611,573,63.25,55.15,44.85
95277,Gonesse,0006,9,860,550,508,63.95,55.31,44.69
95277,Gonesse,0007,9,1135,679,638,59.82,54.86,45.14
95277,Gonesse,0008,9,986,514,448,52.13,66.52,33.48
95277,Gonesse,0009,9,1027,588,541,57.25,62.66,37.34
95277,Gonesse,0010,9,1049,557,499,53.1,67.13,32.87
95277,Gonesse,0011,9,710,413,382,58.17,63.35,36.65
95277,Gonesse,0012,9,976,531,471,54.41,59.66,40.34
95277,Gonesse,0013,9,745,466,431,62.55,58.24,41.76
95277,Gonesse,0014,9,871,553,484,63.49,63.84,36.16
95277,Gonesse,0015,9,754,500,452,66.31,62.61,37.39
95277,Gonesse,0016,9,799,538,491,67.33,60.9,39.1
95280,Goussainville,0001,9,669,402,389,60.09,49.87,50.13
95280,Goussainville,0002,9,888,533,488,60.02,58.81,41.19
95280,Goussainville,0003,9,780,481,443,61.67,64.56,35.44
95280,Goussainville,0004,9,473,277,264,58.56,33.33,66.67
95280,Goussainville,0005,9,974,490,453,50.31,67.55,32.45
95280,Goussainville,0006,9,652,384,349,58.9,55.01,44.99
95280,Goussainville,0007,9,943,467,423,49.52,66.43,33.57
95280,Goussainville,0008,9,799,411,364,51.44,65.38,34.62
95280,Goussainville,0009,9,849,520,474,61.25,62.87,37.13
95280,Goussainville,0010,9,850,488,453,57.41,65.78,34.22
95280,Goussainville,0011,9,866,508,479,58.66,62.21,37.79
95280,Goussainville,0012,9,683,388,344,56.81,72.67,27.33
95280,Goussainville,0013,9,707,421,387,59.55,59.69,40.31
95280,Goussainville,0014,9,712,426,402,59.83,66.42,33.58
95280,Goussainville,0015,9,734,425,406,57.9,50.25,49.75
95280,Goussainville,0016,9,522,258,242,49.43,68.18,31.82
95280,Goussainville,0017,9,850,491,447,57.76,63.09,36.91
95280,Goussainville,0018,9,986,542,502,54.97,70.12,29.88
95280,Goussainville,0019,9,683,384,346,56.22,66.76,33.24
95280,Goussainville,0020,9,1009,517,473,51.24,76.32,23.68
95280,Goussainville,0021,9,556,305,284,54.86,69.72,30.28
95282,Gouzangrez,0001,1,125,112,96,89.6,59.38,40.62
95287,Grisy-les-Plâtres,0001,1,543,441,410,81.22,60.0,40.0
95288,Groslay,0001,7,1131,818,753,72.33,61.09,38.91
95288,Groslay,0002,7,1013,680,626,67.13,63.58,36.42
95288,Groslay,0003,7,1038,669,615,64.45,53.66,46.34
95288,Groslay,0004,7,942,689,640,73.14,65.31,34.69
95288,Groslay,0005,7,1112,772,708,69.42,71.61,28.39
95295,Guiry-en-Vexin,0001,1,142,114,101,80.28,60.4,39.6
95298,Haravilliers,0001,1,452,377,344,83.41,57.27,42.73
95301,Haute-Isle,0001,1,206,164,156,79.61,55.13,44.87
95303,Le Heaulme,0001,1,161,138,129,85.71,53.49,46.51
95304,Hédouville,0001,1,219,192,172,87.67,65.7,34.3
95306,Herblay-sur-Seine,0001,3,798,513,461,64.29,61.61,38.39
95306,Herblay-sur-Seine,0002,3,939,706,650,75.19,76.15,23.85
95306,Herblay-sur-Seine,0003,3,878,672,633,76.54,66.51,33.49
95306,Herblay-sur-Seine,0004,3,796,573,539,71.98,68.83,31.17
95306,Herblay-sur-Seine,0005,3,969,756,699,78.02,70.82,29.18
95306,Herblay-sur-Seine,0006,3,998,660,602,66.13,51.0,49.0
95306,Herblay-sur-Seine,0007,3,982,743,683,75.66,70.72,29.28
95306,Herblay-sur-Seine,0008,3,778,569,521,73.14,67.75,32.25
95306,Herblay-sur-Seine,0009,3,930,659,608,70.86,55.92,44.08
95306,Herblay-sur-Seine,0010,3,973,660,604,67.83,61.09,38.91
95306,Herblay-sur-Seine,0011,3,953,710,638,74.5,62.54,37.46
95306,Herblay-sur-Seine,0012,3,1163,826,763,71.02,57.93,42.07
95306,Herblay-sur-Seine,0013,3,859,564,514,65.66,70.43,29.57
95306,Herblay-sur-Seine,0014,3,913,667,613,73.06,64.93,35.07
95306,Herblay-sur-Seine,0015,3,1113,888,830,79.78,70.12,29.88
95306,Herblay-sur-Seine,0016,3,1066,740,677,69.42,59.38,40.62
95306,Herblay-sur-Seine,0017,3,895,626,577,69.94,71.06,28.94
95306,Herblay-sur-Seine,0018,3,953,596,544,62.54,73.53,26.47
95306,Herblay-sur-Seine,0019,3,1058,761,717,71.93,72.66,27.34
95306,Herblay-sur-Seine,0020,3,593,435,409,73.36,65.53,34.47
95306,Herblay-sur-Seine,0021,3,1077,710,659,65.92,64.19,35.81
95308,Hérouville,0001,1,456,373,346,81.8,53.76,46.24
95309,Hodent,0001,1,156,129,122,82.69,47.54,52.46
95313,L'Isle-Adam,0001,2,950,727,659,76.53,66.31,33.69
95313,L'Isle-Adam,0002,2,1092,798,747,73.08,60.78,39.22
95313,L'Isle-Adam,0003,2,992,822,773,82.86,72.83,27.17
95313,L'Isle-Adam,0004,2,1146,859,802,74.96,69.2,30.8
95313,L'Isle-Adam,0005,2,1085,820,747,75.58,59.17,40.83
95313,L'Isle-Adam,0006,2,873,704,661,80.64,66.41,33.59
95313,L'Isle-Adam,0007,2,1009,811,751,80.38,64.71,35.29
95313,L'Isle-Adam,0008,2,835,643,595,77.01,63.53,36.47
95313,L'Isle-Adam,0009,2,772,513,474,66.45,61.6,38.4
95316,Jagny-sous-Bois,0001,9,220,173,155,78.64,39.35,60.65
95323,Jouy-le-Moutier,0001,10,1524,1110,1004,72.83,67.03,32.97
95323,Jouy-le-Moutier,0002,10,1552,1081,966,69.65,68.74,31.26
95323,Jouy-le-Moutier,0003,10,1522,1056,967,69.38,68.46,31.54
95323,Jouy-le-Moutier,0004,10,1169,817,732,69.89,68.03,31.97
95323,Jouy-le-Moutier,0005,10,1465,979,895,66.83,63.58,36.42
95323,Jouy-le-Moutier,0006,10,1437,1026,920,71.4,72.93,27.07
95323,Jouy-le-Moutier,0007,10,1337,919,839,68.74,62.93,37.07
95323,Jouy-le-Moutier,0008,10,1051,669,620,63.65,66.13,33.87
95328,Labbeville,0001,1,422,341,318,80.81,58.18,41.82
95331,Lassy,0001,9,120,91,89,75.83,53.93,46.07
95341,Livilliers,0001,1,279,235,222,84.23,56.76,43.24
95348,Longuesse,0001,1,423,320,287,75.65,63.07,36.93
95351,Louvres,0001,9,763,439,386,57.54,47.93,52.07
95351,Louvres,0002,9,822,523,476,63.63,59.87,40.13
95351,Louvres,0003,9,961,634,590,65.97,55.42,44.58
95351,Louvres,0004,9,948,602,549,63.5,67.4,32.6
95351,Louvres,0005,9,1035,647,586,62.51,59.73,40.27
95351,Louvres,0006,9,832,503,449,60.46,61.47,38.53
95351,Louvres,0007,9,1125,806,734,71.64,60.9,39.1
95352,Luzarches,0001,9,1175,875,795,74.47,59.62,40.38
95352,Luzarches,0002,9,1171,887,825,75.75,59.39,40.61
95352,Luzarches,0003,9,1064,768,680,72.18,53.82,46.18
95353,Maffliers,0001,2,1221,903,824,73.96,51.46,48.54
95355,Magny-en-Vexin,0001,1,837,585,530,69.89,53.4,46.6
95355,Magny-en-Vexin,0002,1,732,528,496,72.13,51.01,48.99
95355,Magny-en-Vexin,0003,1,724,554,503,76.52,60.64,39.36
95355,Magny-en-Vexin,0004,1,388,300,275,77.32,43.64,56.36
95355,Magny-en-Vexin,0005,1,986,702,659,71.2,48.56,51.44
95365,Mareil-en-France,0001,9,459,321,294,69.93,48.64,51.36
95369,Margency,0001,6,957,765,704,79.94,71.16,28.84
95369,Margency,0002,6,1046,786,721,75.14,68.93,31.07
95370,Marines,0001,1,843,609,560,72.24,56.61,43.39
95370,Marines,0002,1,844,624,588,73.93,56.8,43.2
95370,Marines,0003,1,742,502,466,67.65,48.07,51.93
95371,Marly-la-Ville,0001,9,1290,884,788,68.53,52.66,47.34
95371,Marly-la-Ville,0002,9,1033,767,688,74.25,65.41,34.59
95371,Marly-la-Ville,0003,9,611,416,389,68.09,47.3,52.7
95371,Marly-la-Ville,0004,9,1098,749,686,68.21,46.94,53.06
95379,Maudétour-en-Vexin,0001,1,171,150,132,87.72,58.33,41.67
95387,Menouville,0001,1,45,37,31,82.22,41.94,58.06
95388,Menucourt,0001,10,964,697,634,72.3,61.67,38.33
95388,Menucourt,0002,10,977,731,665,74.82,57.29,42.71
95388,Menucourt,0003,10,1142,885,800,77.5,61.0,39.0
95388,Menucourt,0004,10,807,598,542,74.1,60.52,39.48
95392,Mériel,0001,2,867,639,583,73.7,55.06,44.94
95392,Mériel,0002,2,964,744,672,77.18,56.25,43.75
95392,Mériel,0003,2,847,639,573,75.44,63.0,37.0
95392,Mériel,0004,2,970,708,646,72.99,59.75,40.25
95394,Méry-sur-Oise,0001,2,953,694,637,72.82,56.36,43.64
95394,Méry-sur-Oise,0002,2,918,644,568,70.15,59.51,40.49
95394,Méry-sur-Oise,0003,2,1112,795,724,71.49,63.81,36.19
95394,Méry-sur-Oise,0004,2,876,569,515,64.95,63.88,36.12
95394,Méry-sur-Oise,0005,2,966,651,604,67.39,60.43,39.57
95394,Méry-sur-Oise,0006,2,756,574,527,75.93,63.57,36.43
95394,Méry-sur-Oise,0007,2,872,621,570,71.22,61.58,38.42
95395,Le Mesnil-Aubry,0001,7,634,502,467,79.18,44.33,55.67
95409,Moisselles,0001,7,852,663,604,77.82,54.64,45.36
95422,Montgeroult,0001,1,298,234,206,78.52,67.48,32.52
95424,Montigny-lès-Cormeilles,0001,3,1007,701,626,69.61,67.73,32.27
95424,Montigny-lès-Cormeilles,0002,3,970,672,612,69.28,63.89,36.11
95424,Montigny-lès-Cormeilles,0003,3,925,536,485,57.95,69.48,30.52
95424,Montigny-lès-Cormeilles,0004,3,1035,715,654,69.08,62.69,37.31
95424,Montigny-lès-Cormeilles,0005,3,1033,578,537,55.95,71.32,28.68
95424,Montigny-lès-Cormeilles,0006,3,984,584,530,59.35,67.92,32.08
95424,Montigny-lès-Cormeilles,0007,3,822,493,450,59.98,70.22,29.78
95424,Montigny-lès-Cormeilles,0008,3,823,558,522,67.8,70.5,29.5
95424,Montigny-lès-Cormeilles,0009,3,774,489,447,63.18,73.38,26.62
95424,Montigny-lès-Cormeilles,0010,3,782,479,423,61.25,71.63,28.37
95424,Montigny-lès-Cormeilles,0011,3,973,599,531,61.56,66.1,33.9
95424,Montigny-lès-Cormeilles,0012,3,918,587,535,63.94,70.47,29.53
95424,Montigny-lès-Cormeilles,0013,3,907,584,519,64.39,70.13,29.87
95426,Montlignon,0001,4,1266,941,870,74.33,67.24,32.76
95426,Montlignon,0002,4,947,735,675,77.61,64.74,35.26
95427,Montmagny,0001,6,1191,736,671,61.8,71.83,28.17
95427,Montmagny,0002,6,964,634,583,65.77,73.93,26.07
95427,Montmagny,0003,6,329,162,150,49.24,62.0,38.0
95427,Montmagny,0004,6,1093,722,655,66.06,72.52,27.48
95427,Montmagny,0005,6,1210,753,704,62.23,76.14,23.86
95427,Montmagny,0006,6,1209,764,688,63.19,73.98,26.02
95427,Montmagny,0007,6,914,637,578,69.69,75.26,24.74
95427,Montmagny,0008,6,626,422,382,67.41,67.28,32.72
95428,Montmorency,0001,7,1168,893,831,76.46,75.69,24.31
95428,Montmorency,0002,7,1229,898,816,73.07,73.41,26.59
95428,Montmorency,0003,7,1334,993,908,74.44,72.58,27.42
95428,Montmorency,0004,7,1344,1014,948,75.45,78.27,21.73
95428,Montmorency,0005,7,1365,1048,975,76.78,79.79,20.21
95428,Montmorency,0006,7,1094,808,743,73.86,75.37,24.63
95428,Montmorency,0007,7,1181,884,822,74.85,73.84,26.16
95428,Montmorency,0008,7,1419,1029,978,72.52,70.35,29.65
95428,Montmorency,0009,7,1317,886,816,67.27,67.03,32.97
95428,Montmorency,0010,7,955,562,525,58.85,57.14,42.86
95428,Montmorency,0011,7,1132,814,760,71.91,67.11,32.89
95429,Montreuil-sur-Epte,0001,1,329,258,232,78.42,53.45,46.55
95430,Montsoult,0001,2,1355,990,884,73.06,60.86,39.14
95430,Montsoult,0002,2,1284,947,863,73.75,52.38,47.62
95436,Mours,0001,1,1124,827,744,73.58,56.85,43.15
95438,Moussy,0001,1,97,81,67,83.51,47.76,52.24
95445,Nerville-la-Forêt,0001,2,459,366,338,79.74,62.72,37.28
95446,Nesles-la-Vallée,0001,1,1514,1162,1067,76.75,64.01,35.99
95447,Neuilly-en-Vexin,0001,1,147,127,119,86.39,57.98,42.02
95450,Neuville-sur-Oise,0001,2,1188,961,885,80.89,70.51,29.49
95452,Nointel,0001,1,605,484,423,80.0,58.16,41.84
95456,Noisy-sur-Oise,0001,2,439,342,319,77.9,49.22,50.78
95459,Nucourt,0001,1,575,459,429,79.83,46.85,53.15
95462,Omerville,0001,1,271,212,193,78.23,49.74,50.26
95476,Osny,0001,10,899,628,561,69.86,60.96,39.04
95476,Osny,0002,10,789,611,579,77.44,66.15,33.85
95476,Osny,0003,10,938,684,646,72.92,63.0,37.0
95476,Osny,0004,10,966,674,613,69.77,64.27,35.73
95476,Osny,0005,10,994,612,559,61.57,61.54,38.46
95476,Osny,0006,10,1052,797,738,75.76,66.26,33.74
95476,Osny,0007,10,905,566,515,62.54,64.27,35.73
95476,Osny,0008,10,879,571,531,64.96,58.0,42.0
95476,Osny,0009,10,839,607,566,72.35,60.07,39.93
95476,Osny,0010,10,860,575,528,66.86,64.2,35.8
95476,Osny,0011,10,1022,575,534,56.26,72.66,27.34
95476,Osny,0012,10,761,585,554,76.87,74.91,25.09
95480,Parmain,0001,2,1112,791,729,71.13,65.71,34.29
95480,Parmain,0002,2,1201,850,757,70.77,56.54,43.46
95480,Parmain,0003,2,1046,779,721,74.47,62.55,37.45
95480,Parmain,0004,2,938,677,613,72.17,62.15,37.85
95483,Le Perchay,0001,1,415,313,282,75.42,65.6,34.4
95487,Persan,0001,1,1127,725,658,64.33,57.75,42.25
95487,Persan,0002,1,1072,683,614,63.71,55.7,44.3
95487,Persan,0003,1,1413,907,821,64.19,55.3,44.7
95487,Persan,0004,1,503,264,246,52.49,56.5,43.5
95487,Persan,0005,1,721,382,351,52.98,54.13,45.87
95487,Persan,0006,1,1286,824,756,64.07,54.1,45.9
95488,Pierrelaye,0001,3,795,480,440,60.38,57.73,42.27
95488,Pierrelaye,0002,3,974,501,455,51.44,55.82,44.18
95488,Pierrelaye,0003,3,753,493,444,65.47,59.01,40.99
95488,Pierrelaye,0004,3,862,574,544,66.59,59.56,40.44
95488,Pierrelaye,0005,3,629,435,405,69.16,60.0,40.0
95488,Pierrelaye,0006,3,481,354,329,73.6,57.75,42.25
95488,Pierrelaye,0007,3,899,645,576,71.75,55.56,44.44
95489,Piscop,0001,7,466,377,343,80.9,52.19,47.81
95491,Le Plessis-Bouchard,0001,3,713,513,473,71.95,68.08,31.92
95491,Le Plessis-Bouchard,0002,3,786,575,520,73.16,70.19,29.81
95491,Le Plessis-Bouchard,0003,3,675,522,465,77.33,68.39,31.61
95491,Le Plessis-Bouchard,0004,3,886,673,634,75.96,67.35,32.65
95491,Le Plessis-Bouchard,0005,3,766,603,553,78.72,63.11,36.89
95491,Le Plessis-Bouchard,0006,3,939,738,677,78.59,64.84,35.16
95491,Le Plessis-Bouchard,0007,3,947,726,678,76.66,64.75,35.25
95492,Le Plessis-Gassot,0001,7,61,53,46,86.89,32.61,67.39
95493,Le Plessis-Luzarches,0001,9,100,81,71,81.0,54.93,45.07
95500,Pontoise,0001,1,943,638,573,67.66,69.81,30.19
95500,Pontoise,0002,1,854,567,511,66.39,76.13,23.87
95500,Pontoise,0003,1,920,693,636,75.33,72.96,27.04
95500,Pontoise,0004,1,805,597,546,74.16,70.33,29.67
95500,Pontoise,0005,1,1011,764,693,75.57,74.03,25.97
95500,Pontoise,0006,1,725,552,511,76.14,71.82,28.18
95500,Pontoise,0007,1,724,512,470,70.72,62.55,37.45
95500,Pontoise,0008,1,726,413,374,56.89,66.84,33.16
95500,Pontoise,0009,1,540,340,306,62.96,73.53,26.47
95500,Pontoise,0010,1,937,528,487,56.35,65.09,34.91
95500,Pontoise,0011,1,823,517,478,62.82,58.37,41.63
95500,Pontoise,0012,1,1065,733,674,68.83,78.64,21.36
95500,Pontoise,0013,1,679,324,309,47.72,76.05,23.95
95500,Pontoise,0014,1,559,307,279,54.92,70.25,29.75
95500,Pontoise,0015,1,735,485,434,65.99,61.52,38.48
95500,Pontoise,0016,1,1351,929,850,68.76,67.53,32.47
95500,Pontoise,0017,1,1168,797,753,68.24,62.28,37.72
95500,Pontoise,0018,1,533,334,303,62.66,62.71,37.29
95500,Pontoise,0019,1,617,431,407,69.85,73.71,26.29
95500,Pontoise,0020,1,728,471,432,64.7,64.35,35.65
95500,Pontoise,0021,1,560,363,320,64.82,66.88,33.12
95504,Presles,0001,2,726,548,497,75.48,65.79,34.21
95504,Presles,0002,2,632,500,439,79.11,60.14,39.86
95504,Presles,0003,2,679,524,479,77.17,51.98,48.02
95504,Presles,0004,2,666,493,446,74.02,56.05,43.95
95509,Puiseux-en-France,0001,9,1074,710,629,66.11,55.96,44.04
95509,Puiseux-en-France,0002,9,1117,778,714,69.65,55.74,44.26
95509,Puiseux-en-France,0003,9,336,230,206,68.45,55.34,44.66
95510,Puiseux-Pontoise,0001,10,381,286,275,75.07,71.27,28.73
95523,La Roche-Guyon,0001,1,307,225,203,73.29,64.53,35.47
95527,Roissy-en-France,0001,9,1538,1058,984,68.79,47.76,52.24
95529,Ronquerolles,0001,1,648,491,442,75.77,53.62,46.38
95535,Sagy,0001,1,924,662,611,71.65,55.16,44.84
95539,Saint-Brice-sous-Forêt,0001,7,1074,731,686,68.06,59.48,40.52
95539,Saint-Brice-sous-Forêt,0002,7,915,583,535,63.72,58.69,41.31
95539,Saint-Brice-sous-Forêt,0003,7,1031,713,645,69.16,55.19,44.81
95539,Saint-Brice-sous-Forêt,0004,7,849,580,543,68.32,60.96,39.04
95539,Saint-Brice-sous-Forêt,0005,7,1160,745,675,64.22,72.89,27.11
95539,Saint-Brice-sous-Forêt,0006,7,979,671,618,68.54,67.96,32.04
95539,Saint-Brice-sous-Forêt,0007,7,971,567,523,58.39,56.79,43.21
95539,Saint-Brice-sous-Forêt,0008,7,911,539,502,59.17,73.51,26.49
95539,Saint-Brice-sous-Forêt,0009,7,975,655,608,67.18,70.23,29.77
95541,Saint-Clair-sur-Epte,0001,1,618,433,399,70.06,39.1,60.9
95543,Saint-Cyr-en-Arthies,0001,1,174,140,129,80.46,59.69,40.31
95554,Saint-Gervais,0001,1,700,563,505,80.43,61.39,38.61
95555,Saint-Gratien,0001,6,1181,910,839,77.05,75.92,24.08
95555,Saint-Gratien,0002,6,1273,926,858,72.74,69.7,30.3
95555,Saint-Gratien,0003,6,1413,785,711,55.56,73.7,26.3
95555,Saint-Gratien,0004,6,1047,758,724,72.4,78.45,21.55
95555,Saint-Gratien,0005,6,1305,740,682,56.7,67.16,32.84
95555,Saint-Gratien,0006,6,1355,936,851,69.08,72.5,27.5
95555,Saint-Gratien,0007,6,1245,740,661,59.44,74.58,25.42
95555,Saint-Gratien,0008,6,1005,640,592,63.68,67.06,32.94
95555,Saint-Gratien,0009,6,1097,698,643,63.63,69.21,30.79
95555,Saint-Gratien,0010,6,1183,803,728,67.88,74.59,25.41
95555,Saint-Gratien,0011,6,1228,823,760,67.02,73.68,26.32
95563,Saint-Leu-la-Forêt,0001,4,1007,784,748,77.86,74.6,25.4
95563,Saint-Leu-la-Forêt,0002,4,1125,807,751,71.73,71.9,28.1
95563,Saint-Leu-la-Forêt,0003,4,1137,868,801,76.34,76.28,23.72
95563,Saint-Leu-la-Forêt,0004,4,1167,869,820,74.46,67.44,32.56
95563,Saint-Leu-la-Forêt,0005,4,1213,873,793,71.97,69.99,30.01
95563,Saint-Leu-la-Forêt,0006,4,1086,761,686,70.07,67.06,32.94
95563,Saint-Leu-la-Forêt,0007,4,1322,855,775,64.67,66.84,33.16
95563,Saint-Leu-la-Forêt,0008,4,1165,855,790,73.39,71.77,28.23
95563,Saint-Leu-la-Forêt,0009,4,1095,788,732,71.96,63.93,36.07
95563,Saint-Leu-la-Forêt,0010,4,1021,729,665,71.4,76.09,23.91
95566,Saint-Martin-du-Tertre,0001,2,914,622,553,68.05,50.27,49.73
95566,Saint-Martin-du-Tertre,0002,2,909,595,538,65.46,55.2,44.8
95572,Saint-Ouen-l'Aumône,0001,2,1041,713,660,68.49,69.7,30.3
95572,Saint-Ouen-l'Aumône,0002,2,1174,826,763,70.36,71.69,28.31
95572,Saint-Ouen-l'Aumône,0003,2,973,658,599,67.63,66.11,33.89
95572,Saint-Ouen-l'Aumône,0004,2,1128,662,604,58.69,66.56,33.44
95572,Saint-Ouen-l'Aumône,0005,2,1132,740,666,65.37,69.67,30.33
95572,Saint-Ouen-l'Aumône,0006,2,1216,804,731,66.12,66.89,33.11
95572,Saint-Ouen-l'Aumône,0007,2,1273,679,611,53.34,66.12,33.88
95572,Saint-Ouen-l'Aumône,0008,2,886,528,486,59.59,68.11,31.89
95572,Saint-Ouen-l'Aumône,0009,2,1202,824,757,68.55,64.46,35.54
95572,Saint-Ouen-l'Aumône,0010,2,992,740,666,74.6,67.72,32.28
95572,Saint-Ouen-l'Aumône,0011,2,882,568,508,64.4,62.8,37.2
95572,Saint-Ouen-l'Aumône,0012,2,1132,665,617,58.75,64.99,35.01
95574,Saint-Prix,0001,4,807,606,554,75.09,67.15,32.85
95574,Saint-Prix,0002,4,878,563,505,64.12,59.8,40.2
95574,Saint-Prix,0003,4,867,628,591,72.43,70.05,29.95
95574,Saint-Prix,0004,4,846,623,558,73.64,67.92,32.08
95574,Saint-Prix,0005,4,829,610,572,73.58,69.93,30.07
95574,Saint-Prix,0006,4,552,405,374,73.37,66.31,33.69
95574,Saint-Prix,0007,4,786,576,540,73.28,72.22,27.78
95580,Saint-Witz,0001,9,914,693,655,75.82,64.27,35.73
95580,Saint-Witz,0002,9,1026,764,727,74.46,70.15,29.85
95582,Sannois,0001,6,1013,667,604,65.84,71.36,28.64
95582,Sannois,0002,6,1140,773,699,67.81,70.67,29.33
95582,Sannois,0003,6,804,543,500,67.54,73.8,26.2
95582,Sannois,0004,6,1072,725,670,67.63,65.07,34.93
95582,Sannois,0005,6,1207,859,792,71.17,69.32,30.68
95582,Sannois,0006,6,1089,755,712,69.33,65.73,34.27
95582,Sannois,0007,6,954,607,556,63.63,63.85,36.15
95582,Sannois,0008,6,771,427,389,55.38,67.1,32.9
95582,Sannois,0009,6,1211,809,742,66.8,68.6,31.4
95582,Sannois,0010,6,903,561,522,62.13,68.97,31.03
95582,Sannois,0011,6,1090,799,734,73.3,71.53,28.47
95582,Sannois,0012,6,1028,742,677,72.18,72.08,27.92
95582,Sannois,0013,6,866,668,617,77.14,72.77,27.23
95582,Sannois,0014,6,927,651,603,70.23,78.44,21.56
95582,Sannois,0015,6,823,621,578,75.46,68.69,31.31
95582,Sannois,0016,6,862,620,573,71.93,69.98,30.02
95582,Sannois,0017,6,782,496,467,63.43,72.59,27.41
95584,Santeuil,0001,1,497,405,371,81.49,60.65,39.35
95585,Sarcelles,0004,7,779,475,448,60.98,60.71,39.29
95585,Sarcelles,0005,7,924,474,417,51.3,70.98,29.02
95585,Sarcelles,0009,7,1226,700,649,57.1,61.17,38.83
95585,Sarcelles,0016,7,763,401,363,52.56,76.03,23.97
95585,Sarcelles,0018,7,685,344,315,50.22,74.6,25.4
95585,Sarcelles,0020,7,1009,548,486,54.31,74.49,25.51
95585,Sarcelles,0021,7,823,433,405,52.61,76.05,23.95
95585,Sarcelles,0022,7,876,461,429,52.63,82.05,17.95
95585,Sarcelles,0024,7,996,479,452,48.09,78.32,21.68
95585,Sarcelles,0025,7,982,467,440,47.56,77.73,22.27
95585,Sarcelles,0026,7,867,449,402,51.79,61.44,38.56
95585,Sarcelles,0027,7,517,284,273,54.93,75.46,24.54
95585,Sarcelles,0028,7,751,356,339,47.4,72.57,27.43
95585,Sarcelles,0029,7,876,470,430,53.65,73.02,26.98
95585,Sarcelles,0030,7,972,497,456,51.13,75.44,24.56
95585,Sarcelles,0001,8,1057,662,614,62.63,56.35,43.65
95585,Sarcelles,0002,8,1099,675,615,61.42,61.46,38.54
95585,Sarcelles,0003,8,992,662,611,66.73,63.01,36.99
95585,Sarcelles,0006,8,984,602,554,61.18,56.5,43.5
95585,Sarcelles,0007,8,1182,766,712,64.81,53.23,46.77
95585,Sarcelles,0008,8,1232,728,678,59.09,57.08,42.92
95585,Sarcelles,0010,8,953,567,520,59.5,73.08,26.92
95585,Sarcelles,0011,8,973,601,568,61.77,63.03,36.97
95585,Sarcelles,0012,8,889,458,414,51.52,68.12,31.88
95585,Sarcelles,0013,8,1014,520,470,51.28,69.79,30.21
95585,Sarcelles,0014,8,1063,563,514,52.96,73.15,26.85
95585,Sarcelles,0015,8,935,474,438,50.7,82.19,17.81
95585,Sarcelles,0017,8,931,473,424,50.81,66.75,33.25
95585,Sarcelles,0019,8,1156,616,550,53.29,66.73,33.27
95585,Sarcelles,0023,8,795,376,338,47.3,73.67,26.33
95592,Seraincourt,0001,1,988,767,701,77.63,57.77,42.23
95594,Seugy,0001,2,769,604,552,78.54,55.43,44.57
95598,Soisy-sous-Montmorency,0001,6,1407,992,921,70.5,68.4,31.6
95598,Soisy-sous-Montmorency,0002,6,1259,907,835,72.04,72.1,27.9
95598,Soisy-sous-Montmorency,0003,6,1476,1059,986,71.75,69.98,30.02
95598,Soisy-sous-Montmorency,0004,6,1293,874,807,67.59,73.48,26.52
95598,Soisy-sous-Montmorency,0005,6,953,550,505,57.71,70.3,29.7
95598,Soisy-sous-Montmorency,0006,6,1248,930,871,74.52,76.81,23.19
95598,Soisy-sous-Montmorency,0007,6,1047,710,660,67.81,73.64,26.36
95598,Soisy-sous-Montmorency,0008,6,984,599,538,60.87,66.54,33.46
95598,Soisy-sous-Montmorency,0009,6,1281,807,740,63.0,68.65,31.35
95598,Soisy-sous-Montmorency,0010,6,786,440,392,55.98,70.66,29.34
95604,Survilliers,0001,9,1455,1006,916,69.14,49.67,50.33
95604,Survilliers,0002,9,935,678,614,72.51,52.12,47.88
95607,Taverny,0001,3,1043,753,687,72.2,71.62,28.38
95607,Taverny,0002,3,878,632,581,71.98,66.27,33.73
95607,Taverny,0003,3,739,537,488,72.67,66.6,33.4
95607,Taverny,0004,3,1101,830,764,75.39,72.25,27.75
95607,Taverny,0005,3,1141,856,797,75.02,66.5,33.5
95607,Taverny,0006,3,1004,655,598,65.24,70.4,29.6
95607,Taverny,0007,3,1053,701,628,66.57,61.62,38.38
95607,Taverny,0008,3,1061,744,677,70.12,67.36,32.64
95607,Taverny,0009,3,946,651,585,68.82,59.49,40.51
95607,Taverny,0010,3,1075,795,718,73.95,61.84,38.16
95607,Taverny,0011,3,976,692,620,70.9,60.81,39.19
95607,Taverny,0012,3,1040,793,719,76.25,66.62,33.38
95607,Taverny,0013,3,863,559,500,64.77,73.0,27.0
95607,Taverny,0014,3,829,555,502,66.95,64.54,35.46
95607,Taverny,0015,3,632,466,425,73.73,67.06,32.94
95607,Taverny,0016,3,1051,744,668,70.79,63.47,36.53
95607,Taverny,0017,3,1031,748,692,72.55,66.33,33.67
95607,Taverny,0018,3,854,636,574,74.47,67.07,32.93
95610,Théméricourt,0001,1,233,175,162,75.11,69.14,30.86
95611,Theuville,0001,1,27,25,25,92.59,28.0,72.0
95612,Le Thillay,0001,9,838,552,507,65.87,47.93,52.07
95612,Le Thillay,0002,9,770,506,462,65.71,48.7,51.3
95612,Le Thillay,0003,9,822,524,474,63.75,51.27,48.73
95625,Us,0001,1,960,757,680,78.85,57.06,42.94
95627,Vallangoujard,0001,1,447,367,342,82.1,59.36,40.64
95628,Valmondois,0001,1,968,736,663,76.03,58.67,41.33
95633,Vaudherland,0001,9,59,42,39,71.19,17.95,82.05
95637,Vauréal,0001,10,1041,718,651,68.97,74.65,25.35
95637,Vauréal,0002,10,862,624,573,72.39,76.27,23.73
95637,Vauréal,0003,10,862,665,607,77.15,78.25,21.75
95637,Vauréal,0004,10,844,580,535,68.72,72.9,27.1
95637,Vauréal,0005,10,777,577,523,74.26,68.45,31.55
95637,Vauréal,0006,10,1063,749,688,70.46,72.09,27.91
95637,Vauréal,0007,10,1148,789,711,68.73,68.78,31.22
95637,Vauréal,0008,10,998,598,539,59.92,67.53,32.47
95637,Vauréal,0009,10,1100,644,575,58.55,72.17,27.83
95637,Vauréal,0010,10,958,645,587,67.33,69.68,30.32
95637,Vauréal,0011,10,916,662,612,72.27,74.67,25.33
95637,Vauréal,0012,10,960,624,573,65.0,76.44,23.56
95641,Vémars,0001,9,1785,1200,1083,67.23,48.66,51.34
95651,Vétheuil,0001,1,608,474,432,77.96,66.67,33.33
95652,Viarmes,0001,2,1429,1032,963,72.22,52.13,47.87
95652,Viarmes,0002,2,1306,939,850,71.9,53.76,46.24
95652,Viarmes,0003,2,1291,949,885,73.51,52.32,47.68
95656,Vienne-en-Arthies,0001,1,332,274,247,82.53,57.49,42.51
95658,Vigny,0001,1,888,673,626,75.79,62.46,37.54
95660,Villaines-sous-Bois,0001,2,536,418,386,77.99,49.74,50.26
95675,Villeron,0001,9,796,601,546,75.5,46.15,53.85
95676,Villers-en-Arthies,0001,1,389,319,288,82.01,51.74,48.26
95678,Villiers-Adam,0001,2,605,497,444,82.15,55.86,44.14
95680,Villiers-le-Bel,0001,8,1164,680,630,58.42,62.38,37.62
95680,Villiers-le-Bel,0002,8,864,501,456,57.99,65.79,34.21
95680,Villiers-le-Bel,0003,8,887,566,543,63.81,70.35,29.65
95680,Villiers-le-Bel,0004,8,680,428,395,62.94,70.89,29.11
95680,Villiers-le-Bel,0005,8,909,552,488,60.73,61.27,38.73
95680,Villiers-le-Bel,0006,8,1201,666,596,55.45,69.97,30.03
95680,Villiers-le-Bel,0007,8,976,530,481,54.3,70.89,29.11
95680,Villiers-le-Bel,0008,8,995,636,580,63.92,66.72,33.28
95680,Villiers-le-Bel,0009,8,1036,567,529,54.73,75.8,24.2
95680,Villiers-le-Bel,0010,8,881,498,453,56.53,71.96,28.04
95680,Villiers-le-Bel,0011,8,1227,731,676,59.58,63.91,36.09
95680,Villiers-le-Bel,0012,8,912,585,535,64.14,63.18,36.82
95680,Villiers-le-Bel,0013,8,682,375,340,54.99,72.06,27.94
95682,Villiers-le-Sec,0001,9,110,84,80,76.36,62.5,37.5
95690,Wy-dit-Joli-Village,0001,1,285,232,215,81.4,60.0,40.0
