code_commune,nom_commune,num_bdv,code_circ,inscrits,votants,exprimes,participation,eu_left,eu_ctr,eu_lr,eu_rn
95002,Ableiges,1,1,355,228,224,64.23,31.25,10.71,3.57,48.66
95002,Ableiges,2,1,343,230,224,67.06,22.77,14.29,7.59,49.55
95008,Aincourt,1,1,559,323,315,57.78,20.32,12.06,9.84,49.52
95011,Ambleville,1,1,308,170,166,55.19,22.29,15.06,4.22,48.8
95012,Amenucourt,1,1,141,88,88,62.41,18.18,10.23,3.41,53.41
95014,Andilly,1,6,710,386,377,54.37,29.71,14.85,12.2,36.87
95014,Andilly,2,6,805,473,470,58.76,28.94,21.7,14.68,28.51
95018,Argenteuil,1,5,810,373,367,46.05,56.4,9.26,4.9,25.07
95018,Argenteuil,2,5,909,472,463,51.93,59.83,10.8,4.75,16.85
95018,Argenteuil,3,5,776,385,373,49.61,58.45,8.31,3.22,21.18
95018,Argenteuil,4,5,907,427,421,47.08,54.87,9.5,9.26,21.38
95018,Argenteuil,5,5,1127,479,472,42.5,57.63,7.42,4.45,24.36
95018,Argenteuil,6,5,1074,435,427,40.5,64.17,6.56,3.04,20.37
95018,Argenteuil,7,5,791,319,314,40.33,57.01,8.28,3.18,24.52
95018,Argenteuil,8,5,955,423,418,44.29,61.24,11.0,4.78,16.51
95018,Argenteuil,9,5,926,396,392,42.76,58.42,11.73,4.08,19.9
95018,Argenteuil,10,5,1195,585,577,48.95,54.77,10.4,4.51,22.36
95018,Argenteuil,11,5,1014,483,475,47.63,53.05,15.58,6.11,18.11
95018,Argenteuil,12,5,1282,627,615,48.91,56.59,12.2,5.04,20.98
95018,Argenteuil,13,5,1011,566,560,55.98,51.25,14.29,6.43,22.5
95018,Argenteuil,14,5,858,342,336,39.86,48.81,5.06,2.68,35.71
95018,Argenteuil,15,5,876,329,324,37.56,60.8,6.48,2.78,19.75
95018,Argenteuil,16,5,1019,381,375,37.39,58.4,5.33,0.8,29.33
95018,Argenteuil,17,5,1082,514,499,47.5,57.52,7.01,5.41,23.85
95018,Argenteuil,18,5,1223,465,453,38.02,51.43,8.61,3.09,30.91
95018,Argenteuil,19,5,1326,574,563,43.29,55.24,12.79,3.55,22.91
95018,Argenteuil,20,5,1149,536,523,46.65,56.79,12.43,5.16,20.27
95018,Argenteuil,21,5,1083,487,478,44.97,48.12,12.97,6.28,27.41
95018,Argenteuil,22,5,1103,451,438,40.89,55.48,5.94,4.11,24.89
95018,Argenteuil,23,5,1189,580,573,48.78,49.74,9.77,5.24,30.02
95018,Argenteuil,24,5,1076,494,482,45.91,57.47,12.66,3.94,20.54
95018,Argenteuil,25,5,1061,514,504,48.44,54.56,9.13,5.16,27.18
95018,Argenteuil,26,5,1178,565,552,47.96,45.11,9.96,4.71,35.87
95018,Argenteuil,27,5,1135,557,545,49.07,41.1,13.39,7.52,32.29
95018,Argenteuil,28,5,1403,460,448,32.79,72.32,3.79,2.46,16.74
95018,Argenteuil,29,5,1135,394,383,34.71,72.32,6.79,2.35,12.79
95018,Argenteuil,30,5,981,344,327,35.07,70.34,3.36,1.83,16.82
95018,Argenteuil,31,5,1098,392,379,35.7,69.66,5.01,2.11,16.89
95018,Argenteuil,32,5,1178,467,454,39.64,72.69,1.54,1.76,18.72
95018,Argenteuil,33,5,1385,486,478,35.09,75.94,4.81,1.46,15.06
95018,Argenteuil,34,5,1122,479,469,42.69,55.22,13.65,2.77,20.9
95018,Argenteuil,35,5,1162,423,411,36.4,71.78,4.62,0.97,16.55
95018,Argenteuil,36,5,930,392,386,42.15,72.8,3.11,3.37,18.13
95018,Argenteuil,37,5,1138,462,448,40.6,57.14,10.49,4.46,21.65
95018,Argenteuil,38,5,1217,436,425,35.83,75.29,4.24,2.35,11.53
95018,Argenteuil,39,5,902,368,365,40.8,64.66,7.12,3.84,18.63
95018,Argenteuil,40,5,980,388,379,39.59,63.59,7.12,3.17,21.64
95018,Argenteuil,41,5,1430,497,488,34.76,70.08,3.89,2.46,19.47
95018,Argenteuil,42,5,1187,431,427,36.31,61.83,12.18,1.64,17.33
95018,Argenteuil,43,5,1084,466,461,42.99,55.97,9.76,3.69,22.99
95018,Argenteuil,44,5,1009,430,416,42.62,62.98,7.21,3.85,18.03
95018,Argenteuil,45,5,1398,542,535,38.77,65.05,7.85,2.62,19.25
95018,Argenteuil,46,5,1069,446,435,41.72,65.75,7.82,2.76,17.01
95018,Argenteuil,47,5,1263,545,540,43.15,65.74,5.74,3.33,20.19
95018,Argenteuil,48,5,1307,578,566,44.22,57.6,8.3,4.95,22.08
95018,Argenteuil,49,5,1348,583,577,43.25,58.93,8.32,2.95,22.18
95018,Argenteuil,50,5,1057,419,404,39.64,60.89,11.63,3.22,17.82
95019,Arnouville,1,8,1027,431,426,41.97,41.31,8.92,7.04,37.09
95019,Arnouville,2,8,971,426,418,43.87,46.41,4.31,4.55,39.0
95019,Arnouville,3,8,1310,624,610,47.63,37.87,8.36,4.75,44.1
95019,Arnouville,4,8,1140,416,408,36.49,49.26,6.62,3.43,33.58
95019,Arnouville,5,8,1079,448,441,41.52,39.68,9.3,4.99,39.68
95019,Arnouville,6,8,1153,461,446,39.98,37.67,10.76,6.28,38.79
95019,Arnouville,7,8,1240,513,505,41.37,39.6,12.08,6.34,35.64
95023,Arronville,1,1,463,274,271,59.18,22.51,15.13,12.55,41.33
95024,Arthies,1,1,195,110,107,56.41,27.1,6.54,9.35,49.53
95026,Asnières-sur-Oise,1,2,854,481,475,56.32,27.37,15.37,3.16,44.63
95026,Asnières-sur-Oise,2,2,679,398,394,58.62,27.16,13.96,6.85,44.42
95026,Asnières-sur-Oise,3,2,604,340,333,56.29,24.62,10.21,5.41,52.85
95028,Attainville,1,7,1225,650,638,53.06,27.12,10.34,7.99,46.87
95039,Auvers-sur-Oise,1,1,1119,675,661,60.32,36.76,15.58,6.2,33.59
95039,Auvers-sur-Oise,2,1,1133,659,645,58.16,39.07,12.4,4.81,33.95
95039,Auvers-sur-Oise,3,1,874,547,547,62.59,32.18,18.65,6.76,34.0
95039,Auvers-sur-Oise,4,1,944,536,526,56.78,33.08,16.35,6.65,37.07
95039,Auvers-sur-Oise,5,1,644,388,382,60.25,43.19,12.04,5.5,26.7
95039,Auvers-sur-Oise,6,1,579,337,331,58.2,31.42,19.64,4.23,37.16
95040,Avernes,1,1,677,432,422,63.81,26.78,15.64,9.24,38.86
95042,Baillet-en-France,1,2,1551,844,823,54.42,32.08,13.12,7.29,40.1
95046,Banthelu,1,1,105,69,65,65.71,33.85,10.77,7.69,44.62
95051,Beauchamp,1,3,713,379,368,53.16,36.68,14.95,8.42,33.15
95051,Beauchamp,2,3,815,461,451,56.56,33.92,16.41,6.87,35.48
95051,Beauchamp,3,3,813,458,450,56.33,35.78,17.11,7.56,32.44
95051,Beauchamp,4,3,652,371,358,56.9,27.65,21.79,7.82,35.2
95051,Beauchamp,5,3,863,425,413,49.25,36.56,13.8,7.02,36.56
95051,Beauchamp,6,3,780,391,386,50.13,34.46,19.43,7.25,33.68
95051,Beauchamp,7,3,893,484,472,54.2,33.47,18.86,7.84,32.84
95051,Beauchamp,8,3,810,472,459,58.27,32.68,15.03,9.8,35.08
95052,Beaumont-sur-Oise,1,1,1159,514,507,44.35,37.87,10.26,3.16,37.28
95052,Beaumont-sur-Oise,2,1,1220,632,618,51.8,34.47,12.3,4.69,40.61
95052,Beaumont-sur-Oise,3,1,1074,564,546,52.51,37.36,9.71,4.76,39.38
95052,Beaumont-sur-Oise,4,1,1008,474,460,47.02,43.7,10.43,5.87,33.26
95052,Beaumont-sur-Oise,5,1,1276,533,521,41.77,50.29,8.64,2.69,32.05
95054,Le Bellay-en-Vexin,1,1,153,104,103,67.97,29.13,12.62,1.94,42.72
95055,Bellefontaine,1,9,262,165,163,62.98,24.54,10.43,3.68,51.53
95056,Belloy-en-France,1,2,1408,754,739,53.55,24.9,10.83,6.63,49.26
95058,Bernes-sur-Oise,1,1,850,426,407,50.12,37.59,9.09,5.41,42.26
95058,Bernes-sur-Oise,2,1,876,437,422,49.89,35.55,9.48,4.74,44.31
95059,Berville,1,1,276,154,152,55.8,27.63,13.16,6.58,37.5
95060,Bessancourt,1,3,1055,576,567,54.6,37.04,14.64,6.17,34.92
95060,Bessancourt,2,3,903,501,496,55.48,32.86,14.31,6.65,37.7
95060,Bessancourt,3,3,897,344,333,38.35,40.24,12.61,3.3,35.44
95060,Bessancourt,4,3,842,471,464,55.94,34.91,13.58,7.76,36.42
95060,Bessancourt,5,3,910,427,417,46.92,37.65,11.51,4.8,36.21
95060,Bessancourt,6,3,813,430,420,52.89,39.76,7.86,5.0,39.76
95061,Béthemont-la-Forêt,1,3,340,215,212,63.24,28.3,13.68,8.49,39.62
95063,Bezons,1,5,1336,597,587,44.69,60.99,10.39,3.58,18.74
95063,Bezons,2,5,1009,426,417,42.22,60.43,7.67,3.6,19.9
95063,Bezons,3,5,881,401,395,45.52,56.2,11.14,3.29,23.04
95063,Bezons,4,5,917,469,459,51.15,44.44,14.38,4.14,30.72
95063,Bezons,5,5,829,341,331,41.13,67.37,6.95,0.6,19.64
95063,Bezons,6,5,1127,488,478,43.3,60.04,8.37,3.77,23.22
95063,Bezons,7,5,913,397,384,43.48,44.79,10.16,4.69,33.59
95063,Bezons,8,5,892,418,410,46.86,42.68,10.98,5.85,32.44
95063,Bezons,9,5,959,374,369,39.0,60.7,7.86,2.17,22.22
95063,Bezons,10,5,956,369,359,38.6,52.09,7.52,1.95,30.64
95063,Bezons,11,5,961,380,373,39.54,65.15,5.9,2.68,20.91
95063,Bezons,12,5,1295,547,541,42.24,59.89,5.18,2.4,27.17
95063,Bezons,13,5,992,402,398,40.52,54.52,5.78,3.02,29.15
95063,Bezons,14,5,1029,465,454,45.19,63.44,7.93,3.52,18.94
95063,Bezons,15,5,951,396,390,41.64,57.18,8.97,2.56,23.85
95063,Bezons,16,5,974,404,393,41.48,52.93,7.12,5.34,24.17
95063,Bezons,17,5,949,391,383,41.2,66.06,5.22,1.57,19.32
95074,Boisemont,1,10,630,360,351,57.14,31.62,16.81,11.4,32.48
95078,Boissy-l'Aillerie,1,10,1375,761,740,55.35,36.22,15.14,7.7,35.14
95088,Bonneuil-en-France,1,8,584,252,243,43.15,41.15,8.23,1.65,41.15
95091,Bouffémont,1,7,924,465,458,50.32,43.89,13.54,3.28,34.5
95091,Bouffémont,2,7,970,421,408,43.4,49.02,9.8,2.94,32.11
95091,Bouffémont,3,7,652,384,374,58.9,38.24,19.25,6.42,31.28
95091,Bouffémont,4,7,956,490,480,51.26,46.88,11.04,4.58,28.12
95091,Bouffémont,5,7,821,474,466,57.73,40.56,15.45,5.79,34.98
95094,Bouqueval,1,9,197,102,102,51.78,24.51,8.82,0.0,59.8
95101,Bray-et-Lû,1,1,622,346,339,55.63,27.43,6.78,3.54,53.1
95102,Bréançon,1,1,327,211,205,64.53,17.07,19.02,10.73,44.39
95110,Brignancourt,1,1,202,116,114,57.43,22.81,7.89,9.65,50.0
95116,Bruyères-sur-Oise,1,1,946,393,382,41.54,38.48,8.64,2.36,42.67
95116,Bruyères-sur-Oise,2,1,912,399,389,43.75,40.36,9.51,2.06,42.93
95116,Bruyères-sur-Oise,3,1,1086,516,498,47.51,39.56,9.84,3.21,40.16
95119,Buhy,1,1,224,131,127,58.48,13.39,15.75,8.66,51.18
95120,Butry-sur-Oise,1,1,740,423,411,57.16,32.6,16.79,5.35,36.74
95120,Butry-sur-Oise,2,1,954,544,536,57.02,35.26,12.13,5.41,40.49
95127,Cergy,1,10,956,296,292,30.96,70.21,7.88,4.45,11.99
95127,Cergy,2,10,718,283,277,39.42,61.37,11.19,4.69,16.61
95127,Cergy,3,10,859,300,294,34.92,70.75,6.12,3.06,14.29
95127,Cergy,4,10,529,190,184,35.92,61.96,9.78,3.8,19.02
95127,Cergy,5,10,1157,436,422,37.68,54.74,10.43,5.45,23.93
95127,Cergy,6,10,887,320,316,36.08,66.14,6.96,2.22,18.04
95127,Cergy,7,10,1017,375,363,36.87,61.71,9.92,2.75,18.73
95127,Cergy,8,10,1009,429,424,42.52,58.02,10.85,2.83,19.58
95127,Cergy,9,10,1017,538,532,52.9,53.76,18.61,4.14,16.54
95127,Cergy,10,10,919,523,516,56.91,44.38,23.84,6.59,17.64
95127,Cergy,11,10,854,424,416,49.65,56.25,16.59,3.61,17.31
95127,Cergy,12,10,987,318,309,32.22,76.7,4.53,0.65,12.3
95127,Cergy,13,10,1021,491,485,48.09,58.76,9.07,3.51,23.09
95127,Cergy,14,10,768,332,323,43.23,53.56,16.1,6.5,18.58
95127,Cergy,15,10,757,299,292,39.5,63.36,7.53,3.42,20.55
95127,Cergy,16,10,848,322,316,37.97,63.92,5.7,2.22,23.1
95127,Cergy,17,10,675,368,365,54.52,58.08,9.86,4.66,19.18
95127,Cergy,18,2,770,470,464,61.04,47.2,17.67,5.6,22.63
95127,Cergy,19,2,818,486,479,59.41,39.04,20.46,8.98,25.47
95127,Cergy,20,2,1038,582,575,56.07,49.57,12.7,8.87,23.48
95127,Cergy,21,2,1015,407,399,40.1,59.65,7.77,2.76,22.06
95127,Cergy,22,2,647,285,282,44.05,66.31,10.64,3.9,15.96
95127,Cergy,23,2,744,303,295,40.73,56.27,9.83,5.76,21.02
95127,Cergy,24,2,878,355,349,40.43,66.19,8.6,3.72,17.19
95127,Cergy,25,2,384,222,212,57.81,58.02,10.85,5.19,19.81
95127,Cergy,26,2,1154,566,557,49.05,59.25,13.82,3.77,18.31
95127,Cergy,27,2,803,447,442,55.67,52.94,14.03,6.79,20.36
95127,Cergy,28,10,965,396,384,41.04,56.25,9.9,4.43,22.4
95127,Cergy,29,10,905,287,275,31.71,74.18,5.09,2.18,12.73
95127,Cergy,30,10,928,356,352,38.36,59.66,9.94,3.69,20.45
95127,Cergy,31,2,823,418,409,50.79,53.79,15.89,5.62,20.05
95127,Cergy,32,10,781,307,300,39.31,64.0,8.33,3.33,18.0
95127,Cergy,33,10,1035,406,395,39.23,58.73,10.13,4.81,22.03
95127,Cergy,34,10,914,366,359,40.04,58.5,9.19,3.34,19.5
95127,Cergy,35,10,966,414,407,42.86,58.48,11.06,4.67,21.38
95134,Champagne-sur-Oise,1,1,866,490,481,56.58,30.15,19.96,7.07,33.89
95134,Champagne-sur-Oise,2,1,937,476,471,50.8,29.72,14.01,8.28,39.92
95134,Champagne-sur-Oise,3,1,929,445,437,47.9,32.72,7.55,5.49,44.85
95134,Champagne-sur-Oise,4,1,999,491,479,49.15,31.73,11.48,6.05,42.8
95139,La Chapelle-en-Vexin,1,1,228,123,119,53.95,20.17,12.61,4.2,54.62
95141,Charmont,1,1,30,21,21,70.0,19.05,14.29,14.29,33.33
95142,Chars,1,1,1190,692,680,58.15,26.76,10.59,5.88,47.35
95144,Châtenay-en-France,1,9,51,38,38,74.51,21.05,28.95,5.26,42.11
95149,Chaumontel,1,9,1389,744,727,53.56,29.16,12.65,5.09,46.49
95149,Chaumontel,2,9,1322,692,682,52.34,24.93,11.29,6.01,50.59
95150,Chaussy,1,1,477,284,280,59.54,32.5,16.07,6.43,37.14
95151,Chauvry,1,3,224,153,153,68.3,33.33,12.42,8.5,38.56
95154,Chennevières-lès-Louvres,1,9,207,124,119,59.9,26.89,6.72,3.36,52.94
95157,Chérence,1,1,151,114,111,75.5,28.83,13.51,14.41,34.23
95166,Cléry-en-Vexin,1,1,335,179,177,53.43,25.99,10.17,7.91,46.33
95169,Commeny,1,1,476,290,289,60.92,26.99,13.84,11.42,39.1
95170,Condécourt,1,1,384,250,247,65.1,23.08,12.15,7.69,46.15
95176,Cormeilles-en-Parisis,1,3,814,418,411,51.35,40.88,12.65,9.25,27.74
95176,Cormeilles-en-Parisis,2,3,1000,597,593,59.7,39.12,17.2,7.25,27.99
95176,Cormeilles-en-Parisis,3,3,986,513,506,52.03,45.85,9.88,6.52,29.45
95176,Cormeilles-en-Parisis,4,3,926,480,467,51.84,42.18,14.35,6.64,28.91
95176,Cormeilles-en-Parisis,5,3,917,541,534,59.0,34.46,18.91,8.24,32.77
95176,Cormeilles-en-Parisis,6,3,1089,588,579,53.99,37.13,17.44,7.94,30.92
95176,Cormeilles-en-Parisis,7,3,847,440,429,51.95,42.19,13.29,10.49,26.34
95176,Cormeilles-en-Parisis,8,3,975,522,517,53.54,36.75,21.28,8.51,28.82
95176,Cormeilles-en-Parisis,9,3,996,570,558,57.23,31.9,15.05,9.14,37.46
95176,Cormeilles-en-Parisis,10,3,990,580,569,58.59,35.68,19.86,8.79,28.47
95176,Cormeilles-en-Parisis,11,3,952,567,555,59.56,38.2,18.2,10.63,29.01
95176,Cormeilles-en-Parisis,12,3,940,450,442,47.87,46.61,17.19,6.33,24.43
95176,Cormeilles-en-Parisis,13,3,944,509,495,53.92,35.35,12.73,7.07,38.59
95176,Cormeilles-en-Parisis,14,3,851,466,461,54.76,36.23,21.48,7.38,29.07
95176,Cormeilles-en-Parisis,15,3,1177,655,643,55.65,44.32,12.6,6.38,32.19
95176,Cormeilles-en-Parisis,16,3,1049,527,515,50.24,42.72,14.17,7.77,29.71
95176,Cormeilles-en-Parisis,17,3,947,413,406,43.61,36.45,12.81,6.9,36.7
95176,Cormeilles-en-Parisis,18,,954,514,508,53.88,40.75,9.06,7.48,33.46
95177,Cormeilles-en-Vexin,1,1,908,525,514,57.82,22.18,10.89,8.95,49.42
95181,Courcelles-sur-Viosne,1,1,234,151,145,64.53,26.9,18.62,10.34,35.17
95183,Courdimanche,1,10,896,482,478,53.79,38.49,18.41,5.23,31.17
95183,Courdimanche,2,10,969,481,469,49.64,51.6,16.84,5.76,20.47
95183,Courdimanche,3,10,950,417,410,43.89,51.71,11.95,4.15,25.12
95183,Courdimanche,4,10,861,494,492,57.38,35.98,18.09,13.41,25.61
95183,Courdimanche,5,10,905,415,410,45.86,51.22,11.95,4.15,24.63
95197,Deuil-la-Barre,1,6,1006,520,512,51.69,42.97,13.87,5.47,31.45
95197,Deuil-la-Barre,2,6,930,564,554,60.65,43.68,17.15,8.66,24.55
95197,Deuil-la-Barre,3,6,905,405,397,44.75,40.05,14.61,11.08,27.2
95197,Deuil-la-Barre,4,6,931,486,479,52.2,48.02,16.49,7.93,21.71
95197,Deuil-la-Barre,5,6,937,488,486,52.08,47.74,13.79,7.82,24.07
95197,Deuil-la-Barre,6,6,1057,580,571,54.87,40.46,11.73,9.63,30.65
95197,Deuil-la-Barre,7,6,706,365,356,51.7,47.75,19.94,3.93,22.19
95197,Deuil-la-Barre,8,6,981,533,526,54.33,40.87,15.97,9.89,26.24
95197,Deuil-la-Barre,9,6,826,349,346,42.25,49.42,10.69,3.76,29.48
95197,Deuil-la-Barre,10,6,946,388,379,41.01,59.37,9.76,4.22,20.32
95197,Deuil-la-Barre,11,6,1039,337,329,32.44,61.09,11.25,5.47,18.24
95197,Deuil-la-Barre,12,6,895,421,413,47.04,41.16,15.01,7.99,30.99
95197,Deuil-la-Barre,13,6,1122,618,611,55.08,44.35,12.44,8.35,26.84
95197,Deuil-la-Barre,14,6,993,538,535,54.18,46.73,12.34,8.41,24.3
95197,Deuil-la-Barre,15,6,803,433,426,53.92,41.08,16.43,6.34,29.81
95197,Deuil-la-Barre,16,6,705,307,302,43.55,61.92,13.58,3.31,16.23
95199,Domont,1,7,961,517,505,53.8,35.84,17.03,8.51,29.7
95199,Domont,2,7,1175,515,504,43.83,39.09,12.1,3.37,38.49
95199,Domont,3,7,790,410,405,51.9,34.07,13.09,6.67,39.75
95199,Domont,4,7,1089,576,564,52.89,30.32,13.3,6.74,40.96
95199,Domont,5,7,845,471,467,55.74,36.83,15.85,7.28,34.05
95199,Domont,6,7,1357,709,696,52.25,39.8,13.36,4.89,33.19
95199,Domont,7,7,1486,660,638,44.41,38.71,10.5,4.86,36.52
95199,Domont,8,7,742,366,358,49.33,36.59,18.72,8.1,28.49
95199,Domont,9,7,770,463,455,60.13,30.55,15.6,10.99,37.58
95199,Domont,10,7,988,454,442,45.95,33.94,9.05,5.43,42.08
95203,Eaubonne,1,4,1354,780,768,57.61,40.1,16.54,7.94,24.61
95203,Eaubonne,2,4,1054,581,564,55.12,45.21,14.89,9.57,23.94
95203,Eaubonne,3,4,1295,830,811,64.09,41.31,16.4,10.48,25.15
95203,Eaubonne,4,4,1215,711,696,58.52,40.23,20.26,6.9,25.14
95203,Eaubonne,5,4,1278,847,842,66.28,40.97,19.95,10.93,22.8
95203,Eaubonne,6,4,1214,666,654,54.86,45.72,15.29,6.12,25.99
95203,Eaubonne,7,4,1071,432,415,40.34,44.1,12.05,4.1,29.4
95203,Eaubonne,8,4,996,522,509,52.41,35.17,20.43,7.86,31.04
95203,Eaubonne,9,4,1437,636,619,44.26,42.65,10.18,6.79,32.96
95203,Eaubonne,10,4,1196,553,543,46.24,41.07,13.81,7.55,31.86
95203,Eaubonne,11,4,1051,536,525,51.0,41.9,16.0,7.43,26.86
95203,Eaubonne,12,4,1311,761,738,58.05,39.16,18.43,7.72,28.05
95203,Eaubonne,13,4,915,512,503,55.96,42.94,23.06,8.35,17.3
95203,Eaubonne,14,4,903,458,452,50.72,41.81,15.04,6.19,32.74
95205,Ecouen,1,7,1490,689,684,46.24,40.79,9.8,3.07,39.91
95205,Ecouen,2,7,929,477,467,51.35,41.54,13.7,4.93,30.62
95205,Ecouen,3,7,1356,637,621,46.98,45.25,6.76,2.58,39.13
95205,Ecouen,4,7,1092,593,576,54.3,40.45,14.41,5.38,33.51
95210,Enghien-les-Bains,1,6,852,490,486,57.51,32.3,14.81,12.96,32.3
95210,Enghien-les-Bains,2,6,909,532,526,58.53,44.3,14.64,10.65,25.1
95210,Enghien-les-Bains,3,6,984,584,577,59.35,40.38,15.94,10.75,25.48
95210,Enghien-les-Bains,4,6,892,559,552,62.67,43.3,17.93,10.87,23.19
95210,Enghien-les-Bains,5,6,911,575,568,63.12,33.8,18.66,10.92,29.4
95210,Enghien-les-Bains,6,6,866,540,534,62.36,26.59,23.78,14.23,30.15
95210,Enghien-les-Bains,7,6,928,547,536,58.94,43.66,17.35,10.26,22.57
95210,Enghien-les-Bains,8,6,652,408,401,62.58,27.68,17.21,14.96,34.66
95210,Enghien-les-Bains,9,6,684,412,403,60.23,30.02,21.09,18.36,25.81
95211,Ennery,1,1,755,457,446,60.53,30.94,16.82,11.43,34.53
95211,Ennery,2,1,827,511,499,61.79,22.65,16.43,8.82,40.68
95212,Epiais-lès-Louvres,1,9,92,62,60,67.39,25.0,8.33,5.0,48.33
95213,Epiais-Rhus,1,1,551,347,340,62.98,24.71,16.47,7.94,43.24
95214,Epinay-Champlâtreux,1,9,34,16,16,47.06,0.0,43.75,12.5,37.5
95218,Eragny,1,2,1023,534,524,52.2,40.27,13.17,10.5,29.2
95218,Eragny,2,2,937,451,441,48.13,39.23,16.1,5.67,31.52
95218,Eragny,3,2,1109,511,501,46.08,42.32,15.57,6.19,29.54
95218,Eragny,4,2,1455,495,479,34.02,53.24,11.06,3.34,24.43
95218,Eragny,5,2,1146,531,521,46.34,40.5,12.09,8.25,34.55
95218,Eragny,6,2,1235,599,587,48.5,32.03,19.08,6.64,36.8
95218,Eragny,7,2,1213,494,484,40.73,46.9,8.88,3.72,34.09
95218,Eragny,8,2,1249,653,640,52.28,35.62,17.34,6.88,33.28
95218,Eragny,9,2,1174,496,485,42.25,43.3,12.16,5.36,29.9
95218,Eragny,10,2,1006,444,432,44.14,44.44,13.19,5.79,28.01
95219,Ermont,1,4,757,356,347,47.03,43.52,17.0,4.61,28.24
95219,Ermont,2,4,1139,637,622,55.93,36.33,18.01,7.07,30.87
95219,Ermont,3,4,802,428,415,53.37,43.13,18.31,5.54,27.23
95219,Ermont,4,4,1019,573,563,56.23,45.29,17.76,8.35,23.27
95219,Ermont,5,4,775,464,457,59.87,41.79,20.13,10.07,23.63
95219,Ermont,6,4,818,429,422,52.44,45.73,16.59,6.16,26.54
95219,Ermont,7,4,869,514,505,59.15,43.76,23.56,6.14,21.19
95219,Ermont,8,4,819,522,513,63.74,40.94,18.52,9.55,25.73
95219,Ermont,9,4,1070,469,458,43.83,53.28,10.04,3.93,26.42
95219,Ermont,10,4,1028,441,428,42.9,45.09,12.15,3.97,30.14
95219,Ermont,11,4,937,428,417,45.68,41.01,12.71,9.35,28.78
95219,Ermont,12,4,1131,654,647,57.82,47.14,16.69,8.96,20.71
95219,Ermont,13,4,958,373,363,38.94,55.65,7.44,4.41,26.45
95219,Ermont,14,4,850,308,305,36.24,58.03,9.84,5.9,20.66
95219,Ermont,15,4,1104,520,506,47.1,45.85,15.02,6.13,25.49
95219,Ermont,16,4,893,553,545,61.93,41.83,16.15,7.89,27.52
95219,Ermont,17,4,1013,333,332,32.87,62.95,8.73,4.52,18.67
95219,Ermont,18,4,1019,427,410,41.9,47.56,9.76,6.34,29.76
95219,Ermont,19,4,890,502,493,56.4,43.41,14.4,8.72,25.56
95219,Ermont,20,4,867,541,529,62.4,44.99,17.58,6.24,20.6
95229,Ezanville,1,7,1081,619,611,57.26,42.39,12.6,4.91,34.21
95229,Ezanville,2,7,1078,416,411,38.59,47.69,11.44,4.87,28.71
95229,Ezanville,3,7,887,505,495,56.93,42.83,9.9,7.47,32.32
95229,Ezanville,4,7,1033,588,583,56.92,38.42,15.44,6.35,33.79
95229,Ezanville,5,7,894,456,442,51.01,44.12,12.22,6.11,31.9
95229,Ezanville,6,7,1025,557,542,54.34,38.93,11.44,8.67,33.95
95241,Fontenay-en-Parisis,1,9,1214,654,634,53.87,32.49,7.1,6.94,47.63
95250,Fosses,1,9,1085,468,457,43.13,49.45,8.75,4.81,32.17
95250,Fosses,2,9,1134,422,412,37.21,51.7,7.04,2.91,33.98
95250,Fosses,3,9,1053,470,456,44.63,44.3,12.06,3.95,32.68
95250,Fosses,4,9,886,416,403,46.95,51.61,9.43,2.48,27.79
95250,Fosses,5,9,498,247,242,49.6,38.02,9.5,4.13,39.26
95250,Fosses,6,9,998,446,429,44.69,41.96,6.76,4.2,39.63
95250,Fosses,7,9,873,440,431,50.4,38.28,12.3,5.8,38.05
95252,Franconville,1,4,892,443,430,49.66,40.0,13.02,3.95,32.79
95252,Franconville,2,4,698,249,241,35.67,34.85,12.03,7.88,36.51
95252,Franconville,3,4,1111,525,510,47.25,39.8,10.78,3.33,38.24
95252,Franconville,4,4,953,270,260,28.33,59.23,8.46,4.23,20.0
95252,Franconville,5,4,881,314,310,35.64,50.97,6.77,3.55,33.23
95252,Franconville,6,4,1041,416,405,39.96,43.46,7.9,4.94,31.6
95252,Franconville,7,4,975,536,524,54.97,35.88,13.36,11.83,31.68
95252,Franconville,8,4,1206,643,633,53.32,42.18,15.96,8.53,24.96
95252,Franconville,9,4,1234,669,649,54.21,36.52,14.02,10.02,29.58
95252,Franconville,10,4,1075,516,504,48.0,40.28,11.9,9.33,31.75
95252,Franconville,11,4,970,423,411,43.61,41.12,10.95,6.08,33.09
95252,Franconville,12,4,958,451,443,47.08,42.21,13.09,9.48,27.09
95252,Franconville,13,4,875,331,323,37.83,44.58,9.91,3.41,32.51
95252,Franconville,14,4,936,396,391,42.31,42.46,9.72,4.35,35.55
95252,Franconville,15,4,1248,619,608,49.6,35.69,16.12,7.24,36.84
95252,Franconville,16,4,984,470,461,47.76,41.87,9.76,6.29,33.84
95252,Franconville,17,4,1155,514,504,44.5,43.45,11.9,5.95,32.54
95252,Franconville,18,4,931,512,507,54.99,36.69,19.92,6.51,30.57
95252,Franconville,19,4,1106,581,574,52.53,37.28,15.33,4.18,34.84
95252,Franconville,20,4,972,481,471,49.49,35.24,12.1,6.16,36.09
95252,Franconville,21,4,1060,461,453,43.49,43.93,13.69,6.62,30.91
95252,Franconville,22,4,888,435,425,48.99,43.29,11.06,6.12,33.41
95253,Frémainville,1,1,370,214,212,57.84,33.49,15.57,8.02,35.38
95254,Frémécourt,1,1,435,244,238,56.09,22.27,13.45,6.72,48.74
95256,Frépillon,1,3,1061,606,591,57.12,30.46,12.52,5.41,42.98
95256,Frépillon,2,3,1099,655,637,59.6,31.24,14.44,6.44,40.97
95257,La Frette-sur-Seine,1,3,1149,641,627,55.79,35.25,15.63,8.13,31.58
95257,La Frette-sur-Seine,2,3,1244,764,746,61.41,32.84,17.29,10.99,31.23
95257,La Frette-sur-Seine,3,3,810,442,435,54.57,37.47,10.8,8.97,34.94
95258,Frouville,1,1,299,196,190,65.55,26.32,23.16,9.47,32.63
95268,Garges-lès-Gonesse,1,8,873,268,259,30.7,61.0,9.65,1.16,18.53
95268,Garges-lès-Gonesse,2,8,750,228,217,30.4,58.99,7.37,2.76,23.5
95268,Garges-lès-Gonesse,3,8,975,334,327,34.26,75.54,4.28,0.92,11.93
95268,Garges-lès-Gonesse,4,8,882,292,289,33.11,67.13,3.11,2.08,21.11
95268,Garges-lès-Gonesse,5,8,1743,576,555,33.05,69.37,4.5,2.34,16.76
95268,Garges-lès-Gonesse,6,8,942,320,312,33.97,54.17,5.77,5.45,25.96
95268,Garges-lès-Gonesse,7,8,721,235,230,32.59,73.48,3.91,1.3,15.22
95268,Garges-lès-Gonesse,8,8,1025,357,337,34.83,65.28,6.23,2.97,17.51
95268,Garges-lès-Gonesse,9,8,992,372,362,37.5,64.09,4.14,2.76,23.48
95268,Garges-lès-Gonesse,10,8,971,420,413,43.25,64.65,5.33,1.45,22.03
95268,Garges-lès-Gonesse,11,8,1040,432,416,41.54,60.1,6.97,3.61,23.32
95268,Garges-lès-Gonesse,12,8,937,400,390,42.69,50.26,8.97,4.1,30.77
95268,Garges-lès-Gonesse,13,8,1078,375,368,34.79,78.26,3.26,1.63,11.14
95268,Garges-lès-Gonesse,14,8,966,410,398,42.44,73.87,4.52,1.51,13.32
95268,Garges-lès-Gonesse,15,8,988,304,295,30.77,69.83,5.08,2.03,13.9
95268,Garges-lès-Gonesse,16,8,926,287,276,30.99,65.94,3.26,3.99,20.29
95268,Garges-lès-Gonesse,17,8,935,377,368,40.32,51.36,8.7,4.89,26.36
95268,Garges-lès-Gonesse,18,,703,269,262,38.26,70.99,5.34,2.67,16.41
95268,Garges-lès-Gonesse,19,,889,384,372,43.19,62.37,7.53,2.69,22.85
95268,Garges-lès-Gonesse,20,,978,350,341,35.79,61.0,4.69,3.52,23.46
95270,Genainville,1,1,429,260,255,60.61,22.75,13.73,7.06,47.06
95271,Génicourt,1,1,378,241,236,63.76,13.56,22.46,12.29,41.53
95277,Gonesse,1,9,670,287,284,42.84,49.3,8.45,3.52,34.15
95277,Gonesse,2,9,1124,455,442,40.48,46.38,8.37,2.94,33.48
95277,Gonesse,3,9,1164,454,438,39.0,48.63,8.68,4.11,32.65
95277,Gonesse,4,9,889,311,302,34.98,56.62,9.27,2.98,22.19
95277,Gonesse,5,9,985,357,342,36.24,52.34,9.06,4.39,29.53
95277,Gonesse,6,9,879,362,350,41.18,50.0,4.0,6.0,34.0
95277,Gonesse,7,9,1190,401,388,33.7,57.73,6.44,1.55,28.61
95277,Gonesse,8,9,1012,328,302,32.41,69.21,3.97,1.99,16.89
95277,Gonesse,9,9,1059,351,341,33.14,52.49,7.92,5.28,29.91
95277,Gonesse,10,9,1048,300,289,28.63,57.44,8.65,1.04,24.57
95277,Gonesse,11,9,711,232,224,32.63,47.77,8.04,5.36,30.36
95277,Gonesse,12,9,990,333,321,33.64,56.7,4.67,1.25,27.41
95277,Gonesse,13,9,787,300,291,38.12,48.8,8.93,3.44,32.3
95277,Gonesse,14,9,915,427,408,46.67,48.53,11.27,3.43,31.13
95277,Gonesse,15,9,773,356,347,46.05,38.33,12.68,6.92,38.04
95277,Gonesse,16,9,805,353,345,43.85,41.74,9.86,7.83,33.04
95280,Goussainville,1,9,682,257,250,37.68,43.2,6.4,2.0,43.6
95280,Goussainville,2,9,838,300,293,35.8,46.42,7.17,3.07,35.49
95280,Goussainville,3,9,889,336,328,37.8,50.3,8.23,2.44,30.49
95280,Goussainville,4,9,503,175,174,34.79,31.61,2.3,2.3,58.62
95280,Goussainville,5,9,893,238,230,26.65,68.7,2.17,2.17,17.39
95280,Goussainville,6,9,691,230,228,33.29,55.7,7.89,3.07,29.39
95280,Goussainville,7,9,919,274,267,29.82,64.04,6.37,1.12,23.97
95280,Goussainville,8,9,897,287,281,32.0,74.73,3.2,2.14,17.08
95280,Goussainville,9,9,893,320,315,35.83,51.75,4.76,2.54,34.29
95280,Goussainville,10,9,879,304,294,34.58,52.04,5.78,4.08,30.61
95280,Goussainville,11,9,913,314,311,34.39,51.13,6.43,3.86,34.08
95280,Goussainville,12,9,884,307,302,34.73,67.55,7.28,1.32,20.2
95280,Goussainville,13,9,739,269,262,36.4,49.62,5.73,2.67,39.31
95280,Goussainville,14,9,862,330,315,38.28,56.51,8.89,1.59,30.79
95280,Goussainville,15,9,831,292,292,35.14,39.38,7.19,3.42,44.18
95280,Goussainville,16,9,536,163,159,30.41,68.55,2.52,1.89,23.27
95280,Goussainville,17,9,885,297,285,33.56,58.25,7.37,1.05,30.18
95280,Goussainville,18,9,855,259,256,30.29,62.5,5.08,2.73,25.78
95280,Goussainville,19,9,689,251,246,36.43,60.16,4.07,3.66,28.86
95280,Goussainville,20,9,481,143,138,29.73,68.84,10.14,1.45,13.77
95280,Goussainville,21,9,571,186,183,32.57,65.03,7.1,1.64,19.67
95280,Goussainville,22,,555,190,183,34.23,80.87,7.1,1.64,7.1
95287,Grisy-les-Plâtres,1,1,536,344,331,64.18,18.43,21.75,11.78,42.3
95288,Groslay,1,7,1128,616,605,54.61,33.88,13.06,5.62,40.83
95288,Groslay,2,7,1006,505,497,50.2,48.29,7.44,4.63,30.78
95288,Groslay,3,7,1015,455,446,44.83,42.38,10.54,5.83,34.08
95288,Groslay,4,7,919,487,479,52.99,34.24,17.95,6.68,32.99
95288,Groslay,5,7,1099,609,593,55.41,35.75,18.21,9.78,31.37
95295,Guiry-en-Vexin,1,1,117,87,83,74.36,15.66,21.69,9.64,43.37
95298,Haravilliers,1,1,457,267,263,58.42,22.05,16.35,6.46,48.67
95301,Haute-Isle,1,1,205,112,109,54.63,27.52,17.43,3.67,45.87
95303,Le Heaulme,1,1,161,106,105,65.84,19.05,13.33,9.52,40.95
95304,Hédouville,1,1,232,152,151,65.52,29.14,17.22,11.26,34.44
95306,Herblay-sur-Seine,1,3,835,384,376,45.99,35.11,11.97,9.31,33.24
95306,Herblay-sur-Seine,2,3,937,566,561,60.41,36.72,21.03,14.08,22.46
95306,Herblay-sur-Seine,3,3,897,528,519,58.86,33.14,14.45,10.98,33.91
95306,Herblay-sur-Seine,4,3,831,450,445,54.15,38.2,19.55,5.62,29.21
95306,Herblay-sur-Seine,5,3,987,577,564,58.46,36.88,17.2,12.06,26.42
95306,Herblay-sur-Seine,6,3,1031,491,483,47.62,33.95,9.73,5.38,44.31
95306,Herblay-sur-Seine,7,3,998,572,557,57.31,36.98,14.0,10.05,31.24
95306,Herblay-sur-Seine,8,3,816,461,458,56.5,42.14,11.35,8.95,31.0
95306,Herblay-sur-Seine,9,3,921,491,478,53.31,38.49,10.67,5.86,35.77
95306,Herblay-sur-Seine,10,3,1031,467,461,45.3,39.05,13.02,4.99,34.92
95306,Herblay-sur-Seine,11,3,957,529,520,55.28,33.08,14.23,8.85,36.35
95306,Herblay-sur-Seine,12,3,1164,567,555,48.71,37.12,11.35,5.77,39.28
95306,Herblay-sur-Seine,13,3,879,429,413,48.81,48.18,14.53,5.33,23.24
95306,Herblay-sur-Seine,14,3,954,534,520,55.97,34.04,12.5,11.15,32.69
95306,Herblay-sur-Seine,15,3,1174,677,665,57.67,36.54,13.83,13.08,30.08
95306,Herblay-sur-Seine,16,3,1136,567,556,49.91,40.11,9.71,8.27,35.07
95306,Herblay-sur-Seine,17,3,918,504,496,54.9,41.13,13.71,5.85,29.84
95306,Herblay-sur-Seine,18,3,996,427,418,42.87,54.31,14.59,4.31,19.62
95306,Herblay-sur-Seine,19,3,1106,585,576,52.89,40.8,15.97,8.85,27.08
95306,Herblay-sur-Seine,20,3,616,305,298,49.51,34.23,14.09,7.38,37.58
95306,Herblay-sur-Seine,21,3,1143,469,465,41.03,43.23,9.89,7.96,30.75
95308,Hérouville-en-Vexin,1,1,471,297,286,63.06,25.52,11.54,6.29,50.35
95309,Hodent,1,1,166,103,100,62.05,20.0,12.0,9.0,52.0
95313,L'Isle-Adam,1,2,989,576,574,58.24,25.09,16.72,13.94,38.68
95313,L'Isle-Adam,2,2,1030,624,611,60.58,27.5,15.22,11.62,39.44
95313,L'Isle-Adam,3,2,981,636,628,64.83,26.11,22.77,12.74,29.94
95313,L'Isle-Adam,4,2,898,519,512,57.8,19.73,22.46,16.21,33.79
95313,L'Isle-Adam,5,2,1020,586,579,57.45,31.78,13.99,7.94,39.55
95313,L'Isle-Adam,6,2,1017,640,630,62.93,25.56,18.25,12.22,38.41
95313,L'Isle-Adam,7,2,789,483,468,61.22,30.56,16.03,9.83,37.39
95313,L'Isle-Adam,8,2,1013,610,598,60.22,26.92,18.39,14.21,34.78
95313,L'Isle-Adam,9,2,745,447,437,60.0,24.03,20.59,11.67,36.84
95313,L'Isle-Adam,10,,463,193,187,41.68,33.16,8.02,3.74,48.13
95316,Jagny-sous-Bois,1,9,220,121,117,55.0,23.08,11.11,3.42,58.12
95323,Jouy-le-Moutier,1,10,1081,608,599,56.24,35.39,18.53,7.35,31.89
95323,Jouy-le-Moutier,2,10,1045,585,567,55.98,43.03,12.87,7.23,29.63
95323,Jouy-le-Moutier,3,10,1079,613,601,56.81,46.59,12.48,4.99,27.95
95323,Jouy-le-Moutier,4,10,1018,587,568,57.66,47.01,14.44,5.11,23.94
95323,Jouy-le-Moutier,5,10,996,476,474,47.79,52.95,9.49,5.49,24.89
95323,Jouy-le-Moutier,6,10,982,481,470,48.98,54.04,9.57,3.4,26.6
95323,Jouy-le-Moutier,7,10,963,514,499,53.37,40.28,12.02,6.81,33.27
95323,Jouy-le-Moutier,8,10,1054,461,451,43.74,52.77,11.97,3.55,26.39
95323,Jouy-le-Moutier,9,,1111,523,510,47.07,44.51,8.63,4.31,31.76
95323,Jouy-le-Moutier,10,,1070,585,574,54.67,48.08,11.85,4.7,24.91
95323,Jouy-le-Moutier,11,,1110,533,523,48.02,50.67,6.5,3.06,29.83
95328,Labbeville,1,1,398,240,235,60.3,25.96,20.0,11.06,36.6
95331,Lassy,1,9,120,67,65,55.83,24.62,12.31,3.08,50.77
95341,Livilliers,1,1,283,167,166,59.01,17.47,19.88,6.02,46.99
95348,Longuesse,1,1,417,287,274,68.82,26.28,17.52,10.95,34.31
95351,Louvres,1,9,789,332,324,42.08,41.98,9.57,5.25,37.35
95351,Louvres,2,9,927,386,378,41.64,36.77,10.05,6.08,38.1
95351,Louvres,3,9,855,396,391,46.32,33.5,9.97,6.14,43.99
95351,Louvres,4,9,870,338,331,38.85,47.73,10.27,5.14,29.91
95351,Louvres,5,9,946,345,333,36.47,48.35,8.11,2.7,31.23
95351,Louvres,6,9,838,312,306,37.23,43.79,7.84,5.23,37.91
95351,Louvres,7,9,701,364,344,51.93,40.41,15.41,3.2,34.59
95351,Louvres,8,,813,414,408,50.92,45.1,9.07,5.39,33.09
95352,Luzarches,1,9,1174,614,605,52.3,30.25,12.07,9.26,43.14
95352,Luzarches,2,9,1157,676,663,58.43,31.07,16.44,8.9,36.2
95352,Luzarches,3,9,1034,580,567,56.09,27.87,11.64,9.52,42.86
95353,Maffliers,1,2,1241,667,645,53.75,30.23,9.15,5.27,47.6
95355,Magny-en-Vexin,1,1,902,406,397,45.01,29.97,9.57,11.84,41.31
95355,Magny-en-Vexin,2,1,757,403,392,53.24,24.49,13.01,6.89,48.72
95355,Magny-en-Vexin,3,1,756,405,396,53.57,28.28,13.64,11.11,39.14
95355,Magny-en-Vexin,4,1,423,210,205,49.65,29.27,8.29,5.37,48.78
95355,Magny-en-Vexin,5,1,1051,502,480,47.76,27.71,9.17,6.04,48.96
95365,Mareil-en-France,1,9,465,243,241,52.26,28.63,11.62,3.32,51.45
95369,Margency,1,6,956,597,592,62.45,33.28,21.11,12.33,26.86
95369,Margency,2,6,1040,641,637,61.63,31.4,18.84,10.36,34.22
95370,Marines,1,1,867,464,450,53.52,27.78,9.56,7.33,47.11
95370,Marines,2,1,875,467,451,53.37,24.83,14.19,8.2,42.57
95370,Marines,3,1,769,367,358,47.72,28.49,10.06,9.5,44.97
95371,Marly-la-Ville,1,9,1316,631,618,47.95,34.47,9.39,3.72,45.31
95371,Marly-la-Ville,2,9,1025,575,555,56.1,34.05,18.38,5.95,36.4
95371,Marly-la-Ville,3,9,623,305,300,48.96,26.33,8.33,7.0,49.33
95371,Marly-la-Ville,4,9,1093,510,503,46.66,33.4,9.34,2.78,47.32
95379,Maudétour-en-Vexin,1,1,163,105,100,64.42,23.0,15.0,7.0,46.0
95387,Menouville,1,1,45,32,31,71.11,32.26,22.58,9.68,29.03
95388,Menucourt,1,10,967,514,498,53.15,37.15,12.25,3.82,36.75
95388,Menucourt,2,10,1003,552,538,55.03,34.39,12.45,3.16,40.33
95388,Menucourt,3,10,1188,673,658,56.65,32.37,11.55,6.53,41.03
95388,Menucourt,4,10,826,431,425,52.18,39.06,9.41,5.65,36.94
95392,Mériel,1,2,888,481,474,54.17,36.08,12.03,6.33,38.61
95392,Mériel,2,2,972,574,563,59.05,28.95,13.85,6.22,44.23
95392,Mériel,3,2,879,487,475,55.4,32.21,15.37,4.21,39.79
95392,Mériel,4,2,1015,485,470,47.78,34.26,12.13,5.11,39.15
95394,Méry-sur-Oise,1,2,985,494,482,50.15,32.78,11.83,7.88,41.29
95394,Méry-sur-Oise,2,2,966,491,484,50.83,30.79,9.5,9.71,43.18
95394,Méry-sur-Oise,3,2,1146,590,579,51.48,38.0,12.44,7.08,32.64
95394,Méry-sur-Oise,4,2,903,432,421,47.84,33.49,14.96,5.7,38.48
95394,Méry-sur-Oise,5,2,1026,457,451,44.54,34.81,13.53,4.43,41.02
95394,Méry-sur-Oise,6,2,780,451,438,57.82,34.7,15.98,6.85,36.07
95394,Méry-sur-Oise,7,2,862,431,425,50.0,34.35,14.59,3.53,39.29
95395,Le Mesnil-Aubry,1,7,640,367,364,57.34,20.33,9.89,4.67,59.34
95409,Moisselles,1,7,863,493,485,57.13,27.01,11.75,6.8,46.19
95422,Montgeroult,1,1,299,179,176,59.87,37.5,19.89,3.41,27.84
95424,Montigny-lès-Cormeilles,1,3,1026,481,470,46.88,39.15,17.23,5.32,29.57
95424,Montigny-lès-Cormeilles,2,3,1019,454,445,44.55,46.74,9.66,6.07,31.24
95424,Montigny-lès-Cormeilles,3,3,978,360,353,36.81,56.66,10.76,1.7,21.81
95424,Montigny-lès-Cormeilles,4,3,1082,506,493,46.77,43.61,7.91,5.07,35.5
95424,Montigny-lès-Cormeilles,5,3,1058,363,354,34.31,61.58,3.95,1.13,27.12
95424,Montigny-lès-Cormeilles,6,3,996,428,413,42.97,52.78,9.2,4.6,29.3
95424,Montigny-lès-Cormeilles,7,3,860,353,348,41.05,50.57,11.49,4.6,28.74
95424,Montigny-lès-Cormeilles,8,3,871,465,458,53.39,53.71,11.57,3.49,26.86
95424,Montigny-lès-Cormeilles,9,3,802,292,282,36.41,55.67,10.64,4.61,22.34
95424,Montigny-lès-Cormeilles,10,3,806,326,315,40.45,55.87,8.89,3.17,24.44
95424,Montigny-lès-Cormeilles,11,3,986,429,412,43.51,54.13,8.5,1.94,28.16
95424,Montigny-lès-Cormeilles,12,3,941,437,426,46.44,53.52,12.44,3.52,26.53
95424,Montigny-lès-Cormeilles,13,3,1007,436,425,43.3,60.0,5.65,2.35,25.41
95426,Montlignon,1,4,1336,807,786,60.4,29.39,19.47,12.85,33.59
95426,Montlignon,2,4,967,597,584,61.74,24.49,15.58,15.75,36.64
95427,Montmagny,1,6,1046,422,413,40.34,61.26,8.96,3.63,24.21
95427,Montmagny,2,6,1052,493,488,46.86,58.4,8.4,5.74,22.34
95427,Montmagny,3,6,632,224,222,35.44,65.77,7.66,1.8,21.17
95427,Montmagny,4,6,1104,468,456,42.39,53.73,11.84,3.29,25.22
95427,Montmagny,5,6,1271,554,543,43.59,59.12,10.13,4.97,21.18
95427,Montmagny,6,6,1002,426,415,42.51,55.18,8.92,7.71,24.1
95427,Montmagny,7,6,946,487,476,51.48,47.9,12.61,6.72,25.63
95427,Montmagny,8,6,954,419,410,43.92,55.37,9.27,4.15,25.37
95428,Montmorency,1,7,1177,736,731,62.53,32.83,20.38,13.54,28.73
95428,Montmorency,2,7,1241,712,701,57.37,39.94,15.41,8.84,30.1
95428,Montmorency,3,7,1401,828,820,59.1,38.41,17.2,10.24,27.93
95428,Montmorency,4,7,1336,803,790,60.1,37.34,21.01,11.9,24.43
95428,Montmorency,5,7,1380,881,871,63.84,40.99,19.17,13.09,22.27
95428,Montmorency,6,7,1102,635,629,57.62,33.7,23.21,9.06,28.78
95428,Montmorency,7,7,1143,713,706,62.38,36.12,17.14,9.92,31.3
95428,Montmorency,8,7,1502,798,790,53.13,36.08,17.85,8.99,32.41
95428,Montmorency,9,7,1358,669,661,49.26,37.67,13.01,7.72,35.85
95428,Montmorency,10,7,985,359,352,36.45,45.45,7.95,2.56,38.92
95428,Montmorency,11,7,1094,596,584,54.48,33.73,15.75,9.08,34.59
95429,Montreuil-sur-Epte,1,1,330,179,173,54.24,28.9,5.78,8.09,42.2
95430,Montsoult,1,2,1369,774,759,56.54,32.94,11.99,8.56,37.42
95430,Montsoult,2,2,1296,678,665,52.31,33.38,8.42,4.51,43.16
95436,Mours,1,1,1161,630,612,54.26,27.94,15.85,5.56,42.97
95438,Moussy,1,1,100,71,67,71.0,19.4,13.43,7.46,46.27
95445,Nerville-la-Forêt,1,2,478,272,268,56.9,33.58,16.04,8.96,35.45
95446,Nesles-la-Vallée,1,1,1515,892,875,58.88,26.86,18.06,9.49,36.0
95447,Neuilly-en-Vexin,1,1,160,97,94,60.62,22.34,20.21,8.51,35.11
95450,Neuville-sur-Oise,1,2,1232,773,765,62.74,35.16,19.87,8.76,28.24
95452,Nointel,1,1,615,385,370,62.6,30.81,14.86,8.92,37.03
95456,Noisy-sur-Oise,1,2,420,262,258,62.38,22.48,18.6,3.88,44.96
95459,Nucourt,1,1,555,323,319,58.2,17.87,14.73,5.96,53.61
95462,Omerville,1,1,269,159,153,59.11,18.95,11.11,13.73,45.75
95476,Osny,1,10,896,474,469,52.9,31.98,16.63,8.1,35.82
95476,Osny,2,10,869,523,512,60.18,29.3,20.31,6.64,36.52
95476,Osny,3,10,1013,553,544,54.59,31.8,18.38,5.15,35.29
95476,Osny,4,10,754,401,393,53.18,32.06,18.07,7.63,34.35
95476,Osny,5,10,952,423,415,44.43,39.76,11.33,5.06,37.11
95476,Osny,6,10,1017,572,555,56.24,37.3,17.48,5.05,34.05
95476,Osny,7,10,1016,460,448,45.28,40.18,10.27,5.36,35.27
95476,Osny,8,10,725,336,334,46.34,44.01,13.47,6.89,28.74
95476,Osny,9,10,870,466,452,53.56,28.76,15.27,5.97,45.35
95476,Osny,10,10,828,408,401,49.28,38.15,16.96,6.48,28.93
95476,Osny,11,10,578,288,281,49.83,37.01,11.74,2.49,42.35
95476,Osny,12,10,568,320,310,56.34,32.58,26.45,6.13,31.61
95476,Osny,13,,658,216,212,32.83,68.87,3.77,0.94,21.23
95480,Parmain,1,2,1099,627,613,57.05,31.81,15.01,7.67,37.36
95480,Parmain,2,2,1222,627,614,51.31,31.92,10.75,5.54,41.69
95480,Parmain,3,2,1066,638,632,59.85,27.53,15.98,9.49,38.45
95480,Parmain,4,2,957,505,496,52.77,32.86,15.93,6.65,37.3
95483,Le Perchay,1,1,423,231,226,54.61,30.09,15.49,6.64,38.94
95487,Persan,1,1,984,469,452,47.66,44.47,8.63,4.42,37.17
95487,Persan,2,1,869,410,403,47.18,50.62,9.18,3.23,28.54
95487,Persan,3,1,775,370,361,47.74,47.92,4.43,1.11,40.44
95487,Persan,4,1,782,309,304,39.51,46.05,7.24,2.3,37.83
95487,Persan,5,1,889,386,373,43.42,57.37,3.22,2.95,31.37
95487,Persan,6,1,905,447,439,49.39,36.22,11.16,4.1,36.45
95487,Persan,7,,687,280,271,40.76,48.71,5.17,2.58,38.01
95487,Persan,8,,555,244,236,43.96,50.85,9.32,1.69,32.2
95488,Pierrelaye,1,3,821,352,347,42.87,36.31,8.36,3.46,41.21
95488,Pierrelaye,2,3,1028,354,340,34.44,52.35,4.71,2.35,32.65
95488,Pierrelaye,3,3,744,351,344,47.18,43.6,10.47,4.36,36.34
95488,Pierrelaye,4,3,910,384,375,42.2,43.73,7.2,7.2,33.6
95488,Pierrelaye,5,3,649,300,292,46.22,36.64,13.7,5.14,36.99
95488,Pierrelaye,6,3,489,249,245,50.92,38.37,9.8,7.35,40.41
95488,Pierrelaye,7,3,927,455,442,49.08,38.91,9.73,4.52,39.37
95489,Piscop,1,7,469,288,279,61.41,19.71,11.47,11.83,53.05
95491,Le Plessis-Bouchard,1,3,710,402,394,56.62,39.85,13.2,8.12,30.2
95491,Le Plessis-Bouchard,2,3,734,439,424,59.81,30.66,20.52,7.55,34.91
95491,Le Plessis-Bouchard,3,3,886,512,503,57.79,36.38,15.9,6.16,33.0
95491,Le Plessis-Bouchard,4,3,899,550,538,61.18,27.88,16.36,9.67,38.1
95491,Le Plessis-Bouchard,5,3,787,490,480,62.26,27.92,15.21,7.29,41.04
95491,Le Plessis-Bouchard,6,3,473,308,304,65.12,32.89,11.51,8.55,37.17
95491,Le Plessis-Bouchard,7,3,455,274,269,60.22,37.92,15.99,10.41,29.37
95491,Le Plessis-Bouchard,8,,255,134,132,52.55,24.24,7.58,10.61,47.73
95491,Le Plessis-Bouchard,9,,683,408,402,59.74,31.09,15.92,8.46,38.56
95492,Le Plessis-Gassot,1,7,66,49,49,74.24,24.49,10.2,10.2,40.82
95493,Le Plessis-Luzarches,1,9,107,76,73,71.03,20.55,16.44,6.85,41.1
95500,Pontoise,1,1,969,490,483,50.57,46.58,14.08,8.7,23.6
95500,Pontoise,2,1,965,497,487,51.5,54.41,12.94,8.83,18.48
95500,Pontoise,3,1,926,537,532,57.99,42.29,15.41,11.65,24.06
95500,Pontoise,4,1,809,428,424,52.9,37.26,16.27,11.08,28.3
95500,Pontoise,5,1,1033,598,583,57.89,50.6,14.24,6.86,20.24
95500,Pontoise,6,1,720,441,434,61.25,34.33,23.04,11.52,24.65
95500,Pontoise,7,1,721,363,353,50.35,37.39,14.45,4.25,36.26
95500,Pontoise,8,1,758,270,260,35.62,52.31,6.92,2.69,33.08
95500,Pontoise,9,1,556,242,236,43.53,51.69,13.14,4.66,24.15
95500,Pontoise,10,1,940,326,321,34.68,49.84,8.72,1.56,31.46
95500,Pontoise,11,1,857,377,367,43.99,52.59,11.72,3.27,26.16
95500,Pontoise,12,1,1063,584,577,54.94,45.23,19.06,9.01,18.72
95500,Pontoise,13,1,705,171,170,24.26,62.94,7.65,1.76,20.59
95500,Pontoise,14,1,581,152,150,26.16,54.0,6.0,6.0,29.33
95500,Pontoise,15,1,769,347,344,45.12,43.9,15.41,4.94,29.36
95500,Pontoise,16,1,1415,670,659,47.35,40.67,13.35,7.13,29.59
95500,Pontoise,17,1,1222,577,571,47.22,37.13,13.84,5.95,34.33
95500,Pontoise,18,1,534,235,231,44.01,43.29,12.99,6.49,33.77
95500,Pontoise,19,1,624,337,333,54.01,54.65,12.01,6.31,21.02
95500,Pontoise,20,1,757,331,326,43.73,39.88,12.27,5.21,35.58
95500,Pontoise,21,1,569,244,239,42.88,50.21,13.39,7.95,21.76
95500,Pontoise,22,,422,316,274,74.88,66.42,6.57,1.09,14.23
95504,Presles,1,2,769,443,436,57.61,34.17,16.97,9.17,30.73
95504,Presles,2,2,652,380,376,58.28,34.84,10.11,6.65,39.63
95504,Presles,3,2,702,417,409,59.4,29.58,13.2,7.82,43.03
95504,Presles,4,2,682,420,411,61.58,27.98,14.6,7.54,42.58
95509,Puiseux-en-France,1,9,1080,463,460,42.87,41.74,8.91,4.57,39.78
95509,Puiseux-en-France,2,9,1162,551,542,47.42,32.29,14.39,6.64,40.77
95509,Puiseux-en-France,3,9,343,170,164,49.56,27.44,8.54,6.1,48.17
95510,Puiseux-Pontoise,1,10,379,168,162,44.33,24.07,16.67,11.73,37.04
95523,La Roche-Guyon,1,1,301,187,182,62.13,36.26,16.48,4.95,32.42
95527,Roissy-en-France,1,9,1556,670,653,43.06,25.27,9.95,7.04,51.45
95529,Ronquerolles,1,1,668,378,364,56.59,21.7,15.66,8.79,44.51
95535,Sagy,1,1,943,523,508,55.46,30.91,12.6,5.12,44.69
95539,Saint-Brice-sous-Forêt,1,7,1089,522,514,47.93,26.07,11.09,7.0,50.97
95539,Saint-Brice-sous-Forêt,2,7,921,436,429,47.34,29.37,9.56,8.16,46.85
95539,Saint-Brice-sous-Forêt,3,7,1089,529,522,48.58,35.63,7.85,7.28,42.72
95539,Saint-Brice-sous-Forêt,4,7,887,476,467,53.66,29.34,13.7,8.14,41.11
95539,Saint-Brice-sous-Forêt,5,7,1196,631,622,52.76,21.22,7.56,18.17,49.52
95539,Saint-Brice-sous-Forêt,6,7,991,511,501,51.56,27.94,11.78,7.19,44.71
95539,Saint-Brice-sous-Forêt,7,7,998,365,360,36.57,45.56,5.28,5.0,37.5
95539,Saint-Brice-sous-Forêt,8,7,931,464,460,49.84,26.74,6.96,11.52,50.65
95539,Saint-Brice-sous-Forêt,9,7,993,488,477,49.14,32.91,13.0,9.01,39.2
95541,Saint-Clair-sur-Epte,1,1,636,300,291,47.17,25.43,13.4,3.78,51.55
95543,Saint-Cyr-en-Arthies,1,1,174,119,116,68.39,32.76,12.93,12.07,36.21
95554,Saint-Gervais,1,1,693,446,437,64.36,25.86,15.79,9.84,40.05
95555,Saint-Gratien,1,6,1215,739,725,60.82,34.62,16.55,12.83,28.0
95555,Saint-Gratien,2,6,1290,705,685,54.65,33.14,17.37,8.61,34.16
95555,Saint-Gratien,3,6,1449,553,535,38.16,55.89,10.09,4.3,22.24
95555,Saint-Gratien,4,6,1024,586,578,57.23,28.03,22.66,12.8,31.14
95555,Saint-Gratien,5,6,1309,519,508,39.65,59.65,7.48,2.95,23.43
95555,Saint-Gratien,6,6,1334,702,690,52.62,43.91,11.88,8.84,28.41
95555,Saint-Gratien,7,6,1299,561,542,43.19,61.07,7.38,4.98,21.77
95555,Saint-Gratien,8,6,1023,463,453,45.26,45.47,11.26,4.19,30.24
95555,Saint-Gratien,9,6,1125,540,529,48.0,40.08,15.69,7.75,29.49
95555,Saint-Gratien,10,6,1186,630,619,53.12,46.37,11.95,9.53,26.01
95555,Saint-Gratien,11,6,1228,592,584,48.21,39.21,15.07,8.73,30.65
95563,Saint-Leu-la-Forêt,1,4,1015,584,579,57.54,39.55,18.13,9.67,25.91
95563,Saint-Leu-la-Forêt,2,4,1140,683,673,59.91,35.22,17.09,9.81,30.01
95563,Saint-Leu-la-Forêt,3,4,1154,696,688,60.31,41.72,18.02,7.41,26.6
95563,Saint-Leu-la-Forêt,4,4,1180,646,640,54.75,38.28,14.84,9.38,29.69
95563,Saint-Leu-la-Forêt,5,4,1226,641,630,52.28,34.44,16.51,5.08,35.08
95563,Saint-Leu-la-Forêt,6,4,1115,635,629,56.95,33.7,18.76,7.31,31.8
95563,Saint-Leu-la-Forêt,7,4,1347,580,562,43.06,46.09,11.39,5.87,28.83
95563,Saint-Leu-la-Forêt,8,4,1173,668,654,56.95,43.27,15.29,7.65,25.84
95563,Saint-Leu-la-Forêt,9,4,1119,605,597,54.07,37.19,11.22,5.86,38.86
95563,Saint-Leu-la-Forêt,10,4,1055,596,583,56.49,45.45,15.27,8.06,24.01
95566,Saint-Martin-du-Tertre,1,2,930,402,392,43.23,34.18,7.91,7.14,41.33
95566,Saint-Martin-du-Tertre,2,2,920,435,424,47.28,26.65,13.68,6.6,46.23
95572,Saint-Ouen-l'Aumône,1,2,1070,520,510,48.6,45.49,13.33,6.86,27.84
95572,Saint-Ouen-l'Aumône,2,2,1208,595,584,49.25,48.97,15.24,5.99,23.29
95572,Saint-Ouen-l'Aumône,3,2,984,433,426,44.0,41.08,12.21,8.22,31.46
95572,Saint-Ouen-l'Aumône,4,2,1143,367,356,32.11,57.3,10.11,3.37,26.69
95572,Saint-Ouen-l'Aumône,5,2,1154,501,489,43.41,45.6,13.09,5.32,29.45
95572,Saint-Ouen-l'Aumône,6,2,1253,575,557,45.89,49.01,14.0,3.59,28.19
95572,Saint-Ouen-l'Aumône,7,2,1287,447,434,34.73,63.36,4.61,3.23,21.66
95572,Saint-Ouen-l'Aumône,8,2,924,321,318,34.74,50.31,11.01,2.83,26.42
95572,Saint-Ouen-l'Aumône,9,2,1282,585,569,45.63,46.75,10.54,4.57,31.99
95572,Saint-Ouen-l'Aumône,10,2,1003,520,508,51.84,38.19,16.14,7.28,29.13
95572,Saint-Ouen-l'Aumône,11,2,931,334,329,35.88,45.59,8.51,5.17,31.0
95572,Saint-Ouen-l'Aumône,12,2,1150,437,426,38.0,53.29,9.62,2.58,29.11
95574,Saint-Prix,1,4,791,466,460,58.91,28.48,17.17,12.83,37.39
95574,Saint-Prix,2,4,926,391,385,42.22,42.6,9.61,5.45,36.1
95574,Saint-Prix,3,4,883,506,497,57.3,27.16,18.71,13.48,34.0
95574,Saint-Prix,4,4,865,482,474,55.72,35.02,14.56,11.39,33.76
95574,Saint-Prix,5,4,847,521,513,61.51,22.81,21.44,14.04,37.04
95574,Saint-Prix,6,4,572,311,299,54.37,36.12,16.05,4.35,36.79
95574,Saint-Prix,7,4,829,490,487,59.11,29.16,22.18,9.24,36.14
95580,Saint-Witz,1,9,885,487,481,55.03,21.0,19.54,11.85,42.0
95580,Saint-Witz,2,9,1031,626,617,60.72,25.12,21.23,13.29,35.33
95582,Sannois,1,6,1015,488,479,48.08,43.84,11.9,8.14,31.11
95582,Sannois,2,6,1137,566,554,49.78,42.42,12.27,9.03,27.26
95582,Sannois,3,6,789,359,355,45.5,50.99,9.58,5.07,26.48
95582,Sannois,4,6,1065,535,523,50.23,39.58,12.62,5.35,35.37
95582,Sannois,5,6,1201,661,652,55.04,40.34,16.26,5.52,29.91
95582,Sannois,6,6,1128,558,537,49.47,43.02,13.41,7.26,26.63
95582,Sannois,7,6,978,427,421,43.66,51.54,6.18,3.09,32.3
95582,Sannois,8,6,799,265,258,33.17,52.33,8.53,2.33,30.23
95582,Sannois,9,6,1294,582,568,44.98,53.35,9.51,2.82,27.29
95582,Sannois,10,6,931,422,415,45.33,57.83,7.23,3.61,25.78
95582,Sannois,11,6,1095,643,636,58.72,35.85,16.98,11.79,27.04
95582,Sannois,12,6,1051,610,601,58.04,41.76,14.98,7.65,27.95
95582,Sannois,13,6,879,537,524,61.09,38.93,19.27,8.59,25.38
95582,Sannois,14,6,976,511,497,52.36,48.89,18.31,5.03,21.53
95582,Sannois,15,6,863,525,518,60.83,42.66,13.32,7.14,28.96
95582,Sannois,16,6,886,503,488,56.77,42.62,15.78,7.17,28.89
95582,Sannois,17,6,800,364,356,45.5,51.4,10.11,6.74,26.12
95584,Santeuil,1,1,505,299,294,59.21,38.1,12.93,5.78,36.05
95585,Sarcelles,1,8,1051,428,424,40.72,44.34,8.73,4.01,37.74
95585,Sarcelles,2,8,1137,452,444,39.75,50.9,6.53,3.83,32.43
95585,Sarcelles,3,8,1010,453,450,44.85,41.33,10.22,7.33,34.67
95585,Sarcelles,4,7,817,360,351,44.06,44.73,6.55,6.84,37.89
95585,Sarcelles,5,7,799,260,260,32.54,75.77,5.0,0.0,14.23
95585,Sarcelles,6,8,1004,424,420,42.23,46.9,8.33,3.57,36.67
95585,Sarcelles,7,8,1184,553,545,46.71,36.88,9.54,2.02,45.69
95585,Sarcelles,8,8,1216,463,455,38.08,50.11,7.25,2.64,34.51
95585,Sarcelles,9,7,1209,440,428,36.39,57.48,5.84,1.87,27.34
95585,Sarcelles,10,8,944,404,397,42.8,58.19,6.3,4.03,26.2
95585,Sarcelles,11,8,964,379,368,39.32,33.42,4.89,11.96,45.11
95585,Sarcelles,12,8,839,267,260,31.82,63.85,2.69,2.31,24.62
95585,Sarcelles,13,8,990,296,292,29.9,61.3,7.53,3.42,22.26
95585,Sarcelles,14,8,1027,282,270,27.46,65.19,7.04,4.44,17.04
95585,Sarcelles,15,8,870,240,235,27.59,71.91,5.96,0.85,13.62
95585,Sarcelles,16,7,723,236,229,32.64,69.0,3.93,2.18,20.52
95585,Sarcelles,17,8,927,293,284,31.61,59.15,7.04,2.82,22.89
95585,Sarcelles,18,7,660,205,198,31.06,60.1,4.55,2.02,24.24
95585,Sarcelles,19,8,1121,356,343,31.76,67.35,3.79,0.87,21.57
95585,Sarcelles,20,7,1000,346,333,34.6,60.36,4.5,3.6,24.02
95585,Sarcelles,21,7,732,357,351,48.77,21.37,4.84,11.68,59.83
95585,Sarcelles,22,7,773,337,330,43.6,13.33,5.76,14.85,62.42
95585,Sarcelles,23,8,815,242,235,29.69,53.62,3.4,8.94,27.66
95585,Sarcelles,24,7,944,429,422,45.44,16.11,4.03,24.41,53.79
95585,Sarcelles,25,7,869,318,312,36.59,34.94,5.45,13.14,43.27
95585,Sarcelles,26,7,825,259,244,31.39,45.08,6.15,3.69,40.98
95585,Sarcelles,27,7,461,168,165,36.44,38.18,6.67,15.76,36.36
95585,Sarcelles,28,7,692,173,166,25.0,69.88,9.04,3.61,15.06
95585,Sarcelles,29,7,845,281,275,33.25,62.18,8.0,2.18,22.18
95585,Sarcelles,30,7,923,303,292,32.83,64.73,8.9,3.08,18.15
95592,Seraincourt,1,1,983,547,536,55.65,25.75,14.93,5.6,46.08
95594,Seugy,1,2,774,456,448,58.91,22.99,14.96,6.7,47.1
95598,Soisy-sous-Montmorency,1,6,1439,792,770,55.04,32.08,16.36,13.25,31.95
95598,Soisy-sous-Montmorency,2,6,1286,686,677,53.34,37.08,17.73,11.67,28.66
95598,Soisy-sous-Montmorency,3,6,1506,793,775,52.66,34.84,15.61,9.42,32.39
95598,Soisy-sous-Montmorency,4,6,1323,692,683,52.31,36.02,21.23,10.25,26.5
95598,Soisy-sous-Montmorency,5,6,982,354,344,36.05,50.58,11.05,4.07,27.03
95598,Soisy-sous-Montmorency,6,6,1265,769,757,60.79,34.21,18.49,11.23,30.52
95598,Soisy-sous-Montmorency,7,6,1070,547,541,51.12,41.77,11.28,10.72,26.99
95598,Soisy-sous-Montmorency,8,6,1003,410,397,40.88,42.82,14.61,3.78,28.21
95598,Soisy-sous-Montmorency,9,6,1298,587,576,45.22,36.81,17.71,8.85,30.03
95598,Soisy-sous-Montmorency,10,6,825,296,288,35.88,57.64,5.21,2.78,23.96
95604,Survilliers,1,9,1467,695,668,47.38,27.54,13.02,6.89,45.81
95604,Survilliers,2,9,978,501,488,51.23,35.66,9.63,3.89,45.08
95607,Taverny,1,3,1054,582,576,55.22,43.4,12.33,6.77,29.51
95607,Taverny,2,3,882,497,487,56.35,38.4,14.78,7.6,32.44
95607,Taverny,3,3,741,430,422,58.03,43.36,13.27,8.06,30.33
95607,Taverny,4,3,1114,632,617,56.73,41.17,13.45,8.91,28.36
95607,Taverny,5,3,1149,639,627,55.61,35.57,17.07,9.73,28.87
95607,Taverny,6,3,1036,435,427,41.99,52.93,11.24,3.98,24.36
95607,Taverny,7,3,1086,491,483,45.21,43.69,9.32,4.35,34.16
95607,Taverny,8,3,1105,598,586,54.12,44.88,13.14,6.66,28.5
95607,Taverny,9,3,994,475,461,47.79,42.73,8.46,4.56,36.88
95607,Taverny,10,3,1086,616,604,56.72,34.93,14.9,5.79,37.91
95607,Taverny,11,3,1013,510,499,50.35,44.89,10.22,3.01,33.47
95607,Taverny,12,3,1048,577,562,55.06,37.37,14.23,9.43,32.21
95607,Taverny,13,3,903,344,334,38.1,57.78,9.88,2.4,22.46
95607,Taverny,14,3,856,418,403,48.83,44.42,9.68,4.22,30.77
95607,Taverny,15,3,644,354,350,54.97,36.29,16.29,7.14,32.57
95607,Taverny,16,3,1068,562,550,52.62,45.45,9.64,4.0,32.91
95607,Taverny,17,3,1078,637,627,59.09,41.31,12.6,9.73,28.71
95607,Taverny,18,3,874,481,471,55.03,40.76,13.38,6.16,33.76
95610,Théméricourt,1,1,223,138,137,61.88,35.77,16.79,5.11,35.04
95611,Theuville,1,1,20,13,13,65.0,0.0,7.69,23.08,53.85
95612,Le Thillay,1,9,847,346,340,40.85,37.35,8.53,4.41,42.94
95612,Le Thillay,2,9,807,334,329,41.39,38.3,8.81,2.43,44.38
95612,Le Thillay,3,9,841,350,343,41.62,32.07,5.83,4.96,51.02
95625,Us,1,1,961,572,557,59.52,28.55,9.87,6.1,45.96
95627,Vallangoujard,1,1,464,295,287,63.58,25.44,12.54,9.41,43.9
95628,Valmondois,1,1,1011,609,602,60.24,32.72,12.29,8.47,38.54
95633,Vaudherland,1,9,60,37,35,61.67,20.0,2.86,2.86,68.57
95637,Vauréal,1,10,1076,496,487,46.1,46.82,19.3,3.49,22.18
95637,Vauréal,2,10,876,423,400,48.29,45.25,17.25,3.75,24.75
95637,Vauréal,3,10,893,490,479,54.87,42.38,18.37,11.27,19.83
95637,Vauréal,4,10,894,415,403,46.42,45.91,15.14,5.71,27.05
95637,Vauréal,5,10,788,465,452,59.01,41.37,14.6,6.86,27.43
95637,Vauréal,6,10,1119,566,557,50.58,38.6,17.24,7.0,26.57
95637,Vauréal,7,10,1186,575,557,48.48,51.17,12.21,3.59,25.67
95637,Vauréal,8,10,1046,417,408,39.87,55.88,10.29,4.66,22.55
95637,Vauréal,9,10,1179,424,414,35.96,58.45,9.66,0.97,24.15
95637,Vauréal,10,10,968,447,435,46.18,43.45,17.01,2.99,28.28
95637,Vauréal,11,10,922,404,394,43.82,47.97,15.48,5.58,21.32
95637,Vauréal,12,10,971,421,405,43.36,52.35,12.84,4.2,25.19
95641,Vémars,1,9,867,422,413,48.67,33.17,9.93,6.54,41.89
95641,Vémars,2,,930,447,431,48.06,32.25,7.42,5.8,44.78
95651,Vétheuil,1,1,604,394,385,65.23,39.22,15.06,9.61,27.53
95652,Viarmes,1,2,1432,760,748,53.07,24.6,13.9,6.15,49.06
95652,Viarmes,2,2,1352,722,709,53.4,27.79,14.95,7.48,42.03
95652,Viarmes,3,2,1302,696,683,53.46,22.99,15.52,6.88,46.56
95656,Vienne-en-Arthies,1,1,330,230,225,69.7,27.56,19.11,10.67,34.67
95658,Vigny,1,1,882,492,482,55.78,26.76,16.18,9.96,38.17
95660,Villaines-sous-Bois,1,2,550,305,296,55.45,24.32,11.49,9.12,46.28
95675,Villeron,1,9,886,477,467,53.84,28.27,9.21,7.71,49.68
95676,Villers-en-Arthies,1,1,396,248,244,62.63,19.26,11.07,14.34,47.13
95678,Villiers-Adam,1,2,621,385,377,62.0,27.32,13.53,7.96,45.09
95680,Villiers-le-Bel,1,8,673,292,276,43.39,52.9,5.43,3.26,30.43
95680,Villiers-le-Bel,2,8,629,247,243,39.27,59.26,5.35,4.12,25.1
95680,Villiers-le-Bel,3,8,549,183,177,33.33,61.58,3.39,5.08,20.9
95680,Villiers-le-Bel,4,8,995,387,374,38.89,62.83,6.15,2.67,23.8
95680,Villiers-le-Bel,5,8,858,376,356,43.82,42.7,7.58,5.06,39.89
95680,Villiers-le-Bel,6,8,998,354,341,35.47,64.52,9.09,1.76,19.94
95680,Villiers-le-Bel,7,8,1073,399,382,37.19,63.87,6.02,2.88,23.3
95680,Villiers-le-Bel,8,8,926,304,289,32.83,74.39,4.15,0.69,15.22
95680,Villiers-le-Bel,9,8,959,328,313,34.2,69.97,5.11,2.24,15.97
95680,Villiers-le-Bel,10,8,921,354,348,38.44,60.34,7.47,3.16,24.14
95680,Villiers-le-Bel,11,8,873,394,384,45.13,47.92,7.81,4.69,31.25
95680,Villiers-le-Bel,12,8,843,393,375,46.62,51.47,8.27,4.27,29.07
95680,Villiers-le-Bel,13,8,904,393,381,43.47,59.06,8.92,2.62,24.15
95680,Villiers-le-Bel,14,,954,406,385,42.56,56.1,5.19,2.08,28.57
95680,Villiers-le-Bel,15,,1074,466,454,43.39,48.24,10.79,4.41,31.5
95682,Villiers-le-Sec,1,9,115,63,62,54.78,35.48,12.9,9.68,27.42
95690,Wy-dit-Joli-Village,1,1,289,192,188,66.44,27.13,18.09,10.11,37.23
