scrutin,code_circ,n_bdv,inscrits,votants,exprimes,participation,left,ctr,rgt,far,pr_left,pr_macron,pr_pec,pr_lepen,pr_zem,pr_other,eu_left,eu_ctr,eu_lr,eu_rn,pr2_macron,pr2_lepen
leg17t1,01,1,72,54,52,75.0,34.62,13.46,38.46,13.46,,,,,,,,,,,,
leg17t1,1,131,81475,39165,38400,48.07,25.05,35.96,19.6,17.37,,,,,,,,,,,,
leg17t1,10,66,66540,28637,27995,43.04,32.81,36.72,12.18,10.37,,,,,,,,,,,,
leg17t1,2,80,76534,37013,36443,48.36,24.74,35.46,24.45,13.2,,,,,,,,,,,,
leg17t1,3,102,91580,43308,42613,47.29,25.01,40.14,16.73,12.85,,,,,,,,,,,,
leg17t1,4,73,76060,36015,35436,47.35,23.2,43.15,17.01,12.12,,,,,,,,,,,,
leg17t1,5,67,68483,27231,26632,39.76,42.95,29.95,14.1,9.88,,,,,,,,,,,,
leg17t1,6,73,76435,34936,34405,45.71,22.43,40.39,23.61,9.92,,,,,,,,,,,,
leg17t1,7,69,69588,30440,29951,43.74,27.55,35.98,24.26,10.51,,,,,,,,,,,,
leg17t1,8,53,54551,17505,16871,32.09,57.24,10.93,0.0,11.52,,,,,,,,,,,,
leg17t1,9,85,69985,26828,26164,38.33,29.58,31.84,16.29,18.62,,,,,,,,,,,,
pr17t1,01,1,72,69,69,95.83,,,,,24.64,11.59,28.99,20.29,0.0,14.49,,,,,,
pr17t1,1,131,81461,66254,64626,81.33,,,,,27.99,23.19,19.1,22.16,0.0,7.55,,,,,,
pr17t1,10,66,66456,51010,49648,76.76,,,,,37.09,27.61,13.62,15.14,0.0,6.53,,,,,,
pr17t1,2,80,76435,61294,59788,80.19,,,,,29.06,25.23,19.05,18.81,0.0,7.85,,,,,,
pr17t1,3,102,91564,72707,71023,79.41,,,,,28.9,26.52,19.02,17.91,0.0,7.65,,,,,,
pr17t1,4,73,76024,59445,58119,78.19,,,,,28.97,28.16,20.61,14.91,0.0,7.36,,,,,,
pr17t1,5,67,68513,50559,49262,73.79,,,,,43.16,23.97,12.05,15.09,0.0,5.73,,,,,,
pr17t1,6,73,76338,58615,57439,76.78,,,,,29.37,28.23,23.1,13.33,0.0,5.97,,,,,,
pr17t1,7,69,69534,53831,51575,77.42,,,,,28.95,25.09,24.68,15.13,0.0,6.14,,,,,,
pr17t1,8,53,54205,37439,36330,69.07,,,,,42.58,21.9,15.41,14.84,0.0,5.28,,,,,,
pr17t1,9,85,69895,51714,50259,73.99,,,,,33.54,21.58,15.12,22.66,0.0,7.1,,,,,,
leg24t1,,19,14764,9131,8803,61.85,49.28,17.07,7.59,25.71,,,,,,,,,,,,
leg24t1,1,131,82381,56438,54972,68.51,31.85,25.71,6.24,36.16,,,,,,,,,,,,
leg24t1,10,68,62461,40806,39746,65.33,44.04,22.01,10.09,23.86,,,,,,,,,,,,
leg24t1,2,80,78709,52731,51486,66.99,34.45,25.33,6.27,31.16,,,,,,,,,,,,
leg24t1,3,104,94424,63775,62495,67.54,38.54,23.46,7.55,28.82,,,,,,,,,,,,
leg24t1,4,75,76262,51482,50492,67.51,39.84,27.89,5.95,26.22,,,,,,,,,,,,
leg24t1,5,67,70843,42576,41616,60.1,59.14,13.94,7.62,18.7,,,,,,,,,,,,
leg24t1,6,75,75753,50321,49435,66.43,38.38,28.49,7.56,23.45,,,,,,,,,,,,
leg24t1,7,70,68539,45277,44271,66.06,39.25,23.13,8.79,28.83,,,,,,,,,,,,
leg24t1,8,53,51214,28618,27383,55.88,59.67,12.23,6.62,21.48,,,,,,,,,,,,
leg24t1,9,86,69303,41741,40742,60.23,41.98,14.7,11.37,31.57,,,,,,,,,,,,
leg24t2,,14,10211,6602,6087,64.66,64.61,1.76,0.0,33.63,,,,,,,,,,,,
leg24t2,1,131,82402,56669,55036,68.77,36.16,26.14,0.0,37.7,,,,,,,,,,,,
leg24t2,10,68,62494,39943,36003,63.91,69.53,0.0,0.0,30.47,,,,,,,,,,,,
leg24t2,2,80,78724,51992,47626,66.04,59.61,0.0,0.0,40.39,,,,,,,,,,,,
leg24t2,3,104,94435,62565,57162,66.25,62.62,0.0,0.0,37.38,,,,,,,,,,,,
leg24t2,4,75,76259,48508,44848,63.61,44.61,55.39,0.0,0.0,,,,,,,,,,,,
leg24t2,6,75,75779,49825,48864,65.75,43.64,33.05,0.0,23.31,,,,,,,,,,,,
leg24t2,7,70,68578,44078,40801,64.27,60.57,0.0,0.0,39.43,,,,,,,,,,,,
leg24t2,9,86,69331,41551,38361,59.93,60.18,0.0,0.0,39.82,,,,,,,,,,,,
eu24,,19,14864,6872,6665,46.23,,,,,,,,,,,49.6,8.28,4.22,30.07,,
eu24,1,131,82790,44243,43266,53.44,,,,,,,,,,,33.56,13.36,6.93,38.05,,
eu24,10,68,62643,29616,28963,47.28,,,,,,,,,,,47.03,13.59,5.25,26.91,,
eu24,2,80,79076,40339,39550,51.01,,,,,,,,,,,36.54,13.91,7.05,35.28,,
eu24,3,104,95088,49110,48096,51.65,,,,,,,,,,,39.79,13.6,7.08,32.23,,
eu24,4,75,76737,39457,38673,51.42,,,,,,,,,,,40.59,15.31,7.73,29.31,,
eu24,5,67,71888,30452,29841,42.36,,,,,,,,,,,58.98,8.65,3.73,22.39,,
eu24,6,75,76344,38641,37942,50.61,,,,,,,,,,,43.17,14.48,8.29,27.48,,
eu24,7,70,68907,34055,33430,49.42,,,,,,,,,,,37.89,12.55,7.61,35.78,,
eu24,8,53,51548,19494,18970,37.82,,,,,,,,,,,55.4,6.82,3.67,27.8,,
eu24,9,86,69811,29708,28970,42.55,,,,,,,,,,,41.29,9.76,4.9,37.68,,
leg22t1,1,133,82729,40549,39828,49.01,35.86,23.78,11.95,28.41,,,,,,,,,,,,
leg22t1,10,68,67935,28705,27984,42.25,50.46,25.18,5.92,18.06,,,,,,,,,,,,
leg22t1,2,80,78157,36270,35612,46.41,35.27,28.79,8.68,24.93,,,,,,,,,,,,
leg22t1,3,104,94585,44019,43297,46.54,36.4,28.37,12.2,23.03,,,,,,,,,,,,
leg22t1,4,75,75579,36331,35813,48.07,39.81,29.03,12.51,18.65,,,,,,,,,,,,
leg22t1,5,67,69259,25598,25039,36.96,51.05,21.02,9.77,11.67,,,,,,,,,,,,
leg22t1,6,75,75335,34105,33576,45.27,39.11,30.87,12.29,17.74,,,,,,,,,,,,
leg22t1,7,70,69364,29089,28548,41.94,41.82,27.48,7.68,23.02,,,,,,,,,,,,
leg22t1,8,53,54509,17943,17460,32.92,50.6,33.0,0.0,14.73,,,,,,,,,,,,
leg22t1,9,86,70489,26688,26033,37.86,39.53,21.36,12.81,25.39,,,,,,,,,,,,
leg22t2,1,133,82738,39061,35746,47.21,47.47,52.53,0.0,0.0,,,,,,,,,,,,
leg22t2,10,68,67953,28010,26249,41.22,55.76,44.24,0.0,0.0,,,,,,,,,,,,
leg22t2,2,80,78171,35404,32795,45.29,46.75,53.25,0.0,0.0,,,,,,,,,,,,
leg22t2,3,104,94579,43389,40642,45.88,47.84,52.16,0.0,0.0,,,,,,,,,,,,
leg22t2,4,75,75566,35705,33444,47.25,46.57,53.43,0.0,0.0,,,,,,,,,,,,
leg22t2,5,67,69293,25872,24558,37.34,63.71,36.29,0.0,0.0,,,,,,,,,,,,
leg22t2,6,75,75352,34203,32251,45.39,46.53,53.47,0.0,0.0,,,,,,,,,,,,
leg22t2,7,70,69386,29450,27668,42.44,49.63,50.37,0.0,0.0,,,,,,,,,,,,
leg22t2,8,53,54531,19178,18279,35.17,61.72,38.28,0.0,0.0,,,,,,,,,,,,
leg22t2,9,86,70504,26481,23809,37.56,56.42,0.0,0.0,43.58,,,,,,,,,,,,
pr22t1,1,132,82122,63378,62056,77.18,,,,,34.07,26.12,5.64,22.36,7.53,4.28,,,,,,
pr22t1,10,68,67547,49606,48534,73.44,,,,,46.42,26.39,4.26,14.93,4.87,3.14,,,,,,
pr22t1,2,80,77842,59158,57913,76.0,,,,,35.55,27.6,5.52,19.78,7.54,4.0,,,,,,
pr22t1,3,104,93965,71466,70009,76.06,,,,,36.83,28.4,6.08,18.05,6.82,3.82,,,,,,
pr22t1,4,75,75211,56796,55677,75.52,,,,,38.14,29.98,5.88,15.11,7.23,3.67,,,,,,
pr22t1,5,67,68637,48371,47550,70.47,,,,,55.43,21.45,3.15,13.15,4.44,2.37,,,,,,
pr22t1,6,75,75004,55410,54394,73.88,,,,,39.45,29.99,5.97,13.48,7.89,3.22,,,,,,
pr22t1,7,70,68851,50344,49336,73.12,,,,,37.57,26.54,5.13,16.4,11.04,3.33,,,,,,
pr22t1,8,53,54208,36054,35259,66.51,,,,,56.37,18.26,2.67,14.16,6.35,2.21,,,,,,
pr22t1,9,86,70142,50093,48857,71.42,,,,,42.5,21.59,3.87,22.09,6.71,3.24,,,,,,
pr22t2,1,132,82149,59624,54476,72.58,,,,,,,,,,,,,,,58.63,41.37
pr22t2,10,68,67586,45096,41168,66.72,,,,,,,,,,,,,,,70.3,29.7
pr22t2,2,80,77882,54978,50294,70.59,,,,,,,,,,,,,,,63.12,36.88
pr22t2,3,104,94006,66482,60949,70.72,,,,,,,,,,,,,,,66.06,33.94
pr22t2,4,75,75244,52601,48176,69.91,,,,,,,,,,,,,,,69.9,30.1
pr22t2,5,67,68696,42618,39052,62.04,,,,,,,,,,,,,,,72.75,27.25
pr22t2,6,75,75030,51032,46980,68.02,,,,,,,,,,,,,,,72.25,27.75
pr22t2,7,70,68940,45927,42168,66.62,,,,,,,,,,,,,,,66.02,33.98
pr22t2,8,53,54159,31368,28782,57.92,,,,,,,,,,,,,,,67.01,32.99
pr22t2,9,86,70184,45172,41230,64.36,,,,,,,,,,,,,,,57.7,42.3
