codeCirconscription,codeDepartement,nomDepartement,nomCirconscription,centroid_lat,centroid_lon
0104,01,Ain,4ème circonscription,46.12814999835533,4.995886740491072
0105,01,Ain,5ème circonscription,46.0170172153419,5.571038371378814
0103,01,Ain,3ème circonscription,46.07866766452927,5.850163814085039
0102,01,Ain,2ème circonscription,45.89049037280698,5.09766923732904
0101,01,Ain,1ère circonscription,46.297770283845075,5.212418619669648
0204,02,Aisne,4ème circonscription,49.49283932088437,3.239484623572203
0201,02,Aisne,1ère circonscription,49.57368241259001,3.7617019307696866
0205,02,Aisne,5ème circonscription,49.177641599145225,3.4014669777385693
0203,02,Aisne,3ème circonscription,49.872295720600306,3.778917102074903
0202,02,Aisne,2ème circonscription,49.84328454526412,3.2558262748724696
0303,03,Allier,3ème circonscription,46.20593634549684,3.6049355059399
0301,03,Allier,1ère circonscription,46.49616638413544,3.301472811323533
0302,03,Allier,2ème circonscription,46.39832113922095,2.70574432892995
0401,04,Alpes-de-Haute-Provence,1ère circonscription,43.998126252436336,6.324245434820144
0402,04,Alpes-de-Haute-Provence,2ème circonscription,44.23358836442891,6.15120739490959
0502,05,Hautes-Alpes,2ème circonscription,44.75996394463193,6.492963051777373
0501,05,Hautes-Alpes,1ère circonscription,44.47964664928164,5.827947339692315
0602,06,Alpes-Maritimes,2ème circonscription,43.91917991095475,6.928543675064153
0607,06,Alpes-Maritimes,7ème circonscription,43.679482455883175,7.015444272366163
0605,06,Alpes-Maritimes,5ème circonscription,44.07585050341558,7.142920926649195
0609,06,Alpes-Maritimes,9ème circonscription,43.60545202307286,6.963350506919669
0604,06,Alpes-Maritimes,4ème circonscription,43.951356740019385,7.481126250549161
0606,06,Alpes-Maritimes,6ème circonscription,43.67213474245072,7.130794567469049
0608,06,Alpes-Maritimes,8ème circonscription,43.542524767664744,6.958770275495162
0603,06,Alpes-Maritimes,3ème circonscription,43.73880619162388,7.2919228888381635
0601,06,Alpes-Maritimes,1ère circonscription,43.70687286566907,7.2846830604321875
0701,07,Ardèche,1ère circonscription,44.719369413489055,4.554899930484818
0703,07,Ardèche,3ème circonscription,44.588940644736596,4.224853015587898
0702,07,Ardèche,2ème circonscription,45.09654667801681,4.636287431245425
0801,08,Ardennes,1ère circonscription,49.62566626917506,4.398915582589613
0803,08,Ardennes,3ème circonscription,49.48851622987925,4.864214792402597
0802,08,Ardennes,2ème circonscription,49.909627111154265,4.6724696822862795
0901,09,Ariège,1ère circonscription,42.82931536941092,1.5274693504116568
0902,09,Ariège,2ème circonscription,43.09034250740142,1.4596625431951507
1001,10,Aube,1ère circonscription,48.3843802948224,4.372741194034572
1002,10,Aube,2ème circonscription,48.122809977523,4.094041789372961
1003,10,Aube,3ème circonscription,48.41075002403529,3.688525606064924
1101,11,Aude,1ère circonscription,43.20812794207873,2.6189590433524654
1103,11,Aude,3ème circonscription,43.06248076874159,2.2037631301179537
1102,11,Aude,2ème circonscription,43.09962217412784,2.999139992743484
1203,12,Aveyron,3ème circonscription,44.063305482834714,2.906091643832545
1202,12,Aveyron,2ème circonscription,44.379280455430965,2.2026902798512693
1201,12,Aveyron,1ère circonscription,44.57093548123563,2.724996089278027
1314,13,Bouches-du-Rhône,14ème circonscription,43.56371280569262,5.590359536295807
1311,13,Bouches-du-Rhône,11ème circonscription,43.48819653985328,5.361114651451353
1310,13,Bouches-du-Rhône,10ème circonscription,43.397703368289946,5.532234401433738
1315,13,Bouches-du-Rhône,15ème circonscription,43.74909150772662,5.016482867154207
1316,13,Bouches-du-Rhône,16ème circonscription,43.5720500830371,4.668438999540553
1309,13,Bouches-du-Rhône,9ème circonscription,43.25902974850186,5.617258991785231
1308,13,Bouches-du-Rhône,8ème circonscription,43.57891823388409,5.152419951549461
1312,13,Bouches-du-Rhône,12ème circonscription,43.39141449703664,5.20586314325006
1313,13,Bouches-du-Rhône,13ème circonscription,43.428979601444674,4.929891230018906
1304,13,Bouches-du-Rhône,4ème circonscription,43.30868592997478,5.374198772367406
1305,13,Bouches-du-Rhône,5ème circonscription,43.29673466124883,5.394865461038285
1302,13,Bouches-du-Rhône,2ème circonscription,43.24858584562557,5.373075169219096
1306,13,Bouches-du-Rhône,6ème circonscription,43.23916914708784,5.449789968407881
1301,13,Bouches-du-Rhône,1ère circonscription,43.29278291191924,5.470859833010879
1303,13,Bouches-du-Rhône,3ème circonscription,43.34847857841396,5.423767943181755
1307,13,Bouches-du-Rhône,7ème circonscription,43.35780191784395,5.346567196565984
1404,14,Calvados,4ème circonscription,49.2616712924138,0.10765542364009058
1405,14,Calvados,5ème circonscription,49.25575252626975,-0.7698468022080128
1406,14,Calvados,6ème circonscription,48.95885405556854,-0.6698692899603386
1403,14,Calvados,3ème circonscription,49.017961692898204,-0.019690426286086027
1402,14,Calvados,2ème circonscription,49.167567354217056,-0.23062088620317892
1401,14,Calvados,1ère circonscription,49.18421939850583,-0.5096102089580896
1502,15,Cantal,2ème circonscription,45.13048137930109,2.8086166586673444
1501,15,Cantal,1ère circonscription,44.89214189617368,2.3885546945715985
1603,16,Charente,3ème circonscription,45.87642037783814,0.3656906412387249
1602,16,Charente,2ème circonscription,45.49436571924282,-0.0377394630874415
1601,16,Charente,1ère circonscription,45.64328365767067,0.18356831308490462
1704,17,Charente-Maritime,4ème circonscription,45.42836772549938,-0.5033997574316331
1702,17,Charente-Maritime,2ème circonscription,46.15833528302988,-0.8994751614967473
1703,17,Charente-Maritime,3ème circonscription,45.90496087716841,-0.4733463721356483
1701,17,Charente-Maritime,1ère circonscription,46.19333398954962,-1.2428518402820043
1705,17,Charente-Maritime,5ème circonscription,45.82160145766312,-0.987730199071807
1801,18,Cher,1ère circonscription,47.357613014797764,2.5423319882197455
1803,18,Cher,3ème circonscription,46.85775520333607,2.581573718567194
1802,18,Cher,2ème circonscription,47.146183537060445,2.141673250541065
1901,19,Corrèze,1ère circonscription,45.43403998636054,1.969380491914354
1902,19,Corrèze,2ème circonscription,45.16943099143677,1.6531449215334775
2A01,2A,Corse-du-Sud,1ère circonscription,42.132531469760295,8.817071557322583
2A02,2A,Corse-du-Sud,2ème circonscription,41.72623156300255,9.075569941785695
2B02,2B,Haute-Corse,2ème circonscription,42.31311139213683,9.172906046409583
2B01,2B,Haute-Corse,1ère circonscription,42.707553648122456,9.334173992748054
2105,21,Côte-d'Or,5ème circonscription,47.11711625333146,4.768360935428692
2104,21,Côte-d'Or,4ème circonscription,47.60107404050385,4.6314145275478715
2101,21,Côte-d'Or,1ère circonscription,47.361744104566476,4.947976833434817
2103,21,Côte-d'Or,3ème circonscription,47.253823266025194,5.1646340278833245
2102,21,Côte-d'Or,2ème circonscription,47.367380290590326,5.335352089199815
2203,22,Côtes-d'Armor,3ème circonscription,48.297643224546746,-2.6604497211261084
2202,22,Côtes-d'Armor,2ème circonscription,48.447869995739694,-2.2143186139216047
2204,22,Côtes-d'Armor,4ème circonscription,48.44189087416684,-3.3045098668687896
2205,22,Côtes-d'Armor,5ème circonscription,48.73575648913298,-3.2097416846246527
2201,22,Côtes-d'Armor,1ère circonscription,48.50387453018488,-2.82710595318863
2301,23,Creuse,1ère circonscription,46.09062057248507,2.0181597922292585
2403,24,Dordogne,3ème circonscription,45.388249004638276,0.6830726813531692
2404,24,Dordogne,4ème circonscription,44.98067435351588,1.0646365683253567
2402,24,Dordogne,2ème circonscription,44.83821992503646,0.519754571475887
2401,24,Dordogne,1ère circonscription,45.11208715938039,0.4184389126584191
2501,25,Doubs,1ère circonscription,47.163192736459784,5.89189808092663
2503,25,Doubs,3ème circonscription,47.36481120405073,6.610998929607748
2504,25,Doubs,4ème circonscription,47.42620338855134,6.795303031567904
2505,25,Doubs,5ème circonscription,46.98894516376956,6.350698700780991
2502,25,Doubs,2ème circonscription,47.22558621818765,6.160549360389249
2603,26,Drôme,3ème circonscription,44.584542539437734,5.2609550439836505
2604,26,Drôme,4ème circonscription,45.12856373865978,5.03644391128328
2602,26,Drôme,2ème circonscription,44.60419504223769,4.815631450079954
2601,26,Drôme,1ère circonscription,45.02777813553183,4.89517067514191
2702,27,Eure,2ème circonscription,49.044615647772844,0.8728477284960557
2701,27,Eure,1ère circonscription,48.87541987759361,1.1310197099767028
2704,27,Eure,4ème circonscription,49.224060141230765,1.1085826496540696
2703,27,Eure,3ème circonscription,49.20099004194074,0.5543334647719315
2705,27,Eure,5ème circonscription,49.266683639843066,1.5029451737657795
2802,28,Eure-et-Loir,2ème circonscription,48.67808326930759,1.223423710984557
2804,28,Eure-et-Loir,4ème circonscription,48.20563166402353,1.5415876028294981
2803,28,Eure-et-Loir,3ème circonscription,48.35196232166019,1.1123901935933718
2801,28,Eure-et-Loir,1ère circonscription,48.52652926538439,1.5489005263849043
2906,29,Finistère,6ème circonscription,48.26522876256139,-3.9815419566456707
2908,29,Finistère,8ème circonscription,47.919081832139064,-3.7055698592932633
2907,29,Finistère,7ème circonscription,47.98026615544126,-4.3384068199515875
2901,29,Finistère,1ère circonscription,48.00277827689076,-4.046561886034939
2905,29,Finistère,5ème circonscription,48.54119048260533,-4.286409239567267
2902,29,Finistère,2ème circonscription,48.4209474830709,-4.506266266625339
2904,29,Finistère,4ème circonscription,48.54449494883751,-3.8996994323718344
2903,29,Finistère,3ème circonscription,48.468326821895005,-4.596696306309235
3006,30,Gard,6ème circonscription,43.95167689702248,4.431225323976234
3005,30,Gard,5ème circonscription,44.0492983602379,3.8280717299081717
3002,30,Gard,2ème circonscription,43.67795303936575,4.251776131010937
3004,30,Gard,4ème circonscription,44.15636852359499,4.3205420546181985
3003,30,Gard,3ème circonscription,44.03188816151022,4.634530612257362
3001,30,Gard,1ère circonscription,43.79168986406032,4.4724238396933504
3108,31,Haute-Garonne,8ème circonscription,43.123429302592825,0.8037904929938481
3107,31,Haute-Garonne,7ème circonscription,43.32447078783444,1.3239501304174892
3110,31,Haute-Garonne,10ème circonscription,43.4585759497232,1.6919155060446278
3105,31,Haute-Garonne,5ème circonscription,43.77005996774564,1.3555333749001264
3102,31,Haute-Garonne,2ème circonscription,43.721283968363934,1.5560423217680532
3103,31,Haute-Garonne,3ème circonscription,43.63028744463135,1.5899756894504258
3101,31,Haute-Garonne,1ère circonscription,43.641974245050896,1.3623612525300992
3106,31,Haute-Garonne,6ème circonscription,43.61683777969708,1.1644324916733797
3109,31,Haute-Garonne,9ème circonscription,43.49557309224423,1.3987354194993897
3104,31,Haute-Garonne,4ème circonscription,43.58169188976996,1.3994296702685154
3201,32,Gers,1ère circonscription,43.56603240359394,0.3852153109022949
3202,32,Gers,2ème circonscription,43.820229346953106,0.5209223423515682
3311,33,Gironde,11ème circonscription,45.12484913980691,-0.41250774779636457
3312,33,Gironde,12ème circonscription,44.669756594301035,-0.14735896971057005
3304,33,Gironde,4ème circonscription,44.912988628734304,-0.47763048488016907
3308,33,Gironde,8ème circonscription,44.66580606868531,-1.0370898807179663
3309,33,Gironde,9ème circonscription,44.483230115946625,-0.4683732632547528
3305,33,Gironde,5ème circonscription,45.14875207535118,-0.9503113483948669
3310,33,Gironde,10ème circonscription,44.87895971267612,-0.11304778919247878
3303,33,Gironde,3ème circonscription,44.79133784398628,-0.5619697702835271
3302,33,Gironde,2ème circonscription,44.838580741428075,-0.5728134264378236
3301,33,Gironde,1ère circonscription,44.87713513570507,-0.5860592137311662
3307,33,Gironde,7ème circonscription,44.74674587820761,-0.699782322465296
3306,33,Gironde,6ème circonscription,44.84723546426842,-0.7721613267833104
3407,34,Hérault,7ème circonscription,43.39423453149086,3.4350455648516385
3405,34,Hérault,5ème circonscription,43.52469106825887,3.0189710397702973
3404,34,Hérault,4ème circonscription,43.73350575724397,3.600654468771993
3403,34,Hérault,3ème circonscription,43.70997472976126,3.9851578542849473
3408,34,Hérault,8ème circonscription,43.53874199057018,3.7598967432354025
3406,34,Hérault,6ème circonscription,43.33089189379446,3.2240655519460977
3409,34,Hérault,9ème circonscription,43.6235716664222,4.0588800884325975
3401,34,Hérault,1ère circonscription,43.556407290514024,3.8772972351545567
3402,34,Hérault,2ème circonscription,43.620992801928864,3.857017189275075
3502,35,Ille-et-Vilaine,2ème circonscription,48.223880411607375,-1.6045979527649732
3505,35,Ille-et-Vilaine,5ème circonscription,48.02974761359019,-1.3049920522244705
3506,35,Ille-et-Vilaine,6ème circonscription,48.387579927541985,-1.400670736925628
3507,35,Ille-et-Vilaine,7ème circonscription,48.578617109488015,-1.8767440993357607
3504,35,Ille-et-Vilaine,4ème circonscription,47.876346629615,-1.8693683680717912
3503,35,Ille-et-Vilaine,3ème circonscription,48.24953488810451,-1.9459432244515742
3501,35,Ille-et-Vilaine,1ère circonscription,48.0354408732758,-1.6666738519745845
3508,35,Ille-et-Vilaine,8ème circonscription,48.10259106222048,-1.7959146150726228
3602,36,Indre,2ème circonscription,46.818190993340195,1.7689382022549491
3601,36,Indre,1ère circonscription,46.718843533443966,1.2886502395679316
3703,37,Indre-et-Loire,3ème circonscription,47.07963470387834,0.9210460552778366
3705,37,Indre-et-Loire,5ème circonscription,47.46623045290144,0.42049842593374537
3702,37,Indre-et-Loire,2ème circonscription,47.44114310793076,0.9207134919118893
3704,37,Indre-et-Loire,4ème circonscription,47.153952921748996,0.4187868392749506
3701,37,Indre-et-Loire,1ère circonscription,47.39264649551605,0.6976377405848082
3810,38,Isère,10ème circonscription,45.57637083002233,5.382048439112691
3805,38,Isère,5ème circonscription,45.33298784531411,5.8896000170149225
3807,38,Isère,7ème circonscription,45.39567563163319,5.197633000065312
3809,38,Isère,9ème circonscription,45.226631404847325,5.4339769173651336
3804,38,Isère,4ème circonscription,44.96686025888135,5.863403903250642
3806,38,Isère,6ème circonscription,45.71334552714311,5.33871550825591
3808,38,Isère,8ème circonscription,45.51826515547122,4.938988837255305
3801,38,Isère,1ère circonscription,45.237645952272025,5.7990352304749795
3802,38,Isère,2ème circonscription,45.09209397591788,5.776003900434503
3803,38,Isère,3ème circonscription,45.225071976061166,5.645446756266486
3903,39,Jura,3ème circonscription,47.03927553110795,5.617026419205453
3901,39,Jura,1ère circonscription,46.62704817297852,5.5541124190451265
3902,39,Jura,2ème circonscription,46.56819885498818,5.9006070512523685
4003,40,Landes,3ème circonscription,43.77748622663836,-0.718007987537199
4002,40,Landes,2ème circonscription,43.68949386051862,-1.245792462394457
4001,40,Landes,1ère circonscription,44.14261380206075,-0.72416919298353
4103,41,Loir-et-Cher,3ème circonscription,47.81123308938104,1.1225162606035495
4101,41,Loir-et-Cher,1ère circonscription,47.4739482992552,1.303804076268993
4102,41,Loir-et-Cher,2ème circonscription,47.45995680749049,1.7738061868850397
4204,42,Loire,4ème circonscription,45.41284471205667,4.30154562642285
4206,42,Loire,6ème circonscription,45.72920048708753,4.091893422211938
4205,42,Loire,5ème circonscription,46.04489990159835,4.036961156731162
4203,42,Loire,3ème circonscription,45.49338172896979,4.514348484891463
4201,42,Loire,1ère circonscription,45.446204935220386,4.3524419472491775
4202,42,Loire,2ème circonscription,45.41293797735706,4.425224238403012
4302,43,Haute-Loire,2ème circonscription,45.12092402121107,3.5987404814093185
4301,43,Haute-Loire,1ère circonscription,45.13973072053674,4.139308680198745
4406,44,Loire-Atlantique,6ème circonscription,47.571326421348054,-1.5003587237194507
4410,44,Loire-Atlantique,10ème circonscription,47.13374850503282,-1.3594230752268615
4409,44,Loire-Atlantique,9ème circonscription,47.09336930960548,-1.8440565192467173
4407,44,Loire-Atlantique,7ème circonscription,47.41350536396619,-2.237183624444131
4404,44,Loire-Atlantique,4ème circonscription,47.1588211630106,-1.6129944825406324
4408,44,Loire-Atlantique,8ème circonscription,47.3455373618847,-2.039188042623183
4405,44,Loire-Atlantique,5ème circonscription,47.37462273201931,-1.4874403366712101
4403,44,Loire-Atlantique,3ème circonscription,47.26657460161781,-1.738835022078107
4402,44,Loire-Atlantique,2ème circonscription,47.22481126186605,-1.530057397545493
4401,44,Loire-Atlantique,1ère circonscription,47.26745062352948,-1.6266661440680843
4503,45,Loiret,3ème circonscription,47.70260119892585,2.424926645940339
4504,45,Loiret,4ème circonscription,47.98198632353784,2.8407345285695347
4505,45,Loiret,5ème circonscription,48.12035298723659,2.2394223927389287
4502,45,Loiret,2ème circonscription,47.97526538770893,1.7486694984265507
4501,45,Loiret,1ère circonscription,47.805573217606124,1.778389946914486
4506,45,Loiret,6ème circonscription,47.89910008372878,2.355086353052025
4601,46,Lot,1ère circonscription,44.51784839413285,1.400369184212891
4602,46,Lot,2ème circonscription,44.738198776266415,1.823693720815432
4701,47,Lot-et-Garonne,1ère circonscription,44.13439332989768,0.45925263737646943
4702,47,Lot-et-Garonne,2ème circonscription,44.421663950601726,0.21736490388092264
4703,47,Lot-et-Garonne,3ème circonscription,44.459018956416536,0.7402300337191523
4801,48,Lozère,1ère circonscription,44.51752763526202,3.499706043937692
4903,49,Maine-et-Loire,3ème circonscription,47.49717059042899,-0.10726157834627188
4904,49,Maine-et-Loire,4ème circonscription,47.207081369144305,-0.35862013344444177
4901,49,Maine-et-Loire,1ère circonscription,47.625645033781495,-0.5240743644460426
4902,49,Maine-et-Loire,2ème circonscription,47.3310668248481,-0.6041609095423155
4906,49,Maine-et-Loire,6ème circonscription,47.2989842819817,-0.953894231608794
4907,49,Maine-et-Loire,7ème circonscription,47.623367679021,-0.8880023385573165
4905,49,Maine-et-Loire,5ème circonscription,47.071334602319745,-0.9155990340600916
5001,50,Manche,1ère circonscription,49.1556925453165,-1.1717122219501919
5003,50,Manche,3ème circonscription,49.23186037816706,-1.5102249401693928
5004,50,Manche,4ème circonscription,49.629402083837356,-1.5613755046981652
5002,50,Manche,2ème circonscription,48.65611251690904,-1.182495464203999
5105,51,Marne,5ème circonscription,48.77782041054731,4.319883266831667
5103,51,Marne,3ème circonscription,48.948316779638425,3.798685186014566
5104,51,Marne,4ème circonscription,49.11533038810739,4.580397524015959
5102,51,Marne,2ème circonscription,49.229250719302556,3.8181403974254198
5101,51,Marne,1ère circonscription,49.33830362481378,4.07659119889141
5201,52,Haute-Marne,1ère circonscription,47.9316660963876,5.3191921979227645
5202,52,Haute-Marne,2ème circonscription,48.37452657291262,5.087154042481892
5302,53,Mayenne,2ème circonscription,47.9122640364023,-0.7199789704904989
5303,53,Mayenne,3ème circonscription,48.31822180170358,-0.7419780843169009
5301,53,Mayenne,1ère circonscription,48.219675189636654,-0.41958874544868435
5406,54,Meurthe-et-Moselle,6ème circonscription,48.98830160344958,6.014930233876551
5405,54,Meurthe-et-Moselle,5ème circonscription,48.63469527416791,5.967671625299722
5401,54,Meurthe-et-Moselle,1ère circonscription,48.74310723592462,6.278542556943659
5403,54,Meurthe-et-Moselle,3ème circonscription,49.40921867351635,5.769865367421312
5404,54,Meurthe-et-Moselle,4ème circonscription,48.56421456694403,6.590499475995218
5402,54,Meurthe-et-Moselle,2ème circonscription,48.66107754665312,6.1495018308333975
5501,55,Meuse,1ère circonscription,48.768795066909135,5.393644135524687
5502,55,Meuse,2ème circonscription,49.258557371006184,5.366714140525285
5604,56,Morbihan,4ème circonscription,47.82330686495543,-2.345283513820779
5601,56,Morbihan,1ère circonscription,47.58727019980798,-2.6526497042549346
5602,56,Morbihan,2ème circonscription,47.661026470195964,-3.089002927089943
5603,56,Morbihan,3ème circonscription,47.902032930469076,-2.8129872603132946
5606,56,Morbihan,6ème circonscription,48.00731195080614,-3.3192218512822746
5605,56,Morbihan,5ème circonscription,47.72523044740668,-3.411046258873826
5709,57,Moselle,9ème circonscription,49.38577312744283,6.285876539596318
5704,57,Moselle,4ème circonscription,48.8011047971498,6.829447231907011
5705,57,Moselle,5ème circonscription,49.05186628929668,7.262541985344688
5707,57,Moselle,7ème circonscription,49.16435461698193,6.566377734673968
5708,57,Moselle,8ème circonscription,49.3522952489719,6.034566275299685
5706,57,Moselle,6ème circonscription,49.138715521654426,6.893827360543508
5701,57,Moselle,1ère circonscription,49.187845214959225,6.108222916271171
5703,57,Moselle,3ème circonscription,49.11793854153573,6.327664797145138
5702,57,Moselle,2ème circonscription,49.03285767758085,6.148528555898131
5802,58,Nièvre,2ème circonscription,47.109216811251066,3.5881805171785075
5801,58,Nièvre,1ère circonscription,47.14150533626325,3.1727157070462098
5918,59,Nord,18ème circonscription,50.11407224093047,3.328547231341803
5919,59,Nord,19ème circonscription,50.3030190682027,3.394128694337876
5903,59,Nord,3ème circonscription,50.18867861203507,4.010769672946226
5906,59,Nord,6ème circonscription,50.5183421927367,3.1827125056609775
5905,59,Nord,5ème circonscription,50.563264038622954,2.9420689595101024
5916,59,Nord,16ème circonscription,50.38023989041113,3.2280526166019254
5902,59,Nord,2ème circonscription,50.62790263455443,3.1336118616264512
5920,59,Nord,20ème circonscription,50.44777888711854,3.468137619395895
5917,59,Nord,17ème circonscription,50.34108261078923,3.1104123631041958
5914,59,Nord,14ème circonscription,50.93805898420369,2.3712985902296975
5911,59,Nord,11ème circonscription,50.65340627819059,2.926332420056908
5915,59,Nord,15ème circonscription,50.740840322523326,2.571463721484657
5921,59,Nord,21ème circonscription,50.383066388196994,3.5660145082879535
5912,59,Nord,12ème circonscription,50.17794700733846,3.6873896827527064
5909,59,Nord,9ème circonscription,50.69255675958998,3.1115150562186558
5910,59,Nord,10ème circonscription,50.75114424604357,3.116230691187103
5913,59,Nord,13ème circonscription,51.017468296967515,2.340977414173555
5904,59,Nord,4ème circonscription,50.70551741711075,3.0171145056077
5907,59,Nord,7ème circonscription,50.66978599500581,3.18589775747912
5901,59,Nord,1ère circonscription,50.610826047321595,3.0485868005430095
5908,59,Nord,8ème circonscription,50.69750689095684,3.2021326587394823
6002,60,Oise,2ème circonscription,49.43613536057256,1.9173643409295504
6001,60,Oise,1ère circonscription,49.54564612474684,2.274274542843761
6004,60,Oise,4ème circonscription,49.178740255236214,2.7271443174608927
6007,60,Oise,7ème circonscription,49.37050612972767,2.4389833782273285
6003,60,Oise,3ème circonscription,49.23389358977492,2.2264411844663847
6006,60,Oise,6ème circonscription,49.55905230975723,2.8965586392882328
6005,60,Oise,5ème circonscription,49.35437864615869,2.8765857659066123
6101,61,Orne,1ère circonscription,48.55504078052504,-0.1791702368340457
6103,61,Orne,3ème circonscription,48.745746542402614,-0.2455631274110794
6102,61,Orne,2ème circonscription,48.58788108377364,0.5625646421879011
6202,62,Pas-de-Calais,2ème circonscription,50.32995785317312,2.7886763275726363
6201,62,Pas-de-Calais,1ère circonscription,50.23972419895773,2.63141138761052
6206,62,Pas-de-Calais,6ème circonscription,50.69813733828778,2.015686101025099
6208,62,Pas-de-Calais,8ème circonscription,50.6651802128138,2.3243665713028663
6204,62,Pas-de-Calais,4ème circonscription,50.4618837304851,1.8983383531886153
6210,62,Pas-de-Calais,10ème circonscription,50.46005789457017,2.5983299369521267
6209,62,Pas-de-Calais,9ème circonscription,50.58021037022724,2.624942536924905
6212,62,Pas-de-Calais,12ème circonscription,50.49707032548687,2.7812035520163545
6203,62,Pas-de-Calais,3ème circonscription,50.43728654497214,2.851004467051594
6207,62,Pas-de-Calais,7ème circonscription,50.922131567243184,1.9791819051066177
6205,62,Pas-de-Calais,5ème circonscription,50.674140273988655,1.6754541264858476
6211,62,Pas-de-Calais,11ème circonscription,50.439715947012594,2.9672473011628946
6302,63,Puy-de-Dôme,2ème circonscription,45.943053625416674,2.840854462250475
6305,63,Puy-de-Dôme,5ème circonscription,45.68573317946098,3.5838097032433422
6304,63,Puy-de-Dôme,4ème circonscription,45.576167546946884,3.291651304534995
6303,63,Puy-de-Dôme,3ème circonscription,45.56093006897867,2.8939347328030225
6301,63,Puy-de-Dôme,1ère circonscription,45.79872096398945,3.1328472197665453
6402,64,Pyrénées-Atlantiques,2ème circonscription,43.2611255185368,-0.20361506512274596
6403,64,Pyrénées-Atlantiques,3ème circonscription,43.43693506655534,-0.5120566985114765
6404,64,Pyrénées-Atlantiques,4ème circonscription,43.138632691334074,-0.8488141440087541
6406,64,Pyrénées-Atlantiques,6ème circonscription,43.357544574551945,-1.541831122868509
6405,64,Pyrénées-Atlantiques,5ème circonscription,43.46226263292625,-1.2795598600379046
6401,64,Pyrénées-Atlantiques,1ère circonscription,43.34698088989293,-0.4240269961163941
6502,65,Hautes-Pyrénées,2ème circonscription,43.07090043523741,-0.032631819662962545
6501,65,Hautes-Pyrénées,1ère circonscription,43.043461790630616,0.3233072474559366
6604,66,Pyrénées-Orientales,4ème circonscription,42.50213396595989,2.7481004638481363
6602,66,Pyrénées-Orientales,2ème circonscription,42.77635695682958,2.7092465156065226
6603,66,Pyrénées-Orientales,3ème circonscription,42.56532406857686,2.260567330595799
6601,66,Pyrénées-Orientales,1ère circonscription,42.6794150679356,2.896568311315941
6704,67,Bas-Rhin,4ème circonscription,48.59145195783878,7.631887919202337
6707,67,Bas-Rhin,7ème circonscription,48.84229425220954,7.326714310675659
6705,67,Bas-Rhin,5ème circonscription,48.31961091064961,7.504621230671125
6706,67,Bas-Rhin,6ème circonscription,48.50457351982524,7.347364442217993
6708,67,Bas-Rhin,8ème circonscription,48.92658229403111,7.866112992639472
6709,67,Bas-Rhin,9ème circonscription,48.77498117265145,7.790518637159935
6703,67,Bas-Rhin,3ème circonscription,48.620759171221486,7.766009280861916
6702,67,Bas-Rhin,2ème circonscription,48.53514294850601,7.7594130463897715
6701,67,Bas-Rhin,1ère circonscription,48.58160336664523,7.729866938472317
6801,68,Haut-Rhin,1ère circonscription,48.04982547542379,7.472756573204079
6803,68,Haut-Rhin,3ème circonscription,47.57268679974283,7.281274240252719
6802,68,Haut-Rhin,2ème circonscription,48.089715493724746,7.208276492694996
6804,68,Haut-Rhin,4ème circonscription,47.854558632468986,7.184242522484813
6806,68,Haut-Rhin,6ème circonscription,47.732232761851385,7.412641354453921
6805,68,Haut-Rhin,5ème circonscription,47.72524877723343,7.339975121835352
6908,69,Rhône,8ème circonscription,45.952658858711956,4.486933884826072
6909,69,Rhône,9ème circonscription,46.12151585346079,4.619673009765281
6905,69,Rhône,5ème circonscription,45.86047606502456,4.805337084099907
6911,69,Rhône,11ème circonscription,45.59211065118251,4.766482894499144
6910,69,Rhône,10ème circonscription,45.71101320823704,4.546870431573609
6907,69,Rhône,7ème circonscription,45.79223429049732,4.91033710910994
6912,69,Rhône,12ème circonscription,45.70978923563491,4.791163288432898
6914,69,Rhône,14ème circonscription,45.68418295751792,4.884091947075115
6906,69,Rhône,6ème circonscription,45.77102712548301,4.889064411119062
6913,69,Rhône,13ème circonscription,45.7369298639397,5.027750403504032
6902,69,Rhône,2ème circonscription,45.7788045903516,4.819944108755674
6901,69,Rhône,1ère circonscription,45.7434229595986,4.821057476823034
6903,69,Rhône,3ème circonscription,45.74468920511481,4.857410253806124
6904,69,Rhône,4ème circonscription,45.75665764108886,4.86866246517441
7002,70,Haute-Saône,2ème circonscription,47.717037191439005,6.433804303866815
7001,70,Haute-Saône,1ère circonscription,47.58687423803711,5.838550377231376
7104,71,Saône-et-Loire,4ème circonscription,46.681647696327886,5.120477449839546
7103,71,Saône-et-Loire,3ème circonscription,46.892714725956054,4.416821010771737
7102,71,Saône-et-Loire,2ème circonscription,46.47490208144039,4.16722083058363
7101,71,Saône-et-Loire,1ère circonscription,46.40816251308205,4.671531136267668
7105,71,Saône-et-Loire,5ème circonscription,46.730127347540744,4.563697810969268
7201,72,Sarthe,1ère circonscription,48.2112791187534,0.0075236742283934475
7205,72,Sarthe,5ème circonscription,48.19910658553289,0.45839397430500706
7204,72,Sarthe,4ème circonscription,47.90086882110934,-0.12942984450716646
7202,72,Sarthe,2ème circonscription,47.998665670350526,0.4073262475288199
7203,72,Sarthe,3ème circonscription,47.771535939218154,0.3234468212920113
7301,73,Savoie,1ère circonscription,45.64851815421122,5.829423799367048
7302,73,Savoie,2ème circonscription,45.55272384595769,6.649340521906607
7304,73,Savoie,4ème circonscription,45.62199246146567,6.102779318768796
7303,73,Savoie,3ème circonscription,45.3047412908549,6.529327525309716
7405,74,Haute-Savoie,5ème circonscription,46.2927245687859,6.590305721704459
7402,74,Haute-Savoie,2ème circonscription,45.83261629103537,6.259149670989436
7401,74,Haute-Savoie,1ère circonscription,45.93314559251984,6.107102470794461
7403,74,Haute-Savoie,3ème circonscription,46.09859404633649,6.340365847258046
7404,74,Haute-Savoie,4ème circonscription,46.083433673300156,6.020732247528329
7406,74,Haute-Savoie,6ème circonscription,45.97573535983971,6.734539749228499
7501,75,Paris,1ère circonscription,48.87094204218496,2.3264225606231936
7505,75,Paris,5ème circonscription,48.87230479535449,2.3604824425668003
7507,75,Paris,7ème circonscription,48.85387260851499,2.3688327716906517
7502,75,Paris,2ème circonscription,48.851676296787375,2.330757187552701
7511,75,Paris,11ème circonscription,48.835879253646254,2.328677824625546
7512,75,Paris,12ème circonscription,48.846643438282115,2.3037829414686377
7518,75,Paris,18ème circonscription,48.89030170271347,2.341632811650907
7506,75,Paris,6ème circonscription,48.86211127496373,2.3878556563879374
7508,75,Paris,8ème circonscription,48.83459914230283,2.4247741357939803
7509,75,Paris,9ème circonscription,48.8307258880889,2.366738820511527
7510,75,Paris,10ème circonscription,48.82356963595963,2.337348377552085
7513,75,Paris,13ème circonscription,48.836447916434345,2.2868816507086858
7514,75,Paris,14ème circonscription,48.85651912349205,2.2562825204820047
7504,75,Paris,4ème circonscription,48.87565462103153,2.284834332500851
7503,75,Paris,3ème circonscription,48.89252892995026,2.321010376840194
7517,75,Paris,17ème circonscription,48.89094406294707,2.365558600116568
7516,75,Paris,16ème circonscription,48.88702414140035,2.387582622741958
7515,75,Paris,15ème circonscription,48.865003446980985,2.404327839810916
7610,76,Seine-Maritime,10ème circonscription,49.7112244468647,0.9794529800479294
7609,76,Seine-Maritime,9ème circonscription,49.633348641031816,0.4139599943390931
7606,76,Seine-Maritime,6ème circonscription,49.82345046692014,1.434572643746363
7602,76,Seine-Maritime,2ème circonscription,49.4842628837401,1.4190802902822357
7605,76,Seine-Maritime,5ème circonscription,49.50754040851844,0.8050103952173662
7604,76,Seine-Maritime,4ème circonscription,49.35015313485737,0.9974569969570855
7607,76,Seine-Maritime,7ème circonscription,49.55550155665416,0.1654552582548349
7601,76,Seine-Maritime,1ère circonscription,49.59028853166937,1.0867185895628102
7608,76,Seine-Maritime,8ème circonscription,49.49272395127483,0.18983263389147995
7603,76,Seine-Maritime,3ème circonscription,49.37813598274125,1.0817075556364775
7702,77,Seine-et-Marne,2ème circonscription,48.28215579421058,2.6984292023663077
7704,77,Seine-et-Marne,4ème circonscription,48.64171537199049,3.1993121672337574
7703,77,Seine-et-Marne,3ème circonscription,48.476518778049204,2.880947561945141
7707,77,Seine-et-Marne,7ème circonscription,48.979255619869875,2.667269337718372
7701,77,Seine-et-Marne,1ère circonscription,48.50256593230912,2.605268898076328
7706,77,Seine-et-Marne,6ème circonscription,49.01847335542786,2.93727325907629
7705,77,Seine-et-Marne,5ème circonscription,48.87664133105386,3.0429053593662476
7711,77,Seine-et-Marne,11ème circonscription,48.58526873430515,2.5908768274213756
7709,77,Seine-et-Marne,9ème circonscription,48.70391074269894,2.7055883132905962
7710,77,Seine-et-Marne,10ème circonscription,48.862212016562275,2.612222240770027
7708,77,Seine-et-Marne,8ème circonscription,48.837986965783394,2.715813013649818
7810,78,Yvelines,10ème circonscription,48.64734938859481,1.8327664695357586
7806,78,Yvelines,6ème circonscription,48.934860774435606,2.0733969982910674
7809,78,Yvelines,9ème circonscription,48.91462583823781,1.6734071139845201
7812,78,Yvelines,12ème circonscription,48.863771717505294,1.8901795554938536
7807,78,Yvelines,7ème circonscription,48.99524293659405,1.9846291497171409
7803,78,Yvelines,3ème circonscription,48.84968447382715,2.037921134350428
7811,78,Yvelines,11ème circonscription,48.77993333028067,1.9968778300694066
7808,78,Yvelines,8ème circonscription,49.012711283706416,1.7354915666353175
7802,78,Yvelines,2ème circonscription,48.72889146463839,2.053797102620363
7804,78,Yvelines,4ème circonscription,48.88742408923199,2.138515688202782
7801,78,Yvelines,1ère circonscription,48.789642048619264,2.0815697832616906
7805,78,Yvelines,5ème circonscription,48.92848848617181,2.1482803756992337
7903,79,Deux-Sèvres,3ème circonscription,46.88296714742157,-0.406265052358951
7902,79,Deux-Sèvres,2ème circonscription,46.322515441988735,-0.19694383306708702
7901,79,Deux-Sèvres,1ère circonscription,46.47134082365386,-0.4253049677437684
8001,80,Somme,1ère circonscription,50.03799917357879,2.0794130907708976
8005,80,Somme,5ème circonscription,49.903368352829645,2.8199927057396352
8003,80,Somme,3ème circonscription,50.097846911999305,1.7800507097035827
8004,80,Somme,4ème circonscription,49.86399274413247,2.298286828724813
8002,80,Somme,2ème circonscription,49.84249602931041,2.328180502303467
8103,81,Tarn,3ème circonscription,43.58603295940768,2.118165429440982
8101,81,Tarn,1ère circonscription,43.77368368879872,2.4441730008516247
8102,81,Tarn,2ème circonscription,43.96694868563924,1.944613276744836
8202,82,Tarn-et-Garonne,2ème circonscription,44.049629216160604,1.0708966822752548
8201,82,Tarn-et-Garonne,1ère circonscription,44.133877785124014,1.563101935638575
8305,83,Var,5ème circonscription,43.46745288300153,6.719984077146486
8308,83,Var,8ème circonscription,43.622200929499776,6.275687834590459
8304,83,Var,4ème circonscription,43.31952782731566,6.411165295525549
8307,83,Var,7ème circonscription,43.10584300109351,5.830419849220309
8306,83,Var,6ème circonscription,43.33893229886159,5.927014992219323
8302,83,Var,2ème circonscription,43.181220752681156,5.950417161770832
8303,83,Var,3ème circonscription,43.129586299695085,6.170457299702335
8301,83,Var,1ère circonscription,43.13014391999217,5.950209213952785
8403,84,Vaucluse,3ème circonscription,44.018760312244666,5.0095837616260965
8405,84,Vaucluse,5ème circonscription,43.944097619548835,5.381299566439095
8401,84,Vaucluse,1ère circonscription,43.93933897304435,4.8522218025494475
8404,84,Vaucluse,4ème circonscription,44.2186228899258,4.946637259426828
8402,84,Vaucluse,2ème circonscription,43.830835042250605,5.194620020128789
8505,85,Vendée,5ème circonscription,46.48345633095183,-0.9142852722398694
8502,85,Vendée,2ème circonscription,46.56933158173568,-1.384206439784038
8503,85,Vendée,3ème circonscription,46.75832154387702,-1.9364334225125188
8501,85,Vendée,1ère circonscription,46.81322848498581,-1.5452567328966407
8504,85,Vendée,4ème circonscription,46.88065234862983,-1.0582875609291866
8603,86,Vienne,3ème circonscription,46.377931065514275,0.6003294697720029
8601,86,Vienne,1ère circonscription,46.66543370025245,0.34641604417791794
8604,86,Vienne,4ème circonscription,46.90165639467845,0.3306622691207322
8602,86,Vienne,2ème circonscription,46.52464869042178,0.2539120977459318
8702,87,Haute-Vienne,2ème circonscription,45.70090358774368,1.1185118192837251
8701,87,Haute-Vienne,1ère circonscription,45.80600695955794,1.5641400638219514
8703,87,Haute-Vienne,3ème circonscription,46.13198057759774,1.1686953162003
8804,88,Vosges,4ème circonscription,48.22491465030635,5.946331461350479
8802,88,Vosges,2ème circonscription,48.261814442040254,6.892387858763518
8801,88,Vosges,1ère circonscription,48.23345666361029,6.481757055020098
8803,88,Vosges,3ème circonscription,47.992771958983866,6.713859275612412
8902,89,Yonne,2ème circonscription,47.73352914700258,3.8798250301462534
8901,89,Yonne,1ère circonscription,47.725610199825255,3.293758388640478
8903,89,Yonne,3ème circonscription,48.17130008622283,3.3100273764687502
9001,90,Territoire de Belfort,1ère circonscription,47.57708290980195,6.977518001161709
9002,90,Territoire de Belfort,2ème circonscription,47.70187606714372,6.865922569915724
9102,91,Essonne,2ème circonscription,48.42096415836675,2.263540871402723
9103,91,Essonne,3ème circonscription,48.524289258095976,2.1335502265597976
9107,91,Essonne,7ème circonscription,48.69709020646161,2.3689092420862
9104,91,Essonne,4ème circonscription,48.645854498240844,2.1765982405494246
9105,91,Essonne,5ème circonscription,48.72291144735179,2.17628239568159
9101,91,Essonne,1ère circonscription,48.60857634518167,2.433061869509768
9109,91,Essonne,9ème circonscription,48.648194657347716,2.483812277568018
9108,91,Essonne,8ème circonscription,48.70440001849649,2.4691613855740684
9106,91,Essonne,6ème circonscription,48.720180287157696,2.2810610096762525
9110,91,Essonne,10ème circonscription,48.6428042448729,2.3476245230988493
9213,92,Hauts-de-Seine,13ème circonscription,48.76247578444181,2.289622950433056
9202,92,Hauts-de-Seine,2ème circonscription,48.91739146168696,2.276686778533836
9211,92,Hauts-de-Seine,11ème circonscription,48.807116590689674,2.3083070969243646
9203,92,Hauts-de-Seine,3ème circonscription,48.905653402451286,2.2571880447269503
9209,92,Hauts-de-Seine,9ème circonscription,48.83864902708376,2.23892468119281
9210,92,Hauts-de-Seine,10ème circonscription,48.82216268174055,2.263411061554648
9212,92,Hauts-de-Seine,12ème circonscription,48.79350059889121,2.265666290891787
9208,92,Hauts-de-Seine,8ème circonscription,48.816914526542625,2.1966438124611662
9205,92,Hauts-de-Seine,5ème circonscription,48.90014741140999,2.297684243375867
9201,92,Hauts-de-Seine,1ère circonscription,48.93219581451665,2.285516482985915
9206,92,Hauts-de-Seine,6ème circonscription,48.885420164022555,2.253164336346248
9207,92,Hauts-de-Seine,7ème circonscription,48.85861525620177,2.1882136829298258
9204,92,Hauts-de-Seine,4ème circonscription,48.89000208602445,2.2101668561896726
9306,93,Seine-Saint-Denis,6ème circonscription,48.9059856544131,2.3959527265953793
9310,93,Seine-Saint-Denis,10ème circonscription,48.934975429487814,2.494244193072028
9307,93,Seine-Saint-Denis,7ème circonscription,48.86472943478215,2.442793183619894
9304,93,Seine-Saint-Denis,4ème circonscription,48.94279719267305,2.420053318418115
9305,93,Seine-Saint-Denis,5ème circonscription,48.91847130260921,2.440582672727065
9309,93,Seine-Saint-Denis,9ème circonscription,48.89176710677625,2.4513299592628406
9312,93,Seine-Saint-Denis,12ème circonscription,48.913219107636515,2.554785348571739
9301,93,Seine-Saint-Denis,1ère circonscription,48.92867979122119,2.3336585741020364
9308,93,Seine-Saint-Denis,8ème circonscription,48.880032415765314,2.515949952124793
9303,93,Seine-Saint-Denis,3ème circonscription,48.849084629975074,2.551061386337277
9302,93,Seine-Saint-Denis,2ème circonscription,48.94797169849939,2.3607932199121477
9311,93,Seine-Saint-Denis,11ème circonscription,48.966521772740144,2.5458892935818693
9403,94,Val-de-Marne,3ème circonscription,48.73556459766038,2.5031900149482835
9409,94,Val-de-Marne,9ème circonscription,48.78786122916173,2.402156071738091
9411,94,Val-de-Marne,11ème circonscription,48.796111372069795,2.3461784318459546
9401,94,Val-de-Marne,1ère circonscription,48.79326433559061,2.48844924995039
9405,94,Val-de-Marne,5ème circonscription,48.82912395025866,2.5125798608051375
9408,94,Val-de-Marne,8ème circonscription,48.81338323808883,2.4394471730832064
9404,94,Val-de-Marne,4ème circonscription,48.78532058769552,2.554368789151325
9407,94,Val-de-Marne,7ème circonscription,48.7619438557864,2.355365041863111
9402,94,Val-de-Marne,2ème circonscription,48.763720377139066,2.423906066389882
9406,94,Val-de-Marne,6ème circonscription,48.849269184056354,2.459737966490514
9410,94,Val-de-Marne,10ème circonscription,48.80817602349244,2.3833747722750984
9501,95,Val-d'Oise,1ère circonscription,49.12287439504227,1.9397760081515456
9506,95,Val-d'Oise,6ème circonscription,48.979075861662764,2.298966162967055
9505,95,Val-d'Oise,5ème circonscription,48.946584835966654,2.23484168746936
9508,95,Val-d'Oise,8ème circonscription,48.98698204463552,2.4061833756235194
9502,95,Val-d'Oise,2ème circonscription,49.08700167301644,2.256832705278664
9507,95,Val-d'Oise,7ème circonscription,49.02746492767865,2.353876846969219
9503,95,Val-d'Oise,3ème circonscription,49.014874413482715,2.1968396733147104
9509,95,Val-d'Oise,9ème circonscription,49.05707620925211,2.480157159269767
9510,95,Val-d'Oise,10ème circonscription,49.04786004343553,2.0298387179426505
9504,95,Val-d'Oise,4ème circonscription,49.0048568846408,2.258067926027437
ZA01,ZA,Guadeloupe,1ère circonscription,16.103540804789713,-61.37114609959052
ZA02,ZA,Guadeloupe,2ème circonscription,16.33479103553453,-61.394856041272185
ZA03,ZA,Guadeloupe,3ème circonscription,16.22523863385073,-61.680208848692665
ZA04,ZA,Guadeloupe,4ème circonscription,16.052364844514027,-61.67817256096678
ZB02,ZB,Martinique,2ème circonscription,14.760815918400702,-61.11005076307343
ZB04,ZB,Martinique,4ème circonscription,14.510851177231324,-60.93719404079158
ZB03,ZB,Martinique,3ème circonscription,14.64046119916145,-61.06893349185105
ZB01,ZB,Martinique,1ère circonscription,14.667097991067106,-60.96384348207324
ZC01,ZC,Guyane,1ère circonscription,3.6118249725509415,-52.56366890420542
ZC02,ZC,Guyane,2ème circonscription,4.42668058776274,-53.56266916797427
ZD07,ZD,La Réunion,7ème circonscription,-21.160748979592515,55.33687720796225
ZD05,ZD,La Réunion,5ème circonscription,-21.1375266523259,55.66682098740439
ZD03,ZD,La Réunion,3ème circonscription,-21.204168927449356,55.511806772876874
ZD04,ZD,La Réunion,4ème circonscription,-21.311807941274857,55.587587490518096
ZD02,ZD,La Réunion,2ème circonscription,-21.013085885075398,55.364022102340535
ZD06,ZD,La Réunion,6ème circonscription,-20.944517246660006,55.55290733842843
ZD01,ZD,La Réunion,1ère circonscription,-20.93210410941649,55.437930947752655
ZS01,ZS,Saint-Pierre-et-Miquelon,Saint-Pierre-et-Miquelon,46.93498101207403,-56.308440648748274
ZM01,ZM,Mayotte,1ère circonscription,-12.740728386102681,45.15328983764183
ZM02,ZM,Mayotte,2ème circonscription,-12.86104430289642,45.14383495221947
