key,left_leg24,centre_leg24,right_leg24,far_right_leg24,left_leg22,centre_leg22,right_leg22,far_right_leg22,left_leg17,centre_leg17,right_leg17,far_right_leg17,left_pres22,centre_pres22,right_pres22,far_right_pres22,left_euro24,centre_euro24,right_euro24,far_right_euro24,winner_t2_24,proj_left,proj_rn,margin_left,scenario
0101,24.15,11.68,23.96,40.22,2.78,19.3,25.35,27.76,22.72,33.89,26.78,15.46,16.86,0.0,0.0,0.0,28.72,13.98,7.72,44.3,RIGHT,37.9,51.1,-13.2,bastion_rn
0102,24.63,24.21,9.37,41.79,1.34,26.42,15.98,29.45,19.19,35.9,24.52,19.08,17.47,0.0,0.0,0.0,29.19,14.82,7.92,43.48,CENTRE,41.8,49.0,-7.2,bastion_rn
0103,25.97,32.43,6.82,33.55,6.42,30.15,17.98,20.63,19.6,45.3,21.41,11.2,20.65,0.0,0.0,0.0,34.51,17.53,7.21,34.93,CENTRE,47.3,41.0,6.3,bascule_possible
0104,21.04,21.87,10.93,46.01,7.47,25.74,17.06,31.67,17.17,43.35,16.68,20.51,14.5,0.0,0.0,0.0,24.92,14.43,7.96,47.61,FAR_RIGHT,37.2,53.4,-16.2,bastion_rn
0105,26.45,11.71,21.88,39.96,0.78,0.0,45.9,26.68,19.03,25.13,35.0,17.13,20.92,0.0,0.0,0.0,28.84,12.02,6.76,46.26,FAR_RIGHT,39.6,50.0,-10.4,bastion_rn
0201,20.57,22.83,0.0,55.9,0.0,23.4,17.4,38.68,25.99,28.79,16.2,27.53,15.31,0.0,0.0,0.0,20.7,11.68,6.1,55.6,T1_WIN,34.3,59.3,-25.0,bastion_rn
0202,16.05,0.0,35.66,48.29,1.55,11.52,35.91,31.51,23.61,0.0,36.48,27.0,17.29,0.0,0.0,0.0,20.31,11.73,7.47,55.08,RIGHT,26.0,61.8,-35.8,bastion_rn
0203,39.48,0.0,0.0,60.52,0.0,0.0,12.17,39.36,36.62,18.1,15.22,29.41,13.48,0.0,0.0,0.0,15.89,9.98,5.76,61.64,T1_WIN,39.5,60.5,-21.0,bastion_rn
0204,21.59,22.19,0.0,56.21,0.0,22.77,12.83,40.19,26.79,28.07,20.2,23.22,17.58,0.0,0.0,0.0,21.05,11.44,5.55,56.74,T1_WIN,34.9,59.5,-24.6,bastion_rn
0205,21.08,20.73,5.11,53.07,2.31,31.93,4.86,40.7,17.33,44.45,8.17,27.53,17.19,0.0,0.0,0.0,22.04,11.52,6.34,54.26,T1_WIN,34.9,58.1,-23.2,bastion_rn
0301,29.91,17.11,13.35,39.62,9.55,19.44,14.44,24.63,37.44,29.04,20.25,12.26,17.06,0.0,0.0,0.0,28.34,12.7,8.83,42.7,LEFT,43.9,47.3,-3.4,rn_resistant
0302,25.6,12.57,26.51,35.31,15.47,24.63,11.19,24.15,35.55,26.11,24.31,11.7,19.37,0.0,0.0,0.0,28.77,12.33,7.68,43.8,FAR_RIGHT,40.6,47.3,-6.7,bastion_rn
0303,22.13,0.0,40.05,37.82,5.95,23.27,24.22,25.8,28.47,34.44,19.77,15.58,15.84,0.0,0.0,0.0,25.54,13.97,10.09,42.8,RIGHT,33.3,53.0,-19.7,bastion_rn
0401,28.2,19.35,7.03,45.41,7.82,22.43,1.74,36.45,30.03,41.6,3.94,21.87,22.37,0.0,0.0,0.0,31.37,11.55,3.71,45.61,FAR_RIGHT,41.8,51.0,-9.2,bastion_rn
0402,33.97,22.69,1.14,42.2,4.96,33.96,0.0,29.18,23.21,44.04,15.98,15.15,23.85,0.0,0.0,0.0,35.09,12.57,4.63,41.04,FAR_RIGHT,47.9,46.0,1.9,bascule_possible
0501,32.03,22.58,7.15,38.24,4.8,24.9,12.56,27.22,29.84,31.93,15.97,13.58,22.37,0.0,0.0,0.0,34.45,13.98,5.41,39.65,LEFT,47.6,44.3,3.3,bascule_possible
0502,33.72,26.7,0.0,33.88,4.83,38.04,5.41,21.87,20.18,54.93,12.97,10.69,24.44,0.0,0.0,0.0,37.85,14.15,5.61,35.71,LEFT,49.7,37.9,11.8,bascule_probable
0601,30.05,22.79,5.78,41.04,6.28,25.92,31.7,14.9,17.77,32.35,35.5,13.26,21.95,0.0,0.0,0.0,31.84,13.34,9.75,40.66,FAR_RIGHT,45.3,46.7,-1.4,rn_resistant
0602,23.5,16.53,10.33,49.64,4.95,23.67,18.51,33.2,17.88,56.37,0.47,24.45,17.28,0.0,0.0,0.0,25.31,12.06,7.21,49.18,FAR_RIGHT,36.3,56.0,-19.7,bastion_rn
0603,31.64,25.36,0.0,42.99,8.87,26.04,12.81,29.45,17.55,52.4,3.87,23.1,22.21,0.0,0.0,0.0,31.71,12.46,8.27,43.01,FAR_RIGHT,46.9,46.8,0.1,rn_resistant
0604,21.39,22.33,0.0,56.27,5.76,22.37,14.52,41.33,17.21,28.23,20.64,24.93,14.05,0.0,0.0,0.0,20.67,11.37,6.77,55.76,T1_WIN,34.8,59.6,-24.8,bastion_rn
0605,24.57,14.31,0.0,50.35,4.64,26.14,22.48,27.83,18.41,0.0,34.53,25.64,17.6,0.0,0.0,0.0,24.75,11.51,8.65,50.22,T1_WIN,33.2,52.5,-19.3,bastion_rn
0606,19.39,0.0,29.76,50.85,5.54,24.45,20.18,36.11,13.53,33.04,27.45,23.16,13.32,0.0,0.0,0.0,21.13,13.01,8.29,53.27,T1_WIN,27.7,62.2,-34.5,bastion_rn
0607,19.57,17.47,24.88,37.73,7.05,23.78,26.76,25.67,16.54,32.08,33.39,17.32,15.04,0.0,0.0,0.0,26.76,16.25,9.89,42.49,RIGHT,37.0,49.8,-12.8,bastion_rn
0608,16.66,12.09,28.39,42.74,3.94,19.47,33.4,29.89,14.63,31.21,31.58,21.99,15.5,0.0,0.0,0.0,20.26,13.06,11.6,50.81,RIGHT,31.9,55.3,-23.4,bastion_rn
0609,22.19,0.0,33.84,43.97,5.02,20.06,28.94,29.73,15.31,34.5,29.25,19.94,15.07,0.0,0.0,0.0,24.52,13.44,9.71,47.8,RIGHT,31.7,56.8,-25.1,bastion_rn
0701,40.07,12.22,5.64,42.07,39.88,17.12,10.34,28.63,42.09,38.96,0.0,15.08,22.96,0.0,0.0,0.0,33.64,10.81,5.18,43.44,LEFT,49.0,46.0,3.0,bascule_possible
0702,25.86,17.43,15.39,37.79,0.0,30.04,19.17,24.12,38.81,25.96,20.16,14.58,19.14,0.0,0.0,0.0,30.13,13.97,7.75,42.31,FAR_RIGHT,40.6,46.3,-5.7,bastion_rn
0703,29.72,10.43,26.48,32.78,14.2,13.16,24.96,19.59,39.52,25.11,21.04,12.9,25.68,0.0,0.0,0.0,36.15,11.41,6.13,38.87,RIGHT,43.4,44.4,-1.0,rn_resistant
0801,20.37,26.16,3.83,47.49,2.87,24.75,19.66,32.92,16.08,23.17,37.79,21.07,15.95,0.0,0.0,0.0,21.89,12.94,7.47,51.29,FAR_RIGHT,37.1,52.9,-15.8,bastion_rn
0802,19.64,9.38,30.15,40.83,0.95,12.69,40.98,24.67,31.65,22.48,25.86,19.45,20.81,0.0,0.0,0.0,24.69,10.38,6.45,52.5,RIGHT,33.7,53.7,-20.0,bastion_rn
0803,13.06,0.0,43.56,43.38,0.6,8.64,47.69,27.04,21.23,14.51,46.19,17.56,15.85,0.0,0.0,0.0,19.55,12.26,7.86,52.77,RIGHT,25.3,59.9,-34.6,bastion_rn
0901,58.0,0.0,0.0,42.0,19.4,19.96,0.0,25.08,43.22,31.35,5.34,11.97,27.89,0.0,0.0,0.0,41.13,9.7,2.98,35.97,T1_WIN,58.0,42.0,16.0,bastion_gauche
0902,52.74,0.0,4.9,42.36,25.67,15.47,0.0,24.53,43.24,26.74,14.61,14.8,25.26,0.0,0.0,0.0,35.73,9.65,3.58,40.48,LEFT,54.1,44.2,9.9,bascule_probable
1001,15.67,18.79,11.7,53.84,0.0,25.27,16.21,39.83,13.83,29.86,26.71,24.89,12.91,0.0,0.0,0.0,17.71,12.93,8.76,54.9,T1_WIN,30.2,61.1,-30.9,bastion_rn
1002,17.8,9.45,27.93,44.83,1.43,18.3,28.57,33.46,15.17,30.42,30.7,21.74,14.94,0.0,0.0,0.0,21.92,13.04,9.62,49.96,RIGHT,31.3,56.9,-25.6,bastion_rn
1003,27.55,16.76,12.36,43.33,4.51,22.38,14.85,35.57,20.05,32.38,23.45,23.18,19.39,0.0,0.0,0.0,26.15,12.32,8.52,47.45,FAR_RIGHT,41.1,50.5,-9.4,bastion_rn
1101,31.87,17.56,0.01,50.56,4.34,21.98,5.17,38.83,34.57,28.71,9.6,24.62,19.97,0.0,0.0,0.0,30.21,10.37,4.09,48.39,FAR_RIGHT,42.4,53.2,-10.8,bastion_rn
1102,26.71,19.32,1.08,49.72,12.01,22.19,8.43,33.68,32.28,27.32,16.65,21.14,19.35,0.0,0.0,0.0,28.49,11.37,4.4,49.76,FAR_RIGHT,38.6,53.0,-14.4,bastion_rn
1103,33.61,16.03,3.35,45.79,13.1,25.08,0.0,34.73,40.75,29.2,10.7,18.59,21.51,0.0,0.0,0.0,32.48,10.14,4.32,44.27,FAR_RIGHT,44.2,49.5,-5.3,bastion_rn
1201,23.48,43.58,1.45,31.48,1.04,42.46,16.52,17.6,23.35,45.92,22.83,7.43,17.51,0.0,0.0,0.0,30.71,17.4,8.57,33.9,CENTRE,50.0,38.6,11.4,bascule_probable
1202,33.97,30.55,0.0,35.49,12.03,22.6,19.01,18.0,32.51,38.72,20.18,7.99,22.05,0.0,0.0,0.0,34.16,14.22,6.55,34.32,LEFT,52.3,40.1,12.2,bascule_probable
1203,32.09,32.45,0.0,35.46,2.51,25.15,25.11,18.89,21.22,32.54,36.02,9.77,19.77,0.0,0.0,0.0,31.58,13.81,7.09,34.75,CENTRE,51.6,40.3,11.3,bascule_probable
1301,27.65,23.61,0.0,48.74,4.05,25.42,7.99,37.29,21.81,29.43,24.97,21.3,21.03,0.0,0.0,0.0,29.76,11.16,5.79,49.63,FAR_RIGHT,41.8,52.3,-10.5,bastion_rn
1302,30.32,27.01,8.68,33.98,5.05,29.85,13.06,26.01,22.69,36.49,25.22,14.12,18.8,0.0,0.0,0.0,34.61,15.72,9.1,37.42,LEFT,49.0,41.3,7.7,bascule_probable
1303,37.92,11.61,5.71,44.75,3.36,22.96,3.59,40.57,27.8,24.89,12.91,31.91,30.11,0.0,0.0,0.0,37.11,8.19,4.0,47.41,FAR_RIGHT,46.5,48.7,-2.2,rn_resistant
1304,70.93,11.04,2.1,15.91,4.91,16.63,4.75,13.36,51.36,22.66,10.63,11.51,54.83,0.0,0.0,0.0,70.81,6.49,2.6,17.12,T1_WIN,78.1,18.4,59.7,bastion_gauche
1305,50.01,17.9,5.13,26.96,4.77,25.91,4.44,22.95,31.91,29.0,22.72,15.46,33.09,0.0,0.0,0.0,51.78,10.31,5.27,29.15,LEFT,62.2,31.6,30.6,bastion_gauche
1306,29.27,25.14,5.15,40.0,6.38,30.52,8.39,32.14,20.36,33.15,25.86,19.25,22.77,0.0,0.0,0.0,32.28,11.62,6.26,46.14,FAR_RIGHT,45.8,45.7,0.1,rn_resistant
1307,62.43,9.0,0.0,28.57,7.76,17.41,0.0,28.11,48.55,25.26,0.0,24.8,52.48,0.0,0.0,0.0,60.11,4.27,1.53,31.27,T1_WIN,67.8,29.9,37.9,bastion_gauche
1308,23.28,26.73,4.47,45.52,4.32,27.78,14.93,32.33,22.12,34.24,15.6,26.01,19.22,0.0,0.0,0.0,27.77,12.55,5.92,48.92,FAR_RIGHT,40.6,51.2,-10.6,bastion_rn
1309,26.92,18.66,7.68,46.67,4.79,21.36,18.37,32.25,22.8,30.74,23.77,19.46,19.8,0.0,0.0,0.0,28.55,11.96,5.73,49.34,FAR_RIGHT,40.3,52.4,-12.1,bastion_rn
1310,24.6,21.54,3.42,50.17,4.33,22.64,13.49,36.98,22.25,43.78,7.29,23.5,16.65,0.0,0.0,0.0,26.99,11.6,5.32,51.31,FAR_RIGHT,38.5,54.7,-16.2,bastion_rn
1311,28.14,26.28,4.06,41.52,5.47,38.71,0.0,31.82,23.77,35.21,19.6,19.43,19.87,0.0,0.0,0.0,32.7,14.89,7.07,41.07,LEFT,45.0,47.0,-2.0,rn_resistant
1312,25.01,13.9,5.65,55.43,6.52,0.0,29.78,43.8,22.17,23.67,24.65,23.15,18.51,0.0,0.0,0.0,25.46,9.51,4.44,56.43,T1_WIN,34.9,59.7,-24.8,bastion_rn
1313,37.06,12.33,0.0,50.61,5.28,15.42,3.01,37.59,37.24,26.48,9.04,25.96,25.26,0.0,0.0,0.0,33.2,8.36,3.04,50.43,FAR_RIGHT,44.5,52.5,-8.0,bastion_rn
1314,31.63,28.91,5.68,33.78,5.71,30.44,12.08,24.77,26.3,37.18,19.22,14.14,21.51,0.0,0.0,0.0,36.15,16.02,7.38,35.84,FAR_RIGHT,50.6,40.3,10.3,bascule_probable
1315,21.03,16.1,10.92,51.35,5.93,22.16,14.42,37.26,18.57,30.75,26.02,22.97,16.43,0.0,0.0,0.0,24.88,12.35,5.85,51.05,FAR_RIGHT,33.7,57.9,-24.2,bastion_rn
1316,31.43,14.88,5.38,48.31,4.59,24.97,0.0,41.34,25.27,27.0,13.64,29.97,24.35,0.0,0.0,0.0,31.14,9.56,4.24,49.6,FAR_RIGHT,41.9,52.6,-10.7,bastion_rn
1401,35.79,0.0,43.11,21.1,3.72,30.25,13.87,15.02,35.26,55.37,0.4,8.53,25.51,0.0,0.0,0.0,44.34,19.38,7.22,24.59,RIGHT,47.9,37.5,10.4,bascule_probable
1402,43.52,14.0,15.42,27.06,1.88,26.78,7.33,19.71,43.29,34.31,9.93,11.13,28.04,0.0,0.0,0.0,44.65,16.06,4.98,28.73,LEFT,56.2,35.0,21.2,bastion_gauche
1403,20.36,36.46,0.0,43.15,1.62,22.42,21.84,29.49,30.07,29.7,20.79,18.75,17.65,0.0,0.0,0.0,25.86,14.99,6.88,44.46,CENTRE,42.2,48.6,-6.4,bastion_rn
1404,20.4,32.8,10.9,35.9,2.14,36.98,12.56,24.53,21.94,39.72,23.8,13.37,16.01,0.0,0.0,0.0,26.15,19.25,8.67,39.53,CENTRE,43.1,45.0,-1.9,rn_resistant
1405,25.2,24.59,16.17,34.04,5.98,27.85,18.0,24.11,23.26,38.95,23.15,14.1,17.14,0.0,0.0,0.0,30.69,19.78,7.62,35.57,CENTRE,44.5,43.9,0.6,rn_resistant
1406,24.48,36.58,0.0,38.94,4.26,35.82,7.23,27.02,22.08,49.19,12.63,15.16,18.45,0.0,0.0,0.0,30.3,17.17,6.3,39.27,CENTRE,46.4,44.4,2.0,bascule_possible
1501,23.46,7.66,37.66,31.22,0.0,22.25,43.63,14.28,19.27,36.65,37.19,6.47,15.99,0.0,0.0,0.0,28.79,14.67,11.09,37.75,RIGHT,38.6,46.7,-8.1,bastion_rn
1502,14.45,8.36,43.56,33.63,0.03,17.46,48.39,16.77,14.43,23.6,53.03,7.21,14.51,0.0,0.0,0.0,22.41,12.6,14.5,41.16,RIGHT,31.7,51.4,-19.7,bastion_rn
1601,34.27,30.3,4.02,31.4,15.56,30.45,5.24,20.33,35.05,38.0,15.43,9.37,24.77,0.0,0.0,0.0,39.87,14.98,5.79,34.18,LEFT,53.6,37.5,16.1,bastion_gauche
1602,22.68,27.39,8.76,41.17,8.63,28.77,12.24,28.7,27.52,37.79,16.21,14.25,17.04,0.0,0.0,0.0,26.49,15.65,7.22,43.05,CENTRE,41.6,48.6,-7.0,bastion_rn
1603,27.27,28.31,0.0,44.42,20.65,21.14,4.21,27.09,40.6,44.31,0.0,14.58,18.54,0.0,0.0,0.0,27.98,13.85,5.76,44.49,FAR_RIGHT,44.3,48.7,-4.4,rn_resistant
1701,75.85,0.0,0.0,23.92,37.54,24.82,0.23,13.38,54.29,26.99,9.83,7.03,22.79,0.0,0.0,0.0,41.29,19.59,7.55,26.77,LEFT,75.8,23.9,51.9,bastion_gauche
1702,27.9,25.33,12.36,34.41,5.41,28.09,12.31,24.91,24.6,38.48,19.38,13.79,20.32,0.0,0.0,0.0,34.43,15.63,6.53,37.18,LEFT,46.6,42.9,3.7,bascule_possible
1703,31.27,27.88,0.0,40.85,14.47,29.19,6.86,27.61,36.45,30.95,15.91,14.25,19.34,0.0,0.0,0.0,30.08,14.34,6.21,41.95,LEFT,48.0,45.0,3.0,bascule_possible
1704,18.52,27.95,8.33,45.21,1.36,28.79,16.81,31.72,24.54,33.85,22.2,18.75,15.31,0.0,0.0,0.0,23.4,15.33,6.57,45.99,FAR_RIGHT,37.6,52.6,-15.0,bastion_rn
1705,23.42,32.75,0.0,43.83,6.45,23.83,17.59,31.21,27.39,0.0,23.78,17.11,15.96,0.0,0.0,0.0,25.18,15.69,6.89,45.69,CENTRE,43.1,48.7,-5.6,bastion_rn
1801,26.72,33.01,0.0,39.94,0.0,32.14,13.5,28.4,25.0,39.36,20.68,13.93,18.35,0.0,0.0,0.0,27.85,15.12,8.14,41.68,CENTRE,46.5,44.9,1.6,bascule_possible
1802,31.05,20.83,6.36,41.76,1.87,22.6,12.29,27.61,32.75,33.26,13.78,16.42,20.07,0.0,0.0,0.0,29.52,13.33,6.19,44.43,LEFT,45.3,47.3,-2.0,rn_resistant
1803,18.18,31.2,5.84,44.78,1.94,32.6,7.77,34.0,35.56,41.14,0.4,18.54,16.56,0.0,0.0,0.0,24.36,13.58,7.11,47.41,CENTRE,38.5,51.7,-13.2,bastion_rn
1901,39.61,0.0,28.64,31.75,11.86,19.32,20.62,18.2,40.98,32.51,15.19,10.64,21.04,0.0,0.0,0.0,34.09,11.21,8.11,36.79,LEFT,47.6,42.6,5.0,bascule_possible
1902,28.67,0.0,35.04,36.28,9.68,21.83,23.28,21.82,30.0,30.63,27.85,9.97,19.08,0.0,0.0,0.0,30.66,13.32,8.47,39.1,RIGHT,38.5,49.6,-11.1,bastion_rn
2101,34.59,27.48,12.17,25.77,7.93,32.63,14.8,18.05,27.87,36.01,24.17,9.81,21.89,0.0,0.0,0.0,38.06,18.13,9.33,29.74,LEFT,54.5,34.5,20.0,bastion_gauche
2102,31.18,24.65,8.03,36.14,0.0,27.04,14.95,27.03,24.66,32.57,28.17,13.93,21.89,0.0,0.0,0.0,33.69,14.38,7.63,38.61,LEFT,48.2,42.9,5.3,bascule_possible
2103,33.4,23.81,7.35,35.44,11.85,25.65,8.41,27.77,34.92,32.01,14.68,17.23,23.79,0.0,0.0,0.0,35.48,13.48,6.41,39.25,LEFT,49.7,41.8,7.9,bascule_probable
2104,22.47,0.0,35.2,42.33,8.4,16.04,30.16,26.87,23.38,25.86,35.49,14.09,16.77,0.0,0.0,0.0,25.35,12.86,7.32,46.34,RIGHT,32.3,55.7,-23.4,bastion_rn
2105,20.7,31.38,2.62,45.31,3.39,26.83,20.24,28.62,19.96,37.15,24.89,17.14,14.9,0.0,0.0,0.0,24.49,15.14,8.34,44.69,FAR_RIGHT,40.3,51.0,-10.7,bastion_rn
2201,34.91,33.8,5.54,25.75,11.28,32.16,8.91,15.93,36.7,41.2,11.11,7.4,22.77,0.0,0.0,0.0,41.95,16.99,6.37,29.68,CENTRE,56.7,32.9,23.8,bastion_gauche
2202,26.54,33.61,7.77,30.96,2.62,36.91,10.23,21.06,28.89,38.85,20.34,9.59,19.27,0.0,0.0,0.0,33.93,17.59,7.64,34.72,CENTRE,48.9,39.0,9.9,bascule_probable
2203,23.62,14.21,31.96,28.57,0.79,18.67,41.69,14.27,15.93,37.26,38.52,6.76,17.78,0.0,0.0,0.0,29.63,16.01,9.57,37.65,RIGHT,41.1,42.8,-1.7,rn_resistant
2204,33.65,30.56,0.0,35.78,17.01,25.93,6.8,18.86,45.08,34.5,7.28,9.46,23.19,0.0,0.0,0.0,37.85,13.28,5.38,35.95,LEFT,52.0,40.4,11.6,bascule_probable
2205,33.11,37.81,0.0,29.08,13.42,30.93,6.74,17.52,30.13,57.11,0.87,7.98,22.1,0.0,0.0,0.0,40.66,17.34,6.56,29.79,CENTRE,55.8,34.8,21.0,bastion_gauche
2301,25.04,17.44,22.12,34.15,2.4,25.99,22.72,21.2,36.41,33.19,17.99,11.95,21.2,0.0,0.0,0.0,31.14,11.67,6.96,40.97,FAR_RIGHT,41.7,45.2,-3.5,rn_resistant
2401,30.85,24.3,5.28,39.33,16.06,21.48,13.14,24.17,36.46,34.59,14.49,13.78,21.36,0.0,0.0,0.0,33.85,12.94,5.35,40.64,FAR_RIGHT,46.9,45.0,1.9,bascule_possible
2402,29.7,19.58,8.01,42.71,16.11,22.05,9.07,30.57,32.88,34.73,13.85,17.62,18.94,0.0,0.0,0.0,29.56,12.92,5.6,43.68,FAR_RIGHT,43.7,48.7,-5.0,bastion_rn
2403,30.01,23.33,6.52,40.13,10.89,29.38,7.67,26.06,40.84,30.49,15.07,12.66,20.66,0.0,0.0,0.0,29.98,12.37,5.78,41.93,FAR_RIGHT,45.8,46.1,-0.3,rn_resistant
2404,35.53,19.65,7.65,37.17,15.68,20.31,12.45,22.17,36.73,30.92,19.01,10.62,22.22,0.0,0.0,0.0,33.34,12.75,5.89,38.41,LEFT,49.5,43.0,6.5,bascule_possible
2501,35.28,33.52,0.0,31.2,7.98,26.75,11.01,22.17,31.06,29.87,19.48,12.5,25.16,0.0,0.0,0.0,38.69,15.06,7.0,33.88,CENTRE,55.4,36.2,19.2,bastion_gauche
2502,35.57,26.79,7.52,30.12,0.0,31.36,10.8,22.86,64.16,0.0,20.98,12.96,24.2,0.0,0.0,0.0,38.49,15.48,8.11,32.6,LEFT,53.7,37.0,16.7,bastion_gauche
2503,23.34,30.22,0.0,46.45,0.0,22.81,24.35,30.88,20.33,33.83,25.05,20.01,18.49,0.0,0.0,0.0,25.61,12.78,8.33,46.47,FAR_RIGHT,41.5,51.0,-9.5,bastion_rn
2504,31.94,20.44,0.0,47.62,2.29,29.15,10.76,35.51,17.57,37.47,17.32,26.51,21.99,0.0,0.0,0.0,27.57,11.0,5.6,50.36,FAR_RIGHT,44.2,50.7,-6.5,bastion_rn
2505,17.81,12.41,35.2,33.73,0.0,19.49,42.07,18.54,16.25,33.09,38.49,10.61,14.59,0.0,0.0,0.0,24.67,16.03,13.28,39.12,RIGHT,35.1,49.0,-13.9,bastion_rn
2601,33.35,16.62,17.89,32.14,4.74,25.18,19.46,21.67,30.32,29.24,18.86,13.49,24.58,0.0,0.0,0.0,37.77,14.04,7.81,35.55,LEFT,48.3,41.4,6.9,bascule_possible
2602,23.9,18.94,13.21,43.95,3.64,24.66,12.79,33.78,24.01,50.11,3.95,20.8,20.02,0.0,0.0,0.0,29.51,12.79,6.14,46.27,FAR_RIGHT,39.0,51.8,-12.8,bastion_rn
2603,39.09,19.09,8.5,33.32,3.33,23.5,15.87,20.78,32.17,32.99,19.68,14.51,26.74,0.0,0.0,0.0,40.23,12.43,6.21,34.13,LEFT,52.9,39.4,13.5,bascule_probable
2604,27.18,8.31,23.98,40.54,0.32,15.99,25.82,26.14,35.04,22.34,23.73,17.29,20.63,0.0,0.0,0.0,31.16,11.81,6.61,44.8,FAR_RIGHT,38.9,50.9,-12.0,bastion_rn
2701,23.4,28.51,0.0,48.09,7.47,26.74,8.13,35.79,20.88,44.46,6.16,23.09,18.27,0.0,0.0,0.0,25.09,13.4,6.08,48.93,FAR_RIGHT,40.5,52.4,-11.9,bastion_rn
2702,22.42,17.99,14.93,44.67,5.19,25.71,11.59,34.72,21.63,34.92,20.07,19.54,17.27,0.0,0.0,0.0,25.28,13.72,6.28,48.08,FAR_RIGHT,37.4,53.0,-15.6,bastion_rn
2703,17.64,32.28,0.0,50.08,1.59,23.18,18.17,35.04,23.02,46.43,8.5,21.47,15.44,0.0,0.0,0.0,22.46,13.68,6.29,49.98,FAR_RIGHT,37.0,54.9,-17.9,bastion_rn
2704,35.39,22.1,0.0,42.51,5.76,24.67,7.14,33.28,27.16,47.2,0.0,23.71,20.85,0.0,0.0,0.0,30.13,12.54,5.5,46.26,LEFT,48.6,45.8,2.8,bascule_possible
2705,22.42,24.39,7.05,45.26,5.13,27.73,8.14,36.13,22.93,28.56,20.84,23.61,18.52,0.0,0.0,0.0,25.56,12.9,6.57,48.94,FAR_RIGHT,39.0,51.6,-12.6,bastion_rn
2801,25.13,32.89,7.18,34.8,2.35,31.32,17.2,25.03,21.43,37.12,25.15,14.63,18.58,0.0,0.0,0.0,30.46,16.71,8.49,38.33,CENTRE,46.9,42.5,4.4,bascule_possible
2802,27.5,7.24,25.92,39.35,4.17,16.39,28.37,28.63,19.08,29.24,29.83,19.46,24.78,0.0,0.0,0.0,30.21,11.38,8.21,44.77,RIGHT,39.1,50.3,-11.2,bastion_rn
2803,6.87,36.35,12.71,44.07,5.51,29.87,8.91,29.64,48.1,0.0,31.91,19.46,17.87,0.0,0.0,0.0,26.1,14.3,7.43,46.05,CENTRE,32.2,54.4,-22.2,bastion_rn
2804,15.54,39.44,0.0,45.02,3.49,42.66,7.49,29.61,17.46,63.15,1.54,17.35,14.88,0.0,0.0,0.0,20.01,13.43,8.6,51.42,CENTRE,39.2,50.9,-11.7,bastion_rn
2901,34.09,33.0,8.32,24.59,0.0,42.85,4.61,15.78,37.0,50.07,2.2,7.26,21.42,0.0,0.0,0.0,40.97,19.01,7.79,26.92,CENTRE,56.2,32.7,23.5,bastion_gauche
2902,38.39,35.52,2.7,23.38,13.4,36.56,0.0,14.65,35.64,39.99,13.21,7.27,26.61,0.0,0.0,0.0,47.34,15.14,6.51,26.82,LEFT,60.5,29.7,30.8,bastion_gauche
2903,28.02,38.92,0.0,29.93,2.64,41.37,6.38,17.6,32.06,44.01,11.58,9.01,20.86,0.0,0.0,0.0,39.38,17.87,7.32,30.46,CENTRE,51.4,35.8,15.6,bastion_gauche
2904,32.48,30.63,11.04,25.86,1.66,36.85,11.55,15.26,31.86,30.25,28.53,6.2,22.61,0.0,0.0,0.0,40.09,17.49,7.5,29.12,CENTRE,53.9,34.6,19.3,bastion_gauche
2905,28.0,30.87,11.16,27.44,1.43,31.26,17.05,15.92,30.85,35.78,21.53,7.94,19.22,0.0,0.0,0.0,37.57,19.33,8.29,30.01,CENTRE,49.6,36.3,13.3,bascule_probable
2906,40.83,27.99,0.0,31.19,0.04,33.56,10.6,17.33,22.7,33.93,18.1,8.09,22.25,0.0,0.0,0.0,39.06,15.47,6.71,31.77,LEFT,57.6,35.4,22.2,bastion_gauche
2907,32.65,32.07,7.32,26.1,1.81,31.23,12.08,15.35,29.65,42.53,16.98,6.68,23.36,0.0,0.0,0.0,41.64,16.47,6.62,28.71,CENTRE,53.9,33.7,20.2,bastion_gauche
2908,41.43,27.76,0.0,30.8,2.01,34.87,6.65,21.12,39.53,33.42,12.19,10.99,22.11,0.0,0.0,0.0,39.02,15.37,6.25,33.22,CENTRE,58.1,35.0,23.1,bastion_gauche
2A01,9.8,30.7,0.0,31.2,9.99,42.96,0.0,16.55,,,,,14.05,0.0,0.0,0.0,20.68,12.57,5.46,52.22,CENTRE,28.2,35.8,-7.6,bastion_rn
2A02,12.32,0.0,16.85,35.1,12.6,0.0,27.62,20.92,,,,,13.67,0.0,0.0,0.0,18.3,16.53,6.06,50.71,OTHER,17.0,41.5,-24.5,bastion_rn
2B01,9.43,19.85,0.0,30.82,14.6,25.57,0.0,18.07,,,,,14.63,0.0,0.0,0.0,22.0,11.98,7.51,49.57,OTHER,21.3,33.8,-12.5,bastion_rn
2B02,6.65,0.0,34.05,25.42,5.89,0.0,29.06,12.7,,,,,12.5,0.0,0.0,0.0,20.62,11.93,8.94,48.64,RIGHT,16.2,38.4,-22.2,bastion_rn
3001,30.57,20.1,5.43,43.91,3.27,25.21,6.74,37.86,24.08,43.14,0.0,29.83,25.53,0.0,0.0,0.0,32.88,11.38,5.38,46.2,FAR_RIGHT,44.2,49.0,-4.8,rn_resistant
3002,24.58,16.9,6.3,52.22,3.07,23.05,8.72,41.76,18.16,32.16,14.22,33.43,18.77,0.0,0.0,0.0,25.39,10.82,5.1,53.52,T1_WIN,36.5,57.1,-20.6,bastion_rn
3003,23.97,19.21,9.04,47.48,6.93,26.77,6.73,36.72,26.05,33.93,15.16,24.05,18.16,0.0,0.0,0.0,27.56,12.61,6.06,48.65,FAR_RIGHT,38.0,53.8,-15.8,bastion_rn
3004,28.85,16.36,6.1,48.69,3.38,26.65,5.03,36.64,41.53,24.41,11.84,21.44,20.9,0.0,0.0,0.0,29.73,9.95,4.64,50.16,FAR_RIGHT,40.4,53.5,-13.1,bastion_rn
3005,34.45,15.4,8.02,41.01,2.4,21.78,7.8,28.83,35.48,32.76,10.42,20.63,25.59,0.0,0.0,0.0,36.65,10.24,4.05,42.45,FAR_RIGHT,45.9,46.4,-0.5,rn_resistant
3006,29.45,20.73,5.76,42.07,6.7,24.85,9.21,32.9,28.23,33.52,14.01,23.54,22.91,0.0,0.0,0.0,33.65,12.44,5.4,44.19,FAR_RIGHT,43.5,47.4,-3.9,rn_resistant
3101,46.18,29.8,0.0,23.05,8.55,29.74,3.73,14.45,43.0,33.7,13.0,7.77,32.26,0.0,0.0,0.0,52.72,13.76,6.02,22.9,LEFT,64.1,27.5,36.6,bastion_gauche
3102,43.86,27.91,0.0,28.23,9.7,26.81,5.75,18.5,39.71,37.61,11.31,10.67,29.49,0.0,0.0,0.0,47.44,13.45,6.2,27.94,LEFT,60.6,32.4,28.2,bastion_gauche
3103,37.36,34.4,5.69,22.5,8.56,29.27,16.31,13.68,29.24,39.61,22.27,6.6,24.82,0.0,0.0,0.0,44.79,16.94,9.38,24.64,CENTRE,59.6,29.8,29.8,bastion_gauche
3104,53.93,28.89,0.0,17.18,7.39,23.61,8.8,11.29,40.79,36.07,13.39,6.74,39.0,0.0,0.0,0.0,60.01,12.99,5.83,17.59,T1_WIN,71.3,21.5,49.8,bastion_gauche
3105,28.98,29.43,0.0,41.43,5.55,28.91,3.32,30.27,32.3,48.86,0.0,16.67,21.47,0.0,0.0,0.0,33.82,12.72,5.84,41.2,CENTRE,46.6,45.8,0.8,rn_resistant
3106,38.18,29.6,0.0,32.21,10.39,30.27,7.11,21.38,34.27,39.54,10.47,12.02,22.72,0.0,0.0,0.0,41.05,15.24,6.02,32.08,LEFT,55.9,36.6,19.3,bastion_gauche
3107,34.81,24.81,0.0,40.37,4.11,26.53,5.32,29.87,32.69,37.41,8.73,18.32,23.21,0.0,0.0,0.0,36.85,11.54,4.63,40.26,LEFT,49.7,44.1,5.6,bascule_possible
3108,37.81,16.09,3.06,43.04,48.03,20.6,3.05,27.49,38.62,42.13,0.0,16.64,20.81,0.0,0.0,0.0,33.27,10.33,3.98,42.05,LEFT,48.3,46.6,1.7,bascule_possible
3109,49.13,24.51,0.0,26.35,9.45,25.25,4.81,18.82,41.55,36.96,8.93,10.64,33.68,0.0,0.0,0.0,51.75,11.79,5.05,26.54,LEFT,63.8,30.0,33.8,bastion_gauche
3110,37.6,29.92,0.0,31.79,4.25,32.23,10.2,19.07,30.09,46.42,11.41,8.74,22.46,0.0,0.0,0.0,41.09,15.37,6.34,30.69,LEFT,55.6,36.3,19.3,bastion_gauche
3201,30.38,30.9,0.0,36.84,13.68,31.49,0.0,27.02,36.01,48.44,0.0,11.17,19.87,0.0,0.0,0.0,33.68,13.2,5.72,36.5,CENTRE,48.9,41.5,7.4,bascule_probable
3202,46.71,0.0,14.04,36.77,25.18,19.41,11.99,23.11,39.39,24.36,22.11,12.76,17.74,0.0,0.0,0.0,31.18,12.68,6.02,39.78,LEFT,50.6,42.1,8.5,bascule_probable
3301,34.91,42.53,0.0,22.56,7.0,38.23,10.42,15.2,26.24,43.95,20.91,6.59,22.45,0.0,0.0,0.0,41.51,19.65,10.82,23.82,CENTRE,60.4,28.9,31.5,bastion_gauche
3302,50.02,29.08,6.88,14.03,2.45,32.83,7.69,10.18,37.06,39.78,17.01,4.5,31.33,0.0,0.0,0.0,55.39,16.35,8.81,15.88,LEFT,69.4,21.0,48.4,bastion_gauche
3303,51.57,27.75,0.0,20.66,6.9,32.5,0.0,13.64,44.7,33.77,9.44,7.9,33.16,0.0,0.0,0.0,55.73,12.96,5.12,21.41,LEFT,68.2,24.8,43.4,bastion_gauche
3304,43.51,17.27,6.86,32.37,1.69,24.0,6.78,25.23,38.56,44.69,0.0,14.7,27.75,0.0,0.0,0.0,41.38,12.26,4.71,35.79,LEFT,55.8,37.6,18.2,bastion_gauche
3305,32.81,22.22,2.65,42.32,1.62,29.16,8.49,33.52,35.47,33.41,11.28,18.33,19.24,0.0,0.0,0.0,29.73,13.68,5.53,43.78,LEFT,46.9,46.7,0.2,rn_resistant
3306,37.88,33.86,0.0,28.26,3.92,34.83,6.25,19.84,33.88,55.0,0.0,9.18,21.25,0.0,0.0,0.0,39.56,17.59,7.47,29.84,LEFT,58.2,33.3,24.9,bastion_gauche
3307,42.08,34.46,0.0,23.46,3.99,36.27,6.81,16.31,36.48,39.01,14.45,8.0,24.47,0.0,0.0,0.0,45.03,17.97,6.74,25.15,LEFT,62.8,28.6,34.2,bastion_gauche
3308,19.75,31.71,10.23,38.15,5.12,35.02,11.23,26.76,20.25,40.38,26.37,12.45,14.95,0.0,0.0,0.0,26.13,18.5,8.6,40.43,CENTRE,41.6,46.8,-5.2,bastion_rn
3309,29.78,30.03,0.0,40.19,7.72,28.75,7.66,29.18,39.95,31.21,13.0,14.44,20.31,0.0,0.0,0.0,33.02,13.21,5.85,39.18,CENTRE,47.8,44.7,3.1,bascule_possible
3310,26.24,29.96,0.0,43.8,6.36,32.7,0.0,35.69,22.74,43.63,15.52,17.05,19.0,0.0,0.0,0.0,29.0,13.28,5.86,44.9,CENTRE,44.2,48.3,-4.1,rn_resistant
3311,24.12,22.54,0.0,53.33,5.94,23.72,3.32,42.93,29.17,27.79,16.44,24.97,18.32,0.0,0.0,0.0,25.39,10.37,4.51,52.43,T1_WIN,37.6,56.7,-19.1,bastion_rn
3312,30.49,27.62,3.49,38.41,11.31,24.58,10.67,25.61,31.5,37.44,15.41,14.93,21.2,0.0,0.0,0.0,33.34,13.53,5.89,38.98,LEFT,48.0,43.9,4.1,bascule_possible
3401,34.85,22.54,6.7,35.91,11.97,24.83,6.9,27.96,30.83,43.83,4.4,18.37,26.67,0.0,0.0,0.0,38.71,12.75,5.57,38.27,LEFT,50.2,41.8,8.4,bascule_probable
3402,58.93,19.76,4.29,16.97,19.09,27.13,0.0,12.92,46.79,28.58,11.36,9.02,45.41,0.0,0.0,0.0,63.02,10.61,4.64,18.23,T1_WIN,72.0,21.6,50.4,bastion_gauche
3403,37.45,29.1,0.0,33.45,17.11,26.68,5.57,22.8,29.23,37.17,17.42,14.13,23.75,0.0,0.0,0.0,39.87,14.78,6.58,34.1,LEFT,54.9,37.8,17.1,bastion_gauche
3404,34.04,22.56,0.0,43.39,12.01,23.74,6.77,28.9,34.25,31.49,15.42,17.73,24.01,0.0,0.0,0.0,35.87,11.85,4.9,41.24,FAR_RIGHT,47.6,46.8,0.8,rn_resistant
3405,33.47,13.97,0.0,50.89,19.44,17.07,5.22,33.86,37.11,28.56,10.51,22.08,22.04,0.0,0.0,0.0,30.2,9.56,4.19,47.79,FAR_RIGHT,41.9,53.0,-11.1,bastion_rn
3406,21.83,9.87,27.25,41.05,9.42,15.62,48.0,9.49,19.6,24.72,18.28,35.41,19.08,0.0,0.0,0.0,25.54,9.83,5.56,53.86,FAR_RIGHT,35.4,52.9,-17.5,bastion_rn
3407,26.82,21.52,0.0,51.66,9.44,19.35,10.28,38.02,30.41,24.99,15.7,24.91,19.62,0.0,0.0,0.0,27.37,11.08,4.78,51.85,T1_WIN,39.7,54.9,-15.2,bastion_rn
3408,36.68,16.86,6.34,40.12,8.25,25.37,5.02,31.48,34.35,31.26,9.93,22.44,25.4,0.0,0.0,0.0,37.5,11.34,4.76,41.58,LEFT,48.6,45.1,3.5,bascule_possible
3409,30.04,25.0,6.05,38.91,5.16,28.37,5.69,32.61,24.38,39.89,12.6,22.36,24.1,0.0,0.0,0.0,35.09,12.71,5.25,42.16,FAR_RIGHT,46.7,45.0,1.7,bascule_possible
3501,44.13,31.88,5.01,17.65,6.08,36.56,0.0,12.92,38.39,50.38,1.29,6.05,28.74,0.0,0.0,0.0,53.4,16.84,6.5,19.66,LEFT,64.7,24.3,40.4,bastion_gauche
3502,41.4,34.24,6.93,17.43,1.24,41.41,0.0,13.76,31.73,46.48,13.7,5.0,25.01,0.0,0.0,0.0,49.26,19.08,8.43,19.36,LEFT,63.9,25.2,38.7,bastion_gauche
3503,37.96,29.71,2.52,28.12,2.82,32.53,8.53,17.73,72.76,0.0,15.14,10.2,22.18,0.0,0.0,0.0,39.94,17.17,7.42,30.16,LEFT,56.5,33.5,23.0,bastion_gauche
3504,33.36,24.06,8.85,33.73,3.58,29.78,7.88,21.73,33.94,42.02,10.49,12.44,21.95,0.0,0.0,0.0,38.01,15.72,6.6,33.88,LEFT,50.3,40.7,9.6,bascule_probable
3505,27.76,42.42,0.0,29.82,3.71,34.43,16.79,17.48,20.66,40.59,30.23,7.59,18.04,0.0,0.0,0.0,33.58,18.52,12.11,30.58,CENTRE,53.2,36.2,17.0,bastion_gauche
3506,26.63,42.43,0.0,30.94,1.09,46.88,3.98,19.76,19.66,66.98,0.68,11.33,18.38,0.0,0.0,0.0,33.26,18.78,7.7,33.91,CENTRE,52.1,37.3,14.8,bascule_probable
3507,23.59,4.88,43.33,28.2,1.1,30.21,25.42,17.23,16.96,36.61,35.73,8.0,17.5,0.0,0.0,0.0,33.27,20.21,9.06,32.32,RIGHT,38.7,45.4,-6.7,bastion_rn
3508,53.81,25.69,4.97,14.4,5.59,32.26,2.2,10.8,39.13,40.94,11.99,4.65,32.42,0.0,0.0,0.0,57.91,15.89,6.52,16.35,T1_WIN,70.6,20.1,50.5,bastion_gauche
3601,23.23,35.12,0.0,41.66,1.56,27.53,19.97,26.49,31.2,37.16,16.04,15.09,19.27,0.0,0.0,0.0,27.22,13.85,6.77,45.15,CENTRE,44.3,46.9,-2.6,rn_resistant
3602,25.04,0.0,31.82,41.71,1.36,18.36,27.76,28.56,29.13,28.6,26.41,15.01,17.33,0.0,0.0,0.0,24.85,13.25,7.21,47.17,RIGHT,33.9,53.8,-19.9,bastion_rn
3701,49.94,24.17,5.92,19.98,3.09,30.57,11.85,13.7,37.5,36.29,17.79,6.68,31.34,0.0,0.0,0.0,49.96,15.62,8.22,22.29,LEFT,66.1,25.9,40.2,bastion_gauche
3702,24.8,32.58,6.46,36.16,3.56,32.38,10.55,26.25,26.62,37.42,23.48,11.9,19.43,0.0,0.0,0.0,33.18,16.36,6.98,37.67,CENTRE,46.2,43.5,2.7,bascule_possible
3703,27.13,32.87,0.0,33.69,3.6,46.07,0.0,23.61,56.18,20.02,11.25,11.62,19.89,0.0,0.0,0.0,33.55,17.09,7.54,35.96,CENTRE,46.9,38.6,8.3,bascule_probable
3704,30.91,27.65,8.55,32.89,5.15,29.99,9.55,24.04,33.69,34.39,19.47,11.91,21.19,0.0,0.0,0.0,34.94,16.31,6.92,35.87,LEFT,49.9,40.3,9.6,bascule_probable
3705,25.3,26.75,11.36,36.6,7.88,29.15,15.64,26.17,26.05,38.57,22.01,12.49,18.22,0.0,0.0,0.0,31.58,16.35,8.43,37.74,CENTRE,44.5,44.9,-0.4,rn_resistant
3801,41.05,33.62,6.98,18.34,2.45,40.5,6.67,12.74,27.9,64.86,0.0,6.28,27.64,0.0,0.0,0.0,51.08,17.53,8.23,19.71,LEFT,63.2,26.0,37.2,bastion_gauche
3802,43.43,19.23,5.82,31.52,10.13,28.45,4.84,22.13,34.16,39.6,9.55,14.3,29.07,0.0,0.0,0.0,45.71,12.43,4.8,32.7,LEFT,56.6,36.6,20.0,bastion_gauche
3803,52.89,20.94,2.79,23.37,9.27,24.6,7.09,15.22,43.13,36.18,8.7,11.12,36.2,0.0,0.0,0.0,55.44,11.27,4.29,25.11,LEFT,66.2,27.6,38.6,bastion_gauche
3804,43.48,11.96,11.14,33.42,3.68,23.24,7.37,22.22,37.92,33.33,14.41,13.54,23.69,0.0,0.0,0.0,41.02,14.16,5.58,34.16,LEFT,53.8,39.4,14.4,bascule_probable
3805,37.22,30.11,0.0,32.67,10.49,30.8,0.0,25.21,31.74,40.58,13.62,13.32,23.72,0.0,0.0,0.0,42.79,14.29,5.86,32.47,LEFT,55.3,37.2,18.1,bastion_gauche
3806,22.24,17.46,12.74,47.55,0.47,26.17,13.44,36.98,22.32,32.4,18.06,26.6,17.75,0.0,0.0,0.0,26.95,11.85,6.06,50.2,FAR_RIGHT,36.3,55.0,-18.7,bastion_rn
3807,20.74,9.6,27.56,42.1,2.91,19.79,24.84,29.15,21.54,34.17,22.61,20.91,17.92,0.0,0.0,0.0,26.24,12.43,6.69,48.48,RIGHT,34.2,54.0,-19.8,bastion_rn
3808,25.59,20.49,13.84,39.92,3.01,23.18,20.89,28.77,29.89,32.33,17.54,19.15,19.17,0.0,0.0,0.0,30.38,13.01,6.77,44.76,FAR_RIGHT,41.8,48.3,-6.5,bastion_rn
3809,30.25,27.26,7.72,34.6,1.6,29.96,12.27,24.14,27.95,39.02,17.01,14.79,22.25,0.0,0.0,0.0,37.36,14.82,5.98,36.71,LEFT,48.8,41.6,7.2,bascule_probable
3810,26.94,22.19,8.03,42.83,7.37,25.92,8.82,33.13,28.28,34.38,15.4,21.27,21.73,0.0,0.0,0.0,31.58,12.36,6.05,44.64,FAR_RIGHT,42.5,49.2,-6.7,bastion_rn
3901,24.81,36.16,0.0,39.03,0.0,36.73,7.67,25.51,26.84,35.54,20.66,15.9,20.96,0.0,0.0,0.0,31.18,13.88,7.25,39.82,CENTRE,46.5,44.5,2.0,bascule_possible
3902,25.77,0.0,38.59,35.64,0.0,18.6,34.17,21.87,23.1,27.24,34.9,11.68,21.26,0.0,0.0,0.0,30.63,13.57,8.31,39.3,RIGHT,36.6,50.3,-13.7,bastion_rn
3903,25.93,0.0,34.34,39.73,4.45,15.8,25.62,27.87,23.06,26.48,32.75,16.91,19.79,0.0,0.0,0.0,29.0,12.97,8.16,43.79,RIGHT,35.5,52.8,-17.3,bastion_rn
4001,28.21,29.21,4.42,38.16,5.2,38.88,6.3,24.96,31.06,43.34,11.96,13.11,17.89,0.0,0.0,0.0,29.89,14.52,5.28,39.14,CENTRE,47.0,44.2,2.8,bascule_possible
4002,29.39,30.05,5.33,33.66,1.5,38.09,6.76,21.67,33.79,42.96,10.87,11.67,18.88,0.0,0.0,0.0,33.87,16.02,6.23,34.4,CENTRE,48.9,40.2,8.7,bascule_probable
4003,37.83,17.61,7.18,36.74,0.0,29.73,5.19,22.02,43.42,40.96,2.5,11.95,16.06,0.0,0.0,0.0,30.3,13.12,5.36,37.17,LEFT,50.4,42.1,8.3,bascule_probable
4101,18.72,39.85,5.95,35.22,4.6,31.97,7.42,26.84,30.83,34.59,18.86,15.04,20.72,0.0,0.0,0.0,34.16,15.53,6.91,38.09,CENTRE,44.3,43.5,0.8,rn_resistant
4102,21.34,5.44,20.16,53.06,0.0,26.43,17.28,38.02,19.8,28.78,31.66,19.39,15.08,0.0,0.0,0.0,22.86,14.03,6.82,49.47,FAR_RIGHT,30.2,61.5,-31.3,bastion_rn
4103,21.33,36.24,0.0,42.43,0.0,48.43,1.85,28.88,19.3,65.06,0.0,14.73,16.65,0.0,0.0,0.0,26.57,15.12,7.67,44.32,CENTRE,43.1,47.9,-4.8,rn_resistant
4201,41.48,23.72,2.83,31.97,24.15,29.14,0.0,23.0,33.97,50.96,0.0,13.4,29.18,0.0,0.0,0.0,40.84,12.7,6.22,36.24,LEFT,56.5,36.6,19.9,bastion_gauche
4202,46.53,26.34,0.0,27.13,7.15,27.82,8.61,20.43,31.88,38.75,14.21,13.64,32.58,0.0,0.0,0.0,46.66,12.26,6.71,30.03,LEFT,62.3,31.1,31.2,bastion_gauche
4203,30.0,29.11,0.0,40.89,4.71,27.84,14.52,28.4,23.83,55.3,2.23,17.26,20.49,0.0,0.0,0.0,31.53,12.96,7.14,43.65,CENTRE,47.5,45.3,2.2,bascule_possible
4204,28.48,0.0,30.72,40.8,5.3,16.84,25.81,27.03,23.95,30.44,27.88,17.33,20.96,0.0,0.0,0.0,31.14,11.9,6.84,45.09,RIGHT,37.1,52.5,-15.4,bastion_rn
4205,20.72,0.0,41.99,37.29,4.78,23.41,25.77,24.17,21.39,34.11,24.78,16.54,17.11,0.0,0.0,0.0,26.48,14.02,8.63,45.29,RIGHT,32.5,53.2,-20.7,bastion_rn
4206,19.43,12.45,27.81,40.31,1.16,26.43,25.36,26.19,16.25,37.44,26.08,19.11,15.11,0.0,0.0,0.0,25.67,14.37,8.94,45.57,RIGHT,34.7,52.7,-18.0,bastion_rn
4301,19.57,9.44,36.8,34.18,3.71,14.24,45.26,16.85,17.49,31.07,40.89,10.21,17.38,0.0,0.0,0.0,26.54,11.04,10.12,46.02,RIGHT,35.5,49.6,-14.1,bastion_rn
4302,20.97,8.26,38.69,32.08,3.48,11.54,45.68,17.34,21.0,27.45,41.9,8.29,19.13,0.0,0.0,0.0,27.46,11.64,11.46,41.68,RIGHT,36.8,48.0,-11.2,bastion_rn
4401,44.48,37.39,0.0,18.13,5.85,31.48,12.56,12.06,26.99,45.34,19.76,5.52,26.25,0.0,0.0,0.0,49.28,18.27,10.37,19.11,LEFT,66.9,23.7,43.2,bastion_gauche
4402,53.67,26.7,5.86,13.78,1.01,28.44,9.35,10.08,39.25,39.78,13.95,4.79,34.24,0.0,0.0,0.0,60.06,14.11,7.95,15.01,T1_WIN,71.3,20.0,51.3,bastion_gauche
4403,45.83,24.55,6.3,20.43,1.31,29.3,5.76,14.43,40.29,38.65,9.33,7.87,30.46,0.0,0.0,0.0,53.5,14.44,6.09,22.3,LEFT,62.3,26.5,35.8,bastion_gauche
4404,48.94,22.66,8.34,20.06,5.84,29.35,5.78,13.83,42.51,47.82,0.62,6.97,29.75,0.0,0.0,0.0,53.75,14.92,5.7,21.8,LEFT,64.9,26.6,38.3,bastion_gauche
4405,39.1,36.17,0.0,24.73,4.15,41.69,1.98,16.45,34.1,55.12,0.75,7.71,22.55,0.0,0.0,0.0,44.15,17.75,7.62,26.16,LEFT,60.8,30.2,30.6,bastion_gauche
4406,35.85,0.0,29.18,34.97,1.07,29.08,12.55,22.23,22.07,39.93,25.18,10.0,20.67,0.0,0.0,0.0,36.19,15.07,6.62,35.92,LEFT,44.0,46.1,-2.1,rn_resistant
4407,25.61,28.49,14.08,31.82,4.5,32.44,14.74,22.76,22.74,42.92,20.67,10.32,17.23,0.0,0.0,0.0,30.53,18.68,9.44,36.1,CENTRE,46.6,41.4,5.2,bascule_possible
4408,46.58,20.28,4.27,28.87,13.44,27.05,4.53,19.03,38.72,38.44,8.01,10.38,26.18,0.0,0.0,0.0,45.01,13.47,4.95,31.78,LEFT,59.9,33.5,26.4,bastion_gauche
4409,30.55,0.0,32.63,35.6,1.04,42.91,2.58,22.37,34.39,36.9,15.27,11.84,19.84,0.0,0.0,0.0,34.65,16.77,7.31,35.44,RIGHT,39.7,48.0,-8.3,bastion_rn
4410,32.06,30.57,9.86,27.5,3.29,31.5,16.52,15.92,23.55,45.62,20.36,8.13,20.17,0.0,0.0,0.0,39.71,18.47,8.42,28.77,CENTRE,53.2,35.8,17.4,bastion_gauche
4501,32.3,38.42,0.0,29.28,0.0,48.55,0.0,20.94,22.12,44.67,18.94,12.04,21.28,0.0,0.0,0.0,36.27,19.49,8.47,30.99,CENTRE,55.4,35.0,20.4,bastion_gauche
4502,34.96,23.03,7.86,34.15,5.97,29.1,11.69,24.18,22.45,35.4,28.96,12.61,21.41,0.0,0.0,0.0,33.91,15.92,8.11,37.18,LEFT,51.0,40.6,10.4,bascule_probable
4503,20.74,0.0,32.04,47.22,1.64,20.92,21.97,34.3,18.07,35.37,24.8,19.61,16.41,0.0,0.0,0.0,25.17,14.82,6.97,46.21,RIGHT,29.7,59.4,-29.7,bastion_rn
4504,22.31,15.02,11.83,50.8,1.87,18.89,19.22,36.01,20.31,28.56,24.32,23.79,17.39,0.0,0.0,0.0,23.39,12.43,6.38,51.66,FAR_RIGHT,34.6,57.5,-22.9,bastion_rn
4505,20.66,22.01,10.0,44.72,1.87,21.74,23.65,31.68,20.07,29.85,23.6,21.18,18.18,0.0,0.0,0.0,25.21,14.15,6.96,47.14,CENTRE,36.7,51.8,-15.1,bastion_rn
4506,30.74,30.6,4.38,34.28,5.83,32.38,9.89,24.61,29.81,52.39,3.34,13.58,21.81,0.0,0.0,0.0,35.47,16.45,7.44,35.43,CENTRE,50.3,40.5,9.8,bascule_probable
4601,25.0,8.93,42.25,23.82,17.8,1.63,45.46,11.63,36.08,28.67,24.64,10.12,23.94,0.0,0.0,0.0,37.4,13.04,7.14,33.18,RIGHT,42.2,41.2,1.0,rn_resistant
4602,40.05,26.96,0.0,30.38,25.68,23.7,8.71,15.51,41.12,45.16,3.55,8.47,24.63,0.0,0.0,0.0,38.46,13.88,6.19,30.99,LEFT,56.2,34.4,21.8,bastion_gauche
4701,26.79,28.41,0.0,43.11,2.0,29.64,5.66,35.15,26.14,52.27,3.18,17.87,19.12,0.0,0.0,0.0,29.38,13.04,5.85,43.46,CENTRE,43.8,47.4,-3.6,rn_resistant
4702,28.7,21.99,0.0,49.31,1.61,25.62,9.85,35.59,32.72,28.39,16.73,21.51,17.87,0.0,0.0,0.0,25.06,12.24,5.39,48.11,FAR_RIGHT,41.9,52.6,-10.7,bastion_rn
4703,33.93,0.0,24.99,41.08,3.45,22.49,17.55,30.81,24.37,30.13,22.73,21.07,19.93,0.0,0.0,0.0,27.93,11.61,5.85,45.83,RIGHT,40.9,50.6,-9.7,bastion_rn
4801,36.01,0.0,24.04,33.91,1.0,36.38,13.72,14.24,30.01,21.66,37.59,8.02,19.98,0.0,0.0,0.0,30.84,12.22,8.11,38.12,LEFT,42.7,43.0,-0.3,rn_resistant
4901,35.17,34.83,6.17,23.83,7.63,34.9,10.23,16.14,32.43,38.97,14.55,8.58,22.47,0.0,0.0,0.0,42.29,19.12,8.72,26.17,CENTRE,57.8,31.4,26.4,bastion_gauche
4902,29.59,37.24,8.92,24.25,4.14,45.8,0.0,16.98,23.02,50.2,12.09,8.55,22.44,0.0,0.0,0.0,41.36,19.1,7.58,27.02,CENTRE,54.4,33.2,21.2,bastion_gauche
4903,21.45,16.85,23.87,37.84,2.83,21.65,24.73,26.37,21.62,29.96,35.47,12.49,16.49,0.0,0.0,0.0,28.21,15.12,7.14,42.42,RIGHT,38.2,49.4,-11.2,bastion_rn
4904,22.05,34.87,6.69,36.39,0.0,38.63,9.26,26.16,19.17,56.42,6.97,14.69,15.67,0.0,0.0,0.0,29.14,18.65,8.19,38.24,CENTRE,44.8,44.2,0.6,rn_resistant
4905,22.89,33.7,10.19,33.21,1.21,37.77,18.48,18.08,20.11,47.63,22.54,9.0,16.99,0.0,0.0,0.0,32.51,22.05,8.99,32.13,CENTRE,46.0,42.1,3.9,bascule_possible
4906,26.42,35.28,7.63,30.67,0.0,43.28,4.18,20.95,24.15,43.57,20.44,10.99,18.22,0.0,0.0,0.0,35.0,20.53,8.06,31.2,CENTRE,49.7,38.9,10.8,bascule_probable
4907,30.47,33.86,5.75,29.92,3.44,40.81,2.44,21.41,26.85,41.62,20.41,10.36,19.26,0.0,0.0,0.0,37.75,19.85,7.69,30.25,CENTRE,52.4,37.2,15.2,bastion_gauche
5001,19.77,8.04,38.59,33.6,1.27,17.46,41.22,19.56,20.26,35.35,30.82,11.67,15.61,0.0,0.0,0.0,26.77,19.14,8.25,38.65,RIGHT,35.4,49.5,-14.1,bastion_rn
5002,18.54,39.91,8.62,32.92,7.51,42.62,7.98,22.45,16.56,44.91,27.26,9.86,15.86,0.0,0.0,0.0,28.17,20.2,8.62,36.07,CENTRE,44.9,42.2,2.7,bascule_possible
5003,21.35,33.24,0.0,36.25,1.39,36.13,14.45,23.19,19.67,46.2,18.94,12.59,16.68,0.0,0.0,0.0,28.86,18.46,7.68,37.64,CENTRE,41.3,41.2,0.1,rn_resistant
5004,35.77,17.88,14.83,31.52,2.1,32.34,12.74,19.99,31.88,23.76,12.93,13.21,21.42,0.0,0.0,0.0,36.94,16.46,6.25,33.68,LEFT,50.7,39.8,10.9,bascule_probable
5101,28.86,33.84,37.3,0.0,2.64,28.51,15.55,25.7,23.49,0.0,27.57,19.11,20.0,0.0,0.0,0.0,31.34,16.05,8.53,39.49,CENTRE,59.6,19.2,40.4,bastion_gauche
5102,25.29,30.39,7.05,37.26,3.47,33.73,10.87,28.07,20.29,34.34,26.44,18.0,18.42,0.0,0.0,0.0,28.81,17.33,8.43,40.56,CENTRE,45.5,44.5,1.0,rn_resistant
5103,20.36,31.92,0.0,47.72,2.24,30.77,8.99,36.45,20.19,31.87,22.98,24.19,15.56,0.0,0.0,0.0,22.47,14.91,8.57,48.47,FAR_RIGHT,39.5,52.5,-13.0,bastion_rn
5104,19.38,30.98,6.6,42.77,5.37,33.2,10.14,31.2,25.2,0.0,50.97,22.35,16.51,0.0,0.0,0.0,24.31,14.81,8.6,46.81,CENTRE,39.8,49.9,-10.1,bastion_rn
5105,10.35,42.66,0.0,46.99,2.69,8.91,44.54,31.86,11.94,63.81,0.0,23.41,11.38,0.0,0.0,0.0,16.26,12.69,8.99,55.97,CENTRE,35.9,53.4,-17.5,bastion_rn
5201,22.32,28.05,0.0,48.83,2.17,21.15,17.65,31.41,21.27,31.9,27.38,18.83,15.85,0.0,0.0,0.0,22.47,13.09,8.94,48.76,FAR_RIGHT,39.2,53.0,-13.8,bastion_rn
5202,15.04,0.0,28.15,56.82,0.0,11.31,31.73,43.25,15.31,21.19,33.81,29.06,13.62,0.0,0.0,0.0,16.85,10.24,8.08,59.2,T1_WIN,22.9,67.5,-44.6,bastion_rn
5301,46.33,20.1,4.98,28.59,0.0,23.61,6.5,18.7,42.25,26.54,21.51,9.34,18.44,0.0,0.0,0.0,32.14,22.37,7.4,33.32,LEFT,59.8,33.5,26.3,bastion_gauche
5302,23.5,35.17,9.15,31.79,0.0,46.17,7.58,21.19,20.75,38.25,29.76,9.05,15.6,0.0,0.0,0.0,27.78,25.85,7.53,34.28,CENTRE,47.2,40.5,6.7,bascule_possible
5303,20.21,48.68,0.0,31.11,1.29,57.13,0.0,20.93,14.77,71.95,3.82,8.44,14.3,0.0,0.0,0.0,25.77,23.48,7.73,37.41,CENTRE,49.4,38.4,11.0,bascule_probable
5401,39.08,26.38,6.43,28.11,3.84,33.69,8.13,20.31,30.58,42.27,14.24,10.59,25.53,0.0,0.0,0.0,41.58,16.43,7.16,30.07,LEFT,56.7,34.5,22.2,bastion_gauche
5402,40.72,30.74,5.15,23.39,2.99,39.92,1.52,17.79,29.52,42.66,16.75,10.52,25.41,0.0,0.0,0.0,41.59,18.89,8.55,26.79,LEFT,60.6,30.0,30.6,bastion_gauche
5403,30.71,17.98,7.85,43.46,11.85,25.16,6.14,28.17,37.18,32.23,13.4,15.82,24.09,0.0,0.0,0.0,30.5,11.48,4.64,47.37,FAR_RIGHT,43.7,49.1,-5.4,bastion_rn
5404,21.95,0.0,33.21,44.84,1.42,15.76,31.29,30.23,19.59,31.28,24.65,22.28,17.1,0.0,0.0,0.0,24.52,12.59,7.14,49.19,RIGHT,31.2,57.5,-26.3,bastion_rn
5405,45.01,0.0,14.0,40.52,46.39,14.13,4.65,32.4,40.26,27.04,10.5,20.4,17.18,0.0,0.0,0.0,27.42,12.63,6.98,46.64,LEFT,48.9,45.8,3.1,bascule_possible
5406,30.15,15.42,8.68,45.76,2.01,22.9,9.68,33.14,50.09,0.0,12.48,21.83,21.75,0.0,0.0,0.0,30.0,11.35,5.16,47.74,FAR_RIGHT,41.8,51.4,-9.6,bastion_rn
5501,15.28,0.0,35.33,49.38,1.75,13.38,30.19,35.22,17.64,55.26,0.0,22.46,14.99,0.0,0.0,0.0,21.25,12.94,6.49,52.64,FAR_RIGHT,25.2,62.8,-37.6,bastion_rn
5502,17.48,0.0,31.89,50.63,11.16,21.65,13.49,36.55,23.55,27.1,30.25,18.64,13.81,0.0,0.0,0.0,20.29,13.42,6.5,52.94,T1_WIN,26.4,62.7,-36.3,bastion_rn
5601,31.0,42.13,0.0,25.37,4.54,34.05,14.46,17.63,15.62,47.77,24.11,8.61,17.32,0.0,0.0,0.0,35.99,21.51,9.49,28.49,CENTRE,56.3,31.7,24.6,bastion_gauche
5602,26.88,32.14,9.0,30.03,1.22,37.5,11.78,20.93,26.93,0.0,28.03,10.96,19.36,0.0,0.0,0.0,35.91,18.09,7.64,32.94,CENTRE,48.7,38.3,10.4,bascule_probable
5603,22.79,26.57,12.16,36.9,3.69,29.3,17.0,23.43,19.9,52.29,11.45,12.38,16.78,0.0,0.0,0.0,29.41,17.53,7.16,39.64,CENTRE,42.1,45.5,-3.4,rn_resistant
5604,16.03,15.48,0.0,32.65,2.48,20.49,0.0,20.31,17.4,54.0,15.08,11.85,17.89,0.0,0.0,0.0,30.98,17.08,7.03,38.38,OTHER,25.3,35.0,-9.7,bastion_rn
5605,37.5,34.6,0.0,27.9,1.33,22.96,21.41,17.54,24.71,50.44,11.83,8.95,22.41,0.0,0.0,0.0,41.68,17.34,6.79,29.75,LEFT,58.3,33.1,25.2,bastion_gauche
5606,25.6,33.08,5.36,35.96,1.23,36.39,3.65,25.89,21.82,49.26,9.38,10.19,19.18,0.0,0.0,0.0,33.18,15.71,6.57,37.88,CENTRE,46.9,43.0,3.9,bascule_possible
5701,27.77,27.59,0.0,41.63,8.77,24.4,10.87,31.17,26.48,36.5,11.64,18.3,23.17,0.0,0.0,0.0,32.54,13.46,6.41,42.62,CENTRE,44.3,45.8,-1.5,rn_resistant
5702,27.55,30.22,0.0,37.48,13.36,23.88,14.47,25.75,21.37,42.07,18.33,14.59,19.78,0.0,0.0,0.0,30.44,16.7,7.85,40.05,CENTRE,45.7,42.0,3.7,bascule_possible
5703,30.02,34.66,0.0,35.32,6.85,33.28,10.53,23.63,24.08,36.23,21.43,15.81,21.33,0.0,0.0,0.0,33.8,15.99,7.14,37.88,CENTRE,50.8,40.5,10.3,bascule_probable
5704,12.63,8.03,35.75,43.55,0.0,13.44,45.98,26.34,13.43,27.27,29.98,20.31,13.61,0.0,0.0,0.0,18.86,12.49,8.12,54.27,RIGHT,27.5,58.3,-30.8,bastion_rn
5705,13.41,0.0,34.23,49.8,0.0,26.69,24.53,32.59,12.59,37.67,28.72,18.68,13.98,0.0,0.0,0.0,19.8,14.24,6.65,53.07,FAR_RIGHT,23.0,62.8,-39.8,bastion_rn
5706,24.18,0.0,24.92,50.9,5.6,22.13,9.78,39.89,30.61,22.01,21.59,23.79,23.45,0.0,0.0,0.0,24.65,10.69,5.12,54.7,T1_WIN,31.2,60.4,-29.2,bastion_rn
5707,20.27,18.03,8.23,53.33,0.0,22.08,15.95,41.04,25.35,44.78,0.0,23.75,18.74,0.0,0.0,0.0,22.19,11.28,5.32,55.55,T1_WIN,33.4,59.2,-25.8,bastion_rn
5708,31.43,15.72,6.49,46.36,1.71,23.49,3.53,40.64,36.01,30.16,7.71,24.71,26.24,0.0,0.0,0.0,32.08,9.8,3.89,49.01,FAR_RIGHT,42.7,51.2,-8.5,bastion_rn
5709,24.1,35.12,0.0,40.13,5.75,32.56,10.63,26.84,20.99,36.18,26.37,14.95,18.04,0.0,0.0,0.0,28.67,16.92,7.05,41.62,CENTRE,45.2,45.4,-0.2,rn_resistant
5801,23.07,29.4,5.37,42.17,1.74,32.71,5.13,32.11,32.93,44.1,2.33,18.61,19.46,0.0,0.0,0.0,29.48,13.98,5.72,43.93,CENTRE,42.2,48.6,-6.4,bastion_rn
5802,27.94,20.44,5.26,46.35,1.52,26.83,10.84,34.06,35.51,33.81,11.71,17.07,17.58,0.0,0.0,0.0,26.83,13.23,6.02,46.18,FAR_RIGHT,41.7,51.4,-9.7,bastion_rn
5901,56.96,17.52,6.36,18.12,2.32,27.95,0.0,12.98,39.35,46.4,0.0,10.91,42.26,0.0,0.0,0.0,59.88,11.9,4.47,19.95,LEFT,69.3,23.2,46.1,bastion_gauche
5902,48.83,20.77,7.82,21.89,2.63,25.85,7.85,16.86,48.62,22.53,11.93,14.01,37.09,0.0,0.0,0.0,54.53,12.9,4.83,23.53,LEFT,63.5,28.0,35.5,bastion_gauche
5903,47.52,0.0,0.0,52.48,21.66,15.02,11.69,34.95,33.94,37.62,0.01,26.91,21.34,0.0,0.0,0.0,25.17,10.21,4.98,54.09,T1_WIN,47.5,52.5,-5.0,bastion_rn
5904,30.36,31.32,11.35,26.76,2.32,30.15,18.4,18.87,22.05,38.35,25.39,11.94,20.95,0.0,0.0,0.0,37.49,19.21,9.15,29.36,CENTRE,52.3,35.8,16.5,bastion_gauche
5905,25.55,0.0,34.37,40.08,3.06,24.56,17.51,28.62,25.72,29.96,23.64,20.07,18.92,0.0,0.0,0.0,30.74,15.25,6.51,42.24,RIGHT,35.2,53.1,-17.9,bastion_rn
5906,20.54,38.09,6.29,35.07,5.21,33.6,16.25,24.2,20.15,38.03,25.77,14.84,15.82,0.0,0.0,0.0,29.33,19.3,8.47,37.44,CENTRE,45.2,43.2,2.0,bascule_possible
5907,33.51,36.71,0.0,29.78,2.11,48.56,0.0,21.42,23.68,60.26,0.6,14.72,26.32,0.0,0.0,0.0,37.54,16.91,8.75,32.26,CENTRE,55.5,35.3,20.2,bastion_gauche
5908,50.32,16.07,0.0,33.61,2.53,24.57,5.8,24.88,37.92,28.86,7.66,24.07,41.83,0.0,0.0,0.0,47.67,9.79,3.46,34.46,LEFT,60.0,36.0,24.0,bastion_gauche
5909,31.92,34.01,12.21,21.6,2.14,31.92,20.45,15.17,21.42,39.18,29.6,8.68,23.87,0.0,0.0,0.0,38.38,20.46,12.27,24.95,CENTRE,55.7,31.3,24.4,bastion_gauche
5910,25.93,36.03,3.22,34.82,5.59,39.08,4.07,26.6,24.22,26.77,27.17,19.84,25.24,0.0,0.0,0.0,33.09,14.8,6.46,40.83,CENTRE,48.4,41.4,7.0,bascule_possible
5911,40.59,27.94,0.0,31.47,6.81,25.57,9.34,21.47,35.65,30.63,15.89,17.17,27.05,0.0,0.0,0.0,41.44,14.41,6.39,32.75,LEFT,57.4,35.7,21.7,bastion_gauche
5912,22.35,0.0,21.29,56.36,0.0,27.31,10.1,38.72,31.45,23.51,19.77,24.03,16.57,0.0,0.0,0.0,21.77,11.04,5.24,55.99,T1_WIN,28.3,64.5,-36.2,bastion_rn
5913,24.28,0.0,0.0,43.52,2.73,32.56,4.0,33.27,46.08,25.66,0.0,25.72,25.47,0.0,0.0,0.0,31.35,11.01,3.85,47.39,OTHER,24.3,43.5,-19.2,bastion_rn
5914,15.31,0.0,36.74,47.95,4.06,33.75,10.68,33.13,25.14,25.44,26.67,20.3,15.27,0.0,0.0,0.0,21.54,14.42,6.01,49.58,RIGHT,25.6,61.9,-36.3,bastion_rn
5915,19.88,0.0,34.15,45.97,2.15,23.13,23.35,29.98,23.82,38.9,16.22,20.59,15.96,0.0,0.0,0.0,23.35,15.13,6.97,47.53,RIGHT,29.4,58.9,-29.5,bastion_rn
5916,30.63,16.24,0.0,53.12,5.57,15.15,5.31,38.72,41.97,20.24,7.83,29.09,21.18,0.0,0.0,0.0,27.41,8.48,3.38,55.46,T1_WIN,40.4,55.6,-15.2,bastion_rn
5917,31.49,12.61,7.97,47.92,4.75,29.47,0.69,37.82,40.47,23.13,11.42,24.38,22.15,0.0,0.0,0.0,27.65,11.12,4.68,51.5,FAR_RIGHT,41.3,52.8,-11.5,bastion_rn
5918,14.57,0.0,32.92,52.51,2.53,34.17,13.33,33.15,16.88,56.85,0.01,25.79,14.88,0.0,0.0,0.0,17.83,11.93,6.28,58.22,T1_WIN,23.8,65.0,-41.2,bastion_rn
5919,24.17,15.08,0.0,58.32,2.92,22.63,0.0,46.79,40.15,18.08,6.94,33.21,19.95,0.0,0.0,0.0,26.48,7.62,3.21,57.9,T1_WIN,33.2,60.6,-27.4,bastion_rn
5920,32.62,17.08,0.0,50.3,12.94,14.69,1.66,35.81,45.46,25.8,4.04,22.65,17.87,0.0,0.0,0.0,29.79,9.12,3.5,52.4,T1_WIN,42.9,52.9,-10.0,bastion_rn
5921,24.56,29.19,1.45,44.8,3.15,0.0,38.72,33.08,29.88,33.41,12.24,21.9,20.72,0.0,0.0,0.0,28.62,12.79,5.34,48.2,CENTRE,42.5,49.7,-7.2,bastion_rn
6001,19.7,8.99,24.48,46.83,3.84,12.84,32.46,31.06,16.49,24.13,38.51,19.46,17.36,0.0,0.0,0.0,22.02,11.83,6.4,53.91,FAR_RIGHT,31.9,57.5,-25.6,bastion_rn
6002,23.38,0.0,21.3,55.32,5.59,31.84,6.49,39.27,16.75,31.04,22.2,28.22,16.41,0.0,0.0,0.0,20.97,12.01,6.23,55.07,T1_WIN,29.3,63.4,-34.1,bastion_rn
6003,32.45,23.19,0.0,43.1,5.34,21.41,10.63,35.16,33.27,28.39,11.82,23.85,29.19,0.0,0.0,0.0,33.39,9.72,4.47,46.95,FAR_RIGHT,46.4,46.6,-0.2,rn_resistant
6004,18.42,33.35,6.32,41.91,2.7,32.79,13.65,31.64,15.58,34.82,28.67,20.17,16.59,0.0,0.0,0.0,25.38,15.47,9.27,44.71,CENTRE,40.2,49.3,-9.1,bastion_rn
6005,23.09,15.19,17.7,44.02,3.01,20.05,23.19,30.81,19.26,29.99,29.42,20.61,20.31,0.0,0.0,0.0,26.55,12.83,6.55,48.42,FAR_RIGHT,37.2,53.0,-15.8,bastion_rn
6006,21.78,22.93,5.66,49.63,4.14,21.84,19.82,34.8,29.88,30.04,15.9,23.08,17.79,0.0,0.0,0.0,23.52,13.43,7.38,50.08,FAR_RIGHT,37.1,55.2,-18.1,bastion_rn
6007,28.44,8.19,21.52,41.85,2.04,13.88,26.32,29.63,21.23,25.7,29.45,22.94,24.4,0.0,0.0,0.0,29.92,10.21,5.31,49.23,FAR_RIGHT,39.4,51.3,-11.9,bastion_rn
6101,28.39,33.57,0.59,37.45,1.89,23.17,19.06,26.05,45.69,0.0,38.55,14.2,16.43,0.0,0.0,0.0,27.91,18.0,8.46,39.6,LEFT,48.7,42.7,6.0,bascule_possible
6102,17.85,7.0,32.95,42.1,3.49,13.87,32.72,30.09,19.11,30.99,30.91,18.44,14.7,0.0,0.0,0.0,23.05,14.94,9.18,45.86,RIGHT,31.3,55.7,-24.4,bastion_rn
6103,22.88,0.0,43.67,33.44,0.0,20.97,37.38,21.44,16.37,34.64,33.47,14.35,16.89,0.0,0.0,0.0,25.74,15.76,10.04,42.11,RIGHT,35.1,50.0,-14.9,bastion_rn
6201,19.92,13.41,12.59,54.08,5.72,24.32,14.17,39.32,29.76,27.66,16.41,25.02,12.83,0.0,0.0,0.0,17.18,12.26,6.56,54.53,T1_WIN,31.5,60.9,-29.4,bastion_rn
6202,22.39,35.47,3.66,38.48,9.15,28.47,9.32,29.18,26.77,52.55,0.0,19.8,18.78,0.0,0.0,0.0,29.17,16.21,6.66,41.47,CENTRE,44.7,45.2,-0.5,rn_resistant
6203,33.96,12.5,0.0,53.54,4.54,12.87,2.37,40.78,43.06,16.99,4.74,31.69,20.95,0.0,0.0,0.0,28.57,7.45,2.45,56.24,T1_WIN,41.5,55.4,-13.9,bastion_rn
6204,15.47,32.22,9.21,43.09,2.04,29.71,19.81,27.85,15.92,35.18,33.88,14.55,12.61,0.0,0.0,0.0,18.44,18.06,8.99,45.06,CENTRE,37.4,51.4,-14.0,bastion_rn
6205,31.3,20.88,4.67,43.15,21.91,24.93,3.67,29.8,33.76,31.6,12.16,21.13,17.64,0.0,0.0,0.0,25.92,15.15,5.88,46.84,FAR_RIGHT,45.1,48.1,-3.0,rn_resistant
6206,15.21,26.56,7.0,50.7,4.49,32.1,11.31,34.71,16.53,41.94,15.95,25.0,14.61,0.0,0.0,0.0,19.26,12.86,6.1,51.65,T1_WIN,33.1,57.3,-24.2,bastion_rn
6207,17.52,0.0,33.75,48.73,2.5,15.65,27.81,32.67,31.66,20.32,21.67,25.64,17.78,0.0,0.0,0.0,21.18,11.2,6.3,53.78,FAR_RIGHT,27.0,61.6,-34.6,bastion_rn
6208,34.02,16.8,0.0,47.5,24.35,26.41,1.14,31.07,41.79,34.82,1.26,21.54,16.36,0.0,0.0,0.0,22.4,13.41,5.39,50.58,FAR_RIGHT,44.1,50.0,-5.9,bastion_rn
6209,18.08,33.07,0.0,48.85,11.51,32.51,1.82,35.25,34.88,28.08,12.65,23.39,14.98,0.0,0.0,0.0,22.57,14.07,6.27,50.47,FAR_RIGHT,37.9,53.8,-15.9,bastion_rn
6210,20.38,8.52,10.5,60.61,8.01,18.18,3.27,51.2,40.65,20.52,6.89,31.3,15.34,0.0,0.0,0.0,19.55,9.25,3.3,62.08,T1_WIN,28.4,65.9,-37.5,bastion_rn
6211,28.18,7.58,4.75,59.48,3.16,15.84,0.0,53.96,31.69,16.43,4.18,46.82,21.34,0.0,0.0,0.0,26.49,7.26,2.72,58.57,T1_WIN,34.1,62.4,-28.3,bastion_rn
6212,23.0,17.76,0.0,59.24,4.47,14.92,1.93,45.85,36.71,20.84,5.23,36.77,16.58,0.0,0.0,0.0,22.49,8.25,3.45,60.13,T1_WIN,33.7,61.9,-28.2,bastion_rn
6301,39.48,24.08,8.95,27.5,6.96,27.33,11.28,17.89,37.48,40.56,9.9,10.39,27.57,0.0,0.0,0.0,42.81,14.11,7.14,31.23,LEFT,56.4,34.5,21.9,bastion_gauche
6302,37.71,12.81,14.13,35.35,1.41,18.81,16.69,19.86,44.82,29.87,12.68,12.04,19.33,0.0,0.0,0.0,32.72,13.02,8.17,38.53,LEFT,49.4,42.6,6.8,bascule_possible
6303,32.99,26.03,14.16,26.82,8.48,28.33,15.71,16.48,26.2,59.65,5.85,7.8,20.88,0.0,0.0,0.0,38.75,16.61,9.77,28.64,LEFT,52.6,36.1,16.5,bastion_gauche
6304,28.24,27.38,11.94,32.43,1.52,29.87,16.15,20.25,34.67,39.62,15.34,9.84,21.58,0.0,0.0,0.0,36.32,14.51,7.33,35.61,CENTRE,48.0,41.1,6.9,bascule_possible
6305,38.87,15.54,8.57,37.02,1.52,17.52,9.21,21.6,47.96,30.2,9.68,11.55,19.46,0.0,0.0,0.0,32.6,12.1,6.81,41.41,LEFT,50.6,42.6,8.0,bascule_probable
6401,36.3,26.82,8.92,27.96,3.76,31.57,7.61,19.17,32.3,39.87,14.88,10.09,21.13,0.0,0.0,0.0,38.59,16.44,6.58,30.9,CENTRE,54.9,35.4,19.5,bastion_gauche
6402,29.83,29.6,7.65,31.14,5.14,34.2,0.0,23.1,31.7,41.64,16.45,9.23,18.61,0.0,0.0,0.0,34.2,16.5,6.28,33.53,CENTRE,49.7,38.5,11.2,bascule_probable
6403,57.52,0.0,10.14,31.55,39.78,0.0,16.45,20.08,43.47,38.54,7.06,8.8,19.7,0.0,0.0,0.0,32.76,13.84,5.04,35.18,LEFT,60.4,35.4,25.0,bastion_gauche
6404,38.83,0.0,33.6,25.62,2.55,26.65,0.0,15.15,26.74,30.83,27.37,4.9,18.53,0.0,0.0,0.0,34.03,12.93,5.32,29.37,LEFT,48.2,38.4,9.8,bascule_probable
6405,35.21,26.63,5.99,28.5,6.27,33.98,0.0,20.68,30.79,40.6,12.16,8.2,20.52,0.0,0.0,0.0,38.25,16.24,6.44,30.73,LEFT,52.9,34.8,18.1,bastion_gauche
6406,30.57,27.26,11.61,25.29,2.76,34.37,10.83,14.04,22.18,40.66,15.75,6.41,18.05,0.0,0.0,0.0,35.68,17.78,8.21,29.01,LEFT,50.2,33.8,16.4,bastion_gauche
6501,30.43,0.0,5.12,35.19,22.81,23.59,4.98,19.42,39.02,43.15,3.04,12.08,21.57,0.0,0.0,0.0,35.3,13.5,4.31,36.27,LEFT,31.9,37.1,-5.2,bastion_rn
6502,29.23,24.91,5.24,38.17,17.59,23.75,6.05,23.37,39.47,32.16,14.16,12.64,18.62,0.0,0.0,0.0,30.86,14.06,5.43,39.41,LEFT,45.6,43.9,1.7,bascule_possible
6601,26.26,21.01,4.37,46.7,1.42,24.54,7.45,38.4,22.57,31.75,19.36,21.48,22.01,0.0,0.0,0.0,30.66,11.04,4.75,48.66,FAR_RIGHT,40.1,51.5,-11.4,bastion_rn
6602,20.84,20.45,0.0,56.79,1.3,20.49,8.83,44.98,20.7,29.11,13.3,31.87,17.12,0.0,0.0,0.0,22.52,10.33,4.64,56.82,T1_WIN,33.1,59.9,-26.8,bastion_rn
6603,29.13,20.42,0.0,47.25,0.0,24.36,5.8,33.94,34.93,22.7,13.17,20.32,22.04,0.0,0.0,0.0,31.89,10.37,4.39,46.22,FAR_RIGHT,41.4,50.3,-8.9,bastion_rn
6604,26.78,16.54,4.6,49.28,11.07,21.81,4.84,37.15,29.01,29.0,15.73,20.93,18.77,0.0,0.0,0.0,28.09,11.24,4.36,49.81,FAR_RIGHT,38.0,53.5,-15.5,bastion_rn
6701,52.0,24.26,6.43,15.04,12.84,28.88,4.7,10.08,36.93,35.31,12.91,6.34,37.18,0.0,0.0,0.0,53.85,14.88,9.36,17.41,LEFT,68.4,21.1,47.3,bastion_gauche
6702,47.85,22.56,6.7,21.22,7.78,30.31,6.38,14.12,31.9,41.48,10.93,9.07,32.8,0.0,0.0,0.0,50.47,15.04,5.92,23.28,LEFT,63.3,27.2,36.1,bastion_gauche
6703,41.12,28.99,3.85,24.02,5.89,34.75,5.49,17.18,25.42,39.5,16.6,9.85,29.7,0.0,0.0,0.0,43.95,16.17,7.54,27.13,LEFT,59.6,29.8,29.8,bastion_gauche
6704,21.43,32.36,9.26,34.06,4.06,31.38,14.75,21.82,14.98,41.52,23.75,12.12,16.89,0.0,0.0,0.0,29.49,19.05,9.48,36.83,CENTRE,43.4,42.4,1.0,rn_resistant
6705,18.68,32.31,4.96,40.28,4.53,42.17,2.16,24.17,24.77,0.0,37.59,18.08,14.71,0.0,0.0,0.0,25.33,16.76,7.63,44.03,CENTRE,39.5,47.0,-7.5,bastion_rn
6706,15.9,27.76,13.31,40.21,4.12,25.35,20.41,27.25,11.93,29.48,36.21,15.0,14.63,0.0,0.0,0.0,24.75,16.59,8.05,44.29,CENTRE,36.3,49.4,-13.1,bastion_rn
6707,13.17,8.51,32.31,42.74,3.34,13.56,35.01,24.31,12.57,26.7,33.77,16.94,12.74,0.0,0.0,0.0,21.57,14.97,9.57,47.54,RIGHT,27.3,56.3,-29.0,bastion_rn
6708,10.87,23.51,19.38,46.24,3.32,24.59,21.99,30.86,9.05,32.98,30.2,19.49,10.74,0.0,0.0,0.0,18.46,16.75,9.14,49.82,FAR_RIGHT,30.4,57.1,-26.7,bastion_rn
6709,16.2,29.24,8.85,41.56,0.0,49.64,0.0,27.1,11.23,40.29,23.25,15.59,13.55,0.0,0.0,0.0,22.2,17.79,9.42,44.96,CENTRE,36.2,49.3,-13.1,bastion_rn
6801,18.44,30.4,13.32,35.79,4.28,34.58,20.57,23.1,12.14,26.24,40.63,12.56,17.65,0.0,0.0,0.0,27.35,15.88,8.04,42.42,CENTRE,40.4,45.4,-5.0,bastion_rn
6802,15.86,32.46,8.22,38.07,5.27,28.51,20.69,23.32,13.92,35.92,26.67,13.99,15.33,0.0,0.0,0.0,26.6,17.17,7.91,41.41,CENTRE,37.6,46.1,-8.5,bastion_rn
6803,17.3,24.93,13.41,41.06,6.63,24.72,17.93,25.33,11.2,31.84,32.03,12.85,14.01,0.0,0.0,0.0,22.74,16.44,8.13,45.9,CENTRE,36.0,49.9,-13.9,bastion_rn
6804,18.82,0.0,31.39,46.21,6.3,19.35,22.25,31.28,15.53,37.69,17.25,16.67,15.39,0.0,0.0,0.0,24.36,13.0,6.91,49.6,RIGHT,27.6,58.1,-30.5,bastion_rn
6805,29.23,37.23,0.0,30.7,6.79,40.31,5.41,22.05,15.65,32.94,30.46,14.01,23.76,0.0,0.0,0.0,35.08,16.36,7.45,35.44,CENTRE,51.6,36.3,15.3,bastion_gauche
6806,24.32,30.19,0.15,42.1,5.53,36.86,0.53,31.47,15.88,48.93,8.39,18.91,22.03,0.0,0.0,0.0,29.74,13.49,6.15,44.81,CENTRE,42.5,46.7,-4.2,rn_resistant
6901,45.56,29.53,5.81,18.89,3.76,32.96,9.93,13.26,25.83,47.5,13.45,8.48,31.9,0.0,0.0,0.0,50.35,15.65,8.29,21.62,LEFT,64.9,25.5,39.4,bastion_gauche
6902,50.4,25.12,7.74,15.09,7.93,28.72,9.32,11.04,36.05,47.52,9.54,5.0,34.36,0.0,0.0,0.0,55.58,14.94,9.13,16.84,LEFT,67.6,21.8,45.8,bastion_gauche
6903,53.54,22.4,8.29,15.65,6.47,28.51,8.3,11.77,29.61,44.78,13.87,7.27,35.75,0.0,0.0,0.0,56.93,14.19,7.63,17.58,T1_WIN,69.3,22.2,47.1,bastion_gauche
6904,39.38,31.02,10.37,18.99,2.12,34.1,16.49,13.78,20.24,45.79,24.17,6.54,24.35,0.0,0.0,0.0,44.36,18.09,12.14,21.87,LEFT,60.9,27.6,33.3,bastion_gauche
6905,27.11,32.04,13.95,26.89,2.97,36.12,17.43,18.41,15.89,45.8,26.88,8.91,17.58,0.0,0.0,0.0,33.47,19.71,12.77,30.17,CENTRE,50.2,37.0,13.2,bascule_probable
6906,68.44,0.0,12.35,18.99,9.59,29.96,0.0,15.23,38.96,36.69,12.24,10.17,38.3,0.0,0.0,0.0,56.6,10.77,5.87,22.22,LEFT,71.9,23.7,48.2,bastion_gauche
6907,47.21,27.05,3.52,22.22,7.61,18.0,23.97,15.18,30.0,32.08,22.05,12.53,38.03,0.0,0.0,0.0,48.51,12.03,6.55,27.72,LEFT,64.4,27.6,36.8,bastion_gauche
6908,23.56,21.18,20.66,34.59,6.4,28.85,21.97,22.94,16.8,37.03,33.19,10.91,17.02,0.0,0.0,0.0,28.33,16.78,11.34,38.31,FAR_RIGHT,42.1,45.6,-3.5,rn_resistant
6909,23.92,14.38,25.4,35.41,2.88,22.06,27.64,24.63,16.46,36.02,29.81,16.75,17.85,0.0,0.0,0.0,28.69,15.56,9.06,41.78,RIGHT,39.7,47.2,-7.5,bastion_rn
6910,24.39,32.54,10.84,32.22,4.06,36.1,17.23,19.18,18.5,46.66,20.38,13.24,16.48,0.0,0.0,0.0,30.95,18.48,10.66,35.17,CENTRE,46.9,41.2,5.7,bascule_possible
6911,26.53,26.93,9.73,36.81,4.79,30.55,15.32,26.01,22.05,39.2,21.32,16.23,20.3,0.0,0.0,0.0,31.24,14.76,7.92,41.08,CENTRE,45.4,44.5,0.9,rn_resistant
6912,31.02,28.88,13.9,26.2,6.36,30.7,22.08,16.77,22.75,41.92,24.4,9.98,20.94,0.0,0.0,0.0,36.43,17.96,12.03,29.25,CENTRE,52.2,35.8,16.4,bastion_gauche
6913,28.38,24.21,10.07,37.34,4.05,28.44,15.5,28.36,19.49,33.99,28.5,15.78,21.64,0.0,0.0,0.0,32.89,13.89,7.6,41.25,FAR_RIGHT,45.7,44.8,0.9,rn_resistant
6914,50.6,15.62,4.6,29.18,3.78,27.13,0.0,28.79,34.24,43.04,0.0,19.78,40.76,0.0,0.0,0.0,49.4,9.15,4.21,31.93,LEFT,61.3,33.3,28.0,bastion_gauche
7001,18.53,29.99,0.0,49.99,1.46,22.43,19.76,35.64,19.09,28.58,29.82,20.97,16.17,0.0,0.0,0.0,23.42,12.37,7.05,50.68,FAR_RIGHT,36.5,54.5,-18.0,bastion_rn
7002,24.22,13.81,10.91,51.07,1.51,35.51,2.51,37.63,19.22,32.34,15.36,21.96,16.88,0.0,0.0,0.0,23.16,10.69,6.17,53.59,T1_WIN,35.6,57.3,-21.7,bastion_rn
7101,28.44,30.6,4.66,36.3,0.0,36.07,8.96,26.25,22.86,37.87,26.18,12.05,19.58,0.0,0.0,0.0,32.71,16.47,7.53,37.66,CENTRE,48.1,42.7,5.4,bascule_possible
7102,18.8,9.77,33.58,37.85,0.0,16.24,36.81,23.85,24.0,31.35,29.19,14.33,16.21,0.0,0.0,0.0,23.85,15.02,9.26,44.73,RIGHT,34.1,52.1,-18.0,bastion_rn
7103,20.49,25.1,9.93,44.12,3.81,31.74,10.46,31.18,30.72,33.02,19.19,16.47,17.04,0.0,0.0,0.0,26.25,14.38,6.87,45.87,FAR_RIGHT,38.3,51.7,-13.4,bastion_rn
7104,32.0,0.0,22.33,45.67,0.0,20.4,12.8,30.75,31.06,24.14,26.18,18.06,17.06,0.0,0.0,0.0,24.37,12.34,6.85,48.94,FAR_RIGHT,38.3,54.2,-15.9,bastion_rn
7105,24.86,20.74,19.28,35.12,6.86,23.71,21.08,22.81,34.06,30.09,19.66,14.54,20.77,0.0,0.0,0.0,30.72,14.16,6.78,42.88,FAR_RIGHT,42.7,45.6,-2.9,rn_resistant
7201,26.46,30.84,9.1,33.6,9.95,25.99,17.44,22.62,29.48,31.06,24.99,11.65,19.11,0.0,0.0,0.0,33.31,16.38,8.79,36.77,CENTRE,47.5,41.7,5.8,bascule_possible
7202,41.45,23.09,0.0,35.29,9.22,18.79,8.61,25.17,42.48,41.76,0.0,15.04,22.44,0.0,0.0,0.0,35.06,13.67,6.21,40.26,LEFT,55.3,38.8,16.5,bastion_gauche
7203,20.17,29.17,5.07,45.58,6.11,26.05,11.48,32.97,26.2,32.1,22.2,16.98,17.16,0.0,0.0,0.0,26.47,13.92,6.62,47.49,CENTRE,39.1,51.9,-12.8,bastion_rn
7204,27.08,25.88,7.37,39.26,16.67,19.09,11.83,25.98,50.51,0.0,28.05,14.66,18.84,0.0,0.0,0.0,31.59,14.55,7.26,41.94,LEFT,44.7,45.9,-1.2,rn_resistant
7205,28.25,31.28,0.0,40.47,11.31,33.73,4.12,29.19,22.54,31.68,27.24,15.02,17.64,0.0,0.0,0.0,29.32,15.85,8.35,41.33,CENTRE,47.0,45.2,1.8,bascule_possible
7301,27.06,35.24,0.0,37.7,3.33,27.4,17.62,25.01,19.0,33.75,29.51,11.12,18.48,0.0,0.0,0.0,31.62,15.96,8.41,38.89,CENTRE,48.2,43.0,5.2,bascule_possible
7302,23.66,0.0,36.84,37.04,4.34,15.72,31.25,24.07,22.73,0.0,32.87,14.12,19.01,0.0,0.0,0.0,29.94,13.5,9.13,41.7,RIGHT,34.0,51.0,-17.0,bastion_rn
7303,23.17,0.0,40.86,35.98,4.14,15.78,33.1,23.32,19.04,31.8,20.73,16.56,19.05,0.0,0.0,0.0,31.62,12.69,8.44,41.97,RIGHT,34.6,51.5,-16.9,bastion_rn
7304,37.75,27.88,0.0,32.2,0.0,26.21,10.16,23.3,42.86,35.23,8.79,10.02,26.69,0.0,0.0,0.0,43.98,13.7,6.79,30.81,LEFT,54.5,36.4,18.1,bastion_gauche
7401,23.68,35.64,8.28,32.28,1.82,36.35,13.07,21.65,17.8,47.96,18.84,11.87,16.82,0.0,0.0,0.0,32.98,18.58,9.08,34.22,CENTRE,47.4,40.8,6.6,bascule_possible
7402,27.65,33.27,7.55,30.02,6.65,29.03,19.12,19.12,19.45,40.72,27.57,8.79,19.43,0.0,0.0,0.0,35.17,17.58,8.89,32.83,CENTRE,49.7,37.9,11.8,bascule_probable
7403,25.09,0.0,32.37,39.68,1.46,22.9,23.01,22.2,17.05,37.27,30.57,11.91,18.74,0.0,0.0,0.0,31.26,14.14,7.35,41.45,RIGHT,34.2,52.0,-17.8,bastion_rn
7404,28.03,4.04,37.25,28.85,4.54,20.86,31.24,17.97,16.89,36.58,32.62,11.01,21.89,0.0,0.0,0.0,34.23,16.02,7.84,35.87,RIGHT,40.9,43.6,-2.7,rn_resistant
7405,24.23,31.08,7.06,33.52,5.66,28.06,18.22,22.51,17.42,36.22,26.93,9.79,17.9,0.0,0.0,0.0,30.99,16.81,7.78,38.27,CENTRE,44.9,40.9,4.0,bascule_possible
7406,23.33,34.68,5.78,36.21,9.89,36.5,6.57,25.24,13.32,34.36,26.49,10.42,18.09,0.0,0.0,0.0,30.05,16.14,8.09,39.77,CENTRE,45.8,43.6,2.2,bascule_possible
7501,32.46,45.65,10.12,11.62,1.22,46.71,13.73,9.27,20.58,50.8,22.92,2.64,23.31,0.0,0.0,0.0,44.19,23.91,13.63,15.73,CENTRE,62.7,22.3,40.4,bastion_gauche
7502,34.71,44.0,8.9,12.38,1.56,35.66,18.23,9.45,18.85,41.81,33.56,2.79,19.32,0.0,0.0,0.0,42.74,23.89,14.65,15.97,CENTRE,63.6,22.4,41.2,bastion_gauche
7503,47.86,34.4,7.93,9.81,6.29,32.51,13.16,7.79,31.59,60.59,1.28,4.17,30.43,0.0,0.0,0.0,55.5,18.88,9.31,13.25,LEFT,70.7,18.0,52.7,bastion_gauche
7504,18.26,37.19,26.55,17.7,3.26,41.51,29.15,12.17,9.02,46.0,39.55,3.64,11.85,0.0,0.0,0.0,25.12,24.22,23.14,25.18,CENTRE,48.0,33.4,14.6,bascule_probable
7505,56.64,31.25,4.15,7.96,4.42,34.3,4.78,6.23,40.3,43.63,8.66,2.81,35.15,0.0,0.0,0.0,65.23,16.16,6.05,10.04,T1_WIN,76.6,14.2,62.4,bastion_gauche
7506,61.86,25.1,3.93,8.35,7.97,25.62,3.93,6.28,46.03,44.85,1.01,2.88,43.78,0.0,0.0,0.0,70.48,11.61,5.01,9.94,T1_WIN,78.0,13.6,64.4,bastion_gauche
7507,52.21,33.86,4.94,8.98,9.53,35.88,5.06,7.01,37.51,42.98,12.71,3.15,31.52,0.0,0.0,0.0,61.52,17.09,7.36,11.39,T1_WIN,73.9,15.9,58.0,bastion_gauche
7508,51.53,30.42,5.27,12.75,6.79,28.72,11.3,9.89,37.16,39.59,16.17,4.66,32.93,0.0,0.0,0.0,57.1,15.75,8.02,15.5,T1_WIN,71.3,19.3,52.0,bastion_gauche
7509,54.56,24.5,8.12,12.82,8.36,26.77,9.09,10.42,43.09,37.18,10.02,5.81,36.79,0.0,0.0,0.0,60.45,14.29,6.17,15.16,T1_WIN,71.5,19.6,51.9,bastion_gauche
7510,53.96,26.17,5.96,12.66,5.16,34.57,5.88,9.77,34.92,42.46,12.94,5.54,35.31,0.0,0.0,0.0,59.98,14.97,6.62,14.72,T1_WIN,71.3,18.9,52.4,bastion_gauche
7511,45.39,36.02,7.02,11.52,1.76,37.3,12.2,8.71,32.44,41.28,17.98,3.17,25.68,0.0,0.0,0.0,51.95,20.55,10.71,13.71,LEFT,69.0,19.6,49.4,bastion_gauche
7512,30.78,40.15,12.97,16.1,1.44,44.9,17.56,12.98,15.75,46.98,30.69,4.11,17.51,0.0,0.0,0.0,39.27,23.07,16.65,18.29,CENTRE,58.5,27.1,31.4,bastion_gauche
7513,38.96,38.85,6.12,15.64,2.9,38.94,14.02,13.11,20.48,43.58,29.67,4.24,22.85,0.0,0.0,0.0,44.97,20.42,12.67,18.37,CENTRE,64.0,23.8,40.2,bastion_gauche
7514,14.15,48.46,17.7,19.7,1.3,39.72,33.28,13.89,6.9,44.2,43.08,3.97,9.59,0.0,0.0,0.0,22.54,24.85,25.25,25.14,CENTRE,48.2,33.7,14.5,bascule_probable
7515,65.47,20.89,3.57,10.02,19.39,18.32,6.02,7.14,63.7,0.0,26.07,5.78,46.12,0.0,0.0,0.0,69.39,10.59,4.76,12.08,LEFT,79.0,14.5,64.5,bastion_gauche
7516,65.19,20.12,4.41,10.28,7.37,21.23,5.84,6.91,47.23,38.73,7.52,4.93,46.59,0.0,0.0,0.0,68.0,9.97,5.71,13.04,T1_WIN,78.5,15.0,63.5,bastion_gauche
7517,66.62,19.43,3.96,9.99,7.47,19.91,4.58,8.18,52.65,30.99,7.03,4.75,51.5,0.0,0.0,0.0,71.52,8.7,4.34,12.4,T1_WIN,79.4,14.4,65.0,bastion_gauche
7518,53.78,33.92,4.18,7.98,3.97,35.57,5.8,6.56,56.53,0.0,32.42,4.4,36.27,0.0,0.0,0.0,65.39,15.27,5.99,10.45,T1_WIN,75.3,14.7,60.6,bastion_gauche
7601,46.29,27.89,5.78,20.03,14.06,28.2,8.63,13.36,37.82,34.64,16.01,9.28,29.72,0.0,0.0,0.0,49.14,16.3,8.03,22.49,LEFT,64.6,26.4,38.2,bastion_gauche
7602,25.74,27.73,10.85,35.69,3.97,32.97,13.13,24.87,23.61,40.01,18.89,15.31,17.35,0.0,0.0,0.0,30.52,17.81,8.65,37.95,CENTRE,45.4,44.0,1.4,bascule_possible
7603,50.27,13.78,6.39,29.56,13.06,16.41,3.64,20.87,49.32,27.16,5.51,16.57,34.75,0.0,0.0,0.0,49.61,9.79,3.31,32.49,LEFT,60.3,34.1,26.2,bastion_gauche
7604,34.82,24.71,0.0,40.47,23.47,17.99,0.01,30.11,45.07,25.93,7.36,20.05,26.87,0.0,0.0,0.0,36.09,10.65,3.84,43.94,LEFT,49.6,44.2,5.4,bascule_possible
7605,34.87,22.35,0.0,42.78,2.39,25.81,4.94,31.26,58.96,0.0,21.12,18.82,19.58,0.0,0.0,0.0,28.84,13.26,5.84,46.07,LEFT,48.3,46.1,2.2,bascule_possible
7606,35.7,0.0,17.99,46.31,3.81,20.92,6.15,30.63,34.31,42.0,0.0,22.78,16.34,0.0,0.0,0.0,23.26,13.28,6.56,50.39,FAR_RIGHT,40.7,53.1,-12.4,bastion_rn
7607,31.97,34.83,2.63,30.56,7.31,39.13,4.16,21.91,47.99,0.0,35.14,13.32,23.12,0.0,0.0,0.0,35.91,18.58,6.67,33.99,CENTRE,53.6,36.8,16.8,bastion_gauche
7608,44.15,21.24,3.29,31.32,2.2,24.4,0.0,23.37,47.97,22.5,13.48,14.48,32.42,0.0,0.0,0.0,41.14,11.55,3.74,38.5,LEFT,57.8,35.8,22.0,bastion_gauche
7609,20.26,32.69,0.0,47.05,5.55,34.15,5.1,33.31,36.33,43.51,0.0,19.53,17.5,0.0,0.0,0.0,25.19,14.04,6.06,47.76,CENTRE,39.9,52.0,-12.1,bastion_rn
7610,18.79,25.55,8.01,47.65,2.2,30.58,7.14,34.49,24.97,34.22,16.56,21.89,15.04,0.0,0.0,0.0,23.09,13.92,7.51,49.1,FAR_RIGHT,36.4,54.5,-18.1,bastion_rn
7701,35.52,29.04,0.68,34.76,5.87,27.24,11.45,25.53,22.08,37.39,22.01,16.96,27.14,0.0,0.0,0.0,37.31,13.65,7.09,37.04,LEFT,53.1,39.4,13.7,bascule_probable
7702,29.07,33.73,0.0,36.91,6.4,27.76,14.54,26.37,18.17,35.11,28.45,17.31,20.9,0.0,0.0,0.0,32.4,14.35,8.62,38.76,CENTRE,49.3,42.0,7.3,bascule_probable
7703,30.19,0.0,31.68,38.13,5.48,15.03,23.89,28.57,33.33,40.15,1.26,23.7,25.19,0.0,0.0,0.0,33.29,11.07,5.89,43.63,RIGHT,39.1,50.2,-11.1,bastion_rn
7704,22.77,0.0,28.01,49.22,2.32,16.77,21.92,36.8,18.92,26.05,32.42,22.07,18.71,0.0,0.0,0.0,22.95,10.05,8.25,52.76,FAR_RIGHT,30.6,59.9,-29.3,bastion_rn
7705,26.3,31.43,0.0,41.77,7.12,29.27,8.14,31.41,36.04,0.0,39.94,23.18,21.32,0.0,0.0,0.0,28.73,13.01,6.69,45.57,CENTRE,45.2,46.5,-1.3,rn_resistant
7706,32.49,0.0,26.7,40.81,5.73,17.82,14.74,33.81,23.16,30.33,23.9,21.18,27.26,0.0,0.0,0.0,33.3,9.82,6.3,45.23,FAR_RIGHT,40.0,51.0,-11.0,bastion_rn
7707,33.89,28.02,0.0,38.09,2.82,24.02,9.82,30.93,26.48,31.82,19.73,19.44,28.39,0.0,0.0,0.0,37.49,11.36,5.76,40.48,LEFT,50.7,42.3,8.4,bascule_probable
7708,37.61,33.03,0.0,29.36,4.42,30.61,8.18,23.13,29.89,42.09,14.5,12.52,27.77,0.0,0.0,0.0,39.93,15.42,6.79,32.53,LEFT,57.4,34.3,23.1,bastion_gauche
7709,30.41,21.57,6.88,36.61,4.8,24.94,11.66,27.9,25.92,35.99,19.57,16.96,24.4,0.0,0.0,0.0,34.05,13.11,6.6,40.74,LEFT,45.3,42.5,2.8,bascule_possible
7710,45.28,19.77,11.15,23.8,4.02,25.51,11.5,18.12,33.05,50.89,2.47,12.67,35.89,0.0,0.0,0.0,48.73,12.95,6.05,27.53,LEFT,60.3,31.0,29.3,bastion_gauche
7711,55.56,14.31,29.38,0.33,2.12,26.83,0.0,22.83,44.49,30.39,8.34,15.71,36.55,0.0,0.0,0.0,45.65,11.16,4.85,32.96,T1_WIN,72.4,13.6,58.8,bastion_gauche
7801,29.17,33.55,16.22,20.81,1.7,33.08,18.51,21.08,18.81,42.15,31.57,6.44,21.29,0.0,0.0,0.0,36.47,18.0,18.15,23.67,CENTRE,53.8,32.0,21.8,bastion_gauche
7802,27.04,35.01,14.51,23.19,6.37,37.43,14.57,17.95,17.94,43.84,26.06,7.05,18.08,0.0,0.0,0.0,36.52,20.57,13.26,25.35,CENTRE,52.1,34.0,18.1,bastion_gauche
7803,24.11,34.49,16.96,24.45,6.11,54.46,0.37,20.78,14.12,47.06,30.85,6.96,15.5,0.0,0.0,0.0,29.21,22.18,16.42,28.46,CENTRE,49.6,36.1,13.5,bascule_probable
7804,28.05,41.24,9.28,21.43,2.56,42.34,13.2,15.18,17.75,47.92,26.49,6.29,19.3,0.0,0.0,0.0,38.3,22.06,12.69,23.25,CENTRE,55.4,31.1,24.3,bastion_gauche
7805,28.32,45.36,22.9,3.42,3.18,36.59,21.31,14.62,19.26,47.15,27.34,5.33,21.87,0.0,0.0,0.0,37.89,21.18,12.72,24.08,CENTRE,61.9,18.9,43.0,bastion_gauche
7806,30.83,38.33,7.8,22.9,2.34,37.78,17.73,16.32,14.86,47.91,28.36,7.08,21.79,0.0,0.0,0.0,37.05,21.63,12.51,24.95,CENTRE,56.0,31.6,24.4,bastion_gauche
7807,36.29,29.32,7.64,26.74,6.05,29.55,14.84,19.32,23.2,60.15,2.66,11.37,25.23,0.0,0.0,0.0,40.68,16.7,8.37,29.75,LEFT,56.0,34.0,22.0,bastion_gauche
7808,46.07,19.86,0.0,30.99,1.71,24.35,7.85,27.17,29.5,24.87,22.13,17.75,38.43,0.0,0.0,0.0,44.93,10.12,4.91,35.47,LEFT,58.0,34.0,24.0,bastion_gauche
7809,33.45,21.35,8.9,35.77,5.07,26.34,13.94,27.9,20.41,37.76,22.72,17.53,26.04,0.0,0.0,0.0,33.84,14.04,7.58,38.87,LEFT,48.8,42.4,6.4,bascule_possible
7810,28.14,33.59,8.71,29.57,6.3,33.43,17.13,20.01,21.91,46.63,20.35,9.54,19.45,0.0,0.0,0.0,34.01,18.29,10.36,32.08,CENTRE,50.7,37.9,12.8,bascule_probable
7811,44.46,29.25,0.0,24.06,4.24,25.09,17.9,16.79,33.8,32.98,23.09,8.35,33.49,0.0,0.0,0.0,46.24,14.98,8.34,25.94,CENTRE,62.0,28.4,33.6,bastion_gauche
7812,32.11,40.75,0.0,26.35,9.18,38.85,7.48,17.98,21.26,41.55,27.29,8.4,24.12,0.0,0.0,0.0,38.45,18.34,9.49,29.07,CENTRE,56.6,32.5,24.1,bastion_gauche
7901,33.9,40.24,0.0,25.85,3.33,51.27,0.0,15.85,30.16,51.96,7.25,8.46,22.19,0.0,0.0,0.0,41.5,18.01,6.64,28.41,CENTRE,58.0,31.9,26.1,bastion_gauche
7902,39.49,15.98,9.26,35.27,7.27,25.08,6.34,23.87,43.69,31.6,12.73,11.1,20.47,0.0,0.0,0.0,33.68,15.75,6.09,37.35,LEFT,51.7,41.2,10.5,bascule_probable
7903,20.15,31.14,13.48,35.23,0.0,34.27,15.58,22.92,25.97,40.18,19.08,12.93,15.85,0.0,0.0,0.0,26.95,18.58,8.07,39.72,CENTRE,42.6,45.0,-2.4,rn_resistant
8001,35.16,24.15,0.0,40.69,2.01,23.56,7.01,26.19,32.63,34.13,13.38,17.52,22.9,0.0,0.0,0.0,28.81,13.17,5.48,44.98,LEFT,49.6,44.3,5.3,bascule_possible
8002,30.58,34.39,6.7,28.34,2.14,38.66,7.56,19.49,23.24,50.81,12.45,12.33,25.26,0.0,0.0,0.0,37.43,17.93,7.4,31.87,LEFT,53.1,36.0,17.1,bastion_gauche
8003,16.09,6.26,27.7,49.96,2.51,18.41,26.57,34.39,24.9,26.09,21.93,24.44,14.17,0.0,0.0,0.0,17.61,12.4,7.13,51.07,FAR_RIGHT,27.6,61.4,-33.8,bastion_rn
8004,18.43,18.47,13.48,49.62,1.73,25.1,14.5,37.47,19.1,36.88,18.08,24.22,15.42,0.0,0.0,0.0,20.42,13.47,7.09,51.22,FAR_RIGHT,33.3,57.5,-24.2,bastion_rn
8005,15.06,19.49,8.18,57.26,1.53,19.94,18.42,38.48,17.89,53.85,0.0,22.81,14.9,0.0,0.0,0.0,16.82,12.04,6.28,57.2,T1_WIN,29.0,63.3,-34.3,bastion_rn
8101,29.63,29.52,0.0,40.84,11.8,19.29,21.77,24.95,27.79,0.0,40.78,17.5,19.77,0.0,0.0,0.0,31.73,12.9,6.61,39.87,CENTRE,47.3,45.3,2.0,bascule_possible
8102,32.3,21.7,5.37,39.24,6.81,28.34,0.0,29.18,37.25,34.29,7.15,18.9,24.44,0.0,0.0,0.0,37.06,10.81,5.06,38.76,LEFT,46.8,44.5,2.3,bascule_possible
8103,26.44,28.6,0.0,43.64,9.01,22.22,17.25,26.27,26.84,32.48,23.53,16.32,20.04,0.0,0.0,0.0,30.1,11.81,7.48,42.33,CENTRE,43.6,47.9,-4.3,rn_resistant
8201,38.67,16.18,0.0,43.93,7.98,17.33,9.26,28.27,36.05,29.1,15.77,18.52,21.19,0.0,0.0,0.0,31.54,11.22,6.18,42.61,FAR_RIGHT,48.4,46.4,2.0,bascule_possible
8202,34.76,15.6,0.0,49.17,20.19,20.58,0.0,36.03,54.78,0.0,19.94,21.63,18.05,0.0,0.0,0.0,26.42,10.11,5.0,49.26,FAR_RIGHT,44.1,51.5,-7.4,bastion_rn
8301,23.72,31.37,0.0,44.91,4.81,31.0,6.64,36.39,14.95,31.8,29.46,22.92,19.11,0.0,0.0,0.0,27.29,13.71,8.33,45.91,CENTRE,42.5,49.6,-7.1,bastion_rn
8302,24.29,21.72,0.0,53.31,4.8,27.45,6.29,40.05,16.63,33.71,21.87,25.69,17.13,0.0,0.0,0.0,24.13,12.03,6.04,52.79,T1_WIN,37.3,56.6,-19.3,bastion_rn
8303,21.75,20.21,8.8,48.48,4.64,27.78,12.6,36.68,14.78,33.91,25.55,23.55,14.77,0.0,0.0,0.0,22.62,14.75,7.34,50.66,FAR_RIGHT,36.3,54.9,-18.6,bastion_rn
8304,17.66,26.23,0.0,56.11,5.28,28.51,4.75,47.92,12.45,32.3,25.22,26.19,12.75,0.0,0.0,0.0,17.77,13.31,6.67,56.68,T1_WIN,33.4,60.0,-26.6,bastion_rn
8305,16.2,22.23,7.92,53.64,4.28,27.28,6.39,48.66,14.11,28.58,25.29,27.12,12.69,0.0,0.0,0.0,17.44,14.27,7.72,55.86,T1_WIN,31.8,60.0,-28.2,bastion_rn
8306,17.97,18.02,6.45,55.27,5.39,24.2,6.26,43.39,17.27,34.21,17.45,25.77,15.0,0.0,0.0,0.0,21.95,11.73,5.27,55.54,T1_WIN,30.6,60.4,-29.8,bastion_rn
8307,21.44,21.29,7.56,49.71,5.23,28.08,11.2,39.69,16.67,31.55,24.52,25.72,16.02,0.0,0.0,0.0,22.9,13.9,6.92,51.87,FAR_RIGHT,36.3,55.8,-19.5,bastion_rn
8308,21.37,15.84,9.25,53.55,5.16,25.51,5.42,41.5,15.77,32.61,25.42,25.42,16.29,0.0,0.0,0.0,22.95,11.96,5.19,53.6,T1_WIN,33.5,59.4,-25.9,bastion_rn
8401,43.83,16.12,3.24,35.94,2.72,22.85,6.91,34.64,31.72,30.09,10.42,24.13,33.49,0.0,0.0,0.0,42.68,10.56,4.47,37.93,LEFT,54.4,39.6,14.8,bascule_probable
8402,25.87,19.4,6.91,47.68,5.06,24.45,10.02,37.97,22.88,29.51,22.6,24.45,18.83,0.0,0.0,0.0,28.42,12.59,5.89,47.9,FAR_RIGHT,39.4,53.2,-13.8,bastion_rn
8403,21.98,17.01,6.24,54.77,4.86,22.02,6.67,44.69,18.54,32.07,13.73,34.02,18.22,0.0,0.0,0.0,24.71,10.13,5.18,55.33,T1_WIN,33.9,59.7,-25.8,bastion_rn
8404,20.56,20.39,4.44,53.4,5.13,25.27,7.67,41.01,18.88,25.24,15.93,19.7,17.46,0.0,0.0,0.0,23.75,11.26,5.33,54.08,FAR_RIGHT,34.0,58.1,-24.1,bastion_rn
8405,27.16,20.29,6.22,46.33,5.21,24.97,17.17,29.57,23.44,33.3,22.77,19.85,20.24,0.0,0.0,0.0,29.87,12.79,5.35,46.21,FAR_RIGHT,41.1,51.7,-10.6,bastion_rn
8501,24.49,41.58,0.0,33.94,3.95,30.65,18.77,21.31,20.9,40.05,27.12,10.25,15.97,0.0,0.0,0.0,29.03,19.12,8.95,37.16,CENTRE,49.4,40.2,9.2,bascule_probable
8502,24.73,38.74,0.0,36.53,5.99,29.94,18.61,22.66,27.4,36.16,22.97,12.94,16.34,0.0,0.0,0.0,28.51,17.98,8.49,39.12,CENTRE,48.0,42.3,5.7,bascule_possible
8503,17.27,34.89,8.72,39.11,4.36,36.07,17.55,23.44,17.86,39.13,28.41,13.91,13.82,0.0,0.0,0.0,24.65,20.27,8.51,41.29,CENTRE,40.6,47.7,-7.1,bastion_rn
8504,19.36,18.46,39.31,22.88,6.69,21.78,41.1,12.1,16.21,74.37,1.44,7.29,13.88,0.0,0.0,0.0,27.67,22.12,10.96,33.81,RIGHT,41.4,40.6,0.8,rn_resistant
8505,21.29,34.84,4.68,39.19,1.01,37.39,12.76,26.91,33.42,32.12,22.08,11.97,15.48,0.0,0.0,0.0,25.45,17.0,8.36,42.49,CENTRE,43.5,46.2,-2.7,rn_resistant
8601,42.22,28.85,0.0,28.93,3.98,41.54,0.0,20.14,32.92,42.29,11.7,11.8,24.49,0.0,0.0,0.0,40.46,15.76,6.26,31.27,LEFT,59.5,33.3,26.2,bastion_gauche
8602,39.44,33.21,2.92,24.42,5.66,36.83,0.0,18.98,30.55,41.75,15.41,9.28,25.91,0.0,0.0,0.0,44.05,16.72,6.62,27.05,CENTRE,60.2,30.5,29.7,bastion_gauche
8603,28.99,30.18,0.0,40.82,14.24,20.75,16.87,26.43,22.49,39.98,21.73,14.68,18.48,0.0,0.0,0.0,28.68,14.41,6.36,41.23,CENTRE,47.1,45.3,1.8,bascule_possible
8604,22.56,34.8,0.0,42.64,1.81,37.62,0.0,34.51,29.68,49.75,0.0,17.29,18.19,0.0,0.0,0.0,26.14,14.98,6.46,45.18,CENTRE,43.4,47.9,-4.5,rn_resistant
8701,38.33,26.99,0.0,34.68,0.0,28.02,10.64,22.69,37.91,36.52,13.22,11.85,24.06,0.0,0.0,0.0,39.17,12.58,5.83,35.72,LEFT,54.5,38.7,15.8,bastion_gauche
8702,38.69,24.45,0.0,36.86,3.0,27.17,7.67,23.54,39.66,46.82,1.4,11.59,20.71,0.0,0.0,0.0,34.87,12.88,6.68,37.44,LEFT,53.4,40.5,12.9,bascule_probable
8703,36.62,26.65,0.0,36.73,0.0,29.64,11.99,23.77,33.39,37.65,16.07,11.52,21.67,0.0,0.0,0.0,36.22,13.86,6.11,36.61,LEFT,52.6,40.7,11.9,bascule_probable
8801,18.98,0.0,42.85,38.17,1.92,15.24,37.21,25.09,20.28,31.93,26.81,18.16,17.94,0.0,0.0,0.0,26.5,13.93,7.93,45.63,RIGHT,31.0,54.5,-23.5,bastion_rn
8802,16.5,32.8,2.54,48.16,3.29,30.12,13.85,33.36,19.36,28.22,29.17,20.72,16.22,0.0,0.0,0.0,23.35,11.9,5.78,52.43,FAR_RIGHT,36.9,54.0,-17.1,bastion_rn
8803,18.24,0.0,48.33,33.43,0.0,11.72,47.2,21.75,24.25,26.97,29.05,16.9,17.9,0.0,0.0,0.0,27.56,14.35,7.65,43.34,RIGHT,31.8,51.8,-20.0,bastion_rn
8804,17.6,1.21,31.91,49.27,19.41,13.74,21.5,28.45,34.12,17.34,27.96,18.96,15.09,0.0,0.0,0.0,20.63,12.62,8.3,51.6,FAR_RIGHT,27.3,61.6,-34.3,bastion_rn
8901,26.63,17.49,14.4,41.47,1.66,19.5,22.61,30.11,18.2,33.76,29.01,17.2,19.01,0.0,0.0,0.0,29.21,13.57,7.29,43.31,FAR_RIGHT,41.2,49.6,-8.4,bastion_rn
8902,22.95,29.33,0.0,47.72,4.9,29.22,5.79,37.31,21.87,52.52,2.66,21.79,17.87,0.0,0.0,0.0,24.88,12.71,6.75,48.23,FAR_RIGHT,40.5,52.1,-11.6,bastion_rn
8903,27.07,17.51,3.99,51.44,4.78,23.91,10.83,40.04,20.09,28.65,22.45,27.42,18.81,0.0,0.0,0.0,24.53,11.51,5.68,51.8,T1_WIN,38.7,55.6,-16.9,bastion_rn
9001,23.92,11.27,23.99,40.82,1.75,20.55,28.13,26.93,23.76,31.83,23.7,17.5,19.86,0.0,0.0,0.0,27.89,12.7,8.44,44.93,RIGHT,37.4,51.6,-14.2,bastion_rn
9002,29.61,15.27,17.27,37.86,0.0,34.69,11.12,25.45,26.55,53.45,0.0,17.57,23.69,0.0,0.0,0.0,32.55,12.85,6.84,42.05,FAR_RIGHT,43.6,46.7,-3.1,rn_resistant
9101,48.41,0.0,0.0,23.64,5.85,22.54,9.91,18.48,53.92,0.0,26.67,12.6,43.82,0.0,0.0,0.0,50.52,11.13,4.16,28.76,LEFT,48.4,23.6,24.8,bastion_gauche
9102,32.53,22.09,3.36,42.01,4.03,35.22,6.09,29.03,19.81,29.88,30.82,17.16,21.95,0.0,0.0,0.0,31.09,12.9,6.05,43.79,FAR_RIGHT,46.7,46.6,0.1,rn_resistant
9103,31.97,29.9,0.0,34.38,8.27,25.65,10.53,23.72,28.64,46.63,10.82,12.6,23.77,0.0,0.0,0.0,36.48,14.66,6.69,36.38,LEFT,49.9,38.9,11.0,bascule_probable
9104,31.99,33.91,0.0,32.75,3.01,34.14,10.26,21.34,23.08,35.31,27.44,11.13,22.09,0.0,0.0,0.0,37.38,16.5,7.37,33.72,CENTRE,52.3,37.8,14.5,bascule_probable
9105,41.09,32.48,9.92,16.51,0.69,30.53,16.85,12.38,27.07,47.46,16.82,6.69,25.38,0.0,0.0,0.0,45.85,21.1,9.11,19.62,CENTRE,63.4,25.2,38.2,bastion_gauche
9106,62.77,0.0,14.5,22.73,3.39,31.46,9.61,15.93,32.67,52.54,0.6,9.83,31.15,0.0,0.0,0.0,49.27,15.43,6.51,24.44,LEFT,66.8,28.2,38.6,bastion_gauche
9107,40.83,30.07,1.49,26.31,5.51,32.49,6.32,19.55,29.24,30.99,24.79,14.01,32.88,0.0,0.0,0.0,44.68,12.34,6.23,31.67,LEFT,59.3,31.4,27.9,bastion_gauche
9108,38.65,0.44,27.38,32.96,0.0,22.39,10.03,33.34,20.35,41.76,0.0,34.04,28.35,0.0,0.0,0.0,41.97,13.81,7.11,31.45,LEFT,46.6,43.4,3.2,bascule_possible
9109,39.22,27.11,0.0,30.12,2.36,39.15,0.0,24.13,32.24,35.1,17.04,13.81,29.87,0.0,0.0,0.0,41.03,14.11,6.41,33.39,LEFT,55.5,34.2,21.3,bastion_gauche
9110,47.33,18.9,6.03,26.9,5.7,26.21,9.89,19.11,44.47,40.81,0.0,13.74,35.53,0.0,0.0,0.0,46.63,11.56,5.4,31.48,LEFT,60.4,32.0,28.4,bastion_gauche
9201,66.27,15.03,4.33,14.36,4.93,20.17,4.71,11.87,45.35,29.62,12.04,9.11,53.94,0.0,0.0,0.0,64.74,8.6,3.96,17.94,T1_WIN,76.5,18.3,58.2,bastion_gauche
9202,40.22,3.95,41.59,14.25,6.71,28.03,27.6,8.64,21.05,47.01,24.83,5.32,28.5,0.0,0.0,0.0,48.67,19.23,11.53,16.94,RIGHT,54.2,30.6,23.6,bastion_gauche
9203,32.05,0.0,52.09,15.86,1.7,32.4,31.14,10.31,16.84,46.59,28.36,4.86,20.96,0.0,0.0,0.0,40.41,20.81,13.94,21.09,T1_WIN,46.6,35.7,10.9,bascule_probable
9204,53.72,29.62,0.0,16.66,8.71,36.96,0.0,14.44,32.26,43.52,14.13,7.06,37.7,0.0,0.0,0.0,53.37,15.62,8.11,18.51,LEFT,71.5,21.1,50.4,bastion_gauche
9205,37.17,33.67,12.71,15.47,4.4,34.53,19.26,11.33,22.88,41.69,29.41,4.27,27.2,0.0,0.0,0.0,43.52,17.64,14.01,21.53,CENTRE,60.9,25.4,35.5,bastion_gauche
9206,19.89,40.19,19.9,20.03,2.2,49.41,15.59,16.4,11.7,41.92,38.42,4.98,14.9,0.0,0.0,0.0,27.71,21.91,20.3,26.67,CENTRE,49.6,33.6,16.0,bastion_gauche
9207,26.27,53.2,0.0,20.53,4.08,41.91,18.11,14.28,13.37,48.48,28.41,5.6,17.1,0.0,0.0,0.0,34.67,24.49,15.74,21.86,T1_WIN,58.2,28.5,29.7,bastion_gauche
9208,33.28,39.91,9.76,16.94,6.48,40.12,15.67,12.43,16.88,48.03,26.79,4.58,20.4,0.0,0.0,0.0,40.5,22.73,13.6,19.28,CENTRE,60.0,26.6,33.4,bastion_gauche
9209,21.87,47.05,15.36,15.72,3.6,29.3,37.2,11.5,17.73,0.0,75.93,3.21,14.0,0.0,0.0,0.0,31.02,24.32,19.61,21.76,CENTRE,54.4,28.6,25.8,bastion_gauche
9210,36.38,43.85,5.08,14.51,5.13,48.06,0.0,14.05,21.46,64.62,0.99,4.26,24.39,0.0,0.0,0.0,45.67,21.0,10.99,18.44,CENTRE,64.1,23.0,41.1,bastion_gauche
9211,53.32,32.2,0.0,14.48,2.42,36.11,0.0,12.61,41.28,48.77,1.24,5.67,36.94,0.0,0.0,0.0,59.4,14.12,5.95,16.45,T1_WIN,72.6,19.3,53.3,bastion_gauche
9212,42.25,0.0,39.43,18.32,4.83,36.73,13.1,13.62,24.94,40.75,25.51,5.69,25.56,0.0,0.0,0.0,45.84,17.63,9.31,22.26,RIGHT,53.3,33.3,20.0,bastion_gauche
9213,38.36,40.3,5.5,15.84,5.64,49.33,4.88,11.03,23.2,45.39,26.04,4.21,25.14,0.0,0.0,0.0,45.42,20.89,10.65,18.95,CENTRE,64.1,24.0,40.1,bastion_gauche
9301,69.21,14.79,4.37,11.49,12.63,19.92,2.43,9.74,42.79,31.89,12.67,5.93,55.51,0.0,0.0,0.0,70.02,8.22,3.41,14.54,T1_WIN,79.3,15.4,63.9,bastion_gauche
9302,78.16,7.43,2.6,11.81,8.0,12.56,3.53,10.52,57.66,20.69,6.78,8.54,62.17,0.0,0.0,0.0,74.38,5.44,1.9,15.25,T1_WIN,83.3,13.9,69.4,bastion_gauche
9303,42.59,21.57,13.78,21.28,8.83,25.49,8.43,17.15,34.13,39.68,12.25,12.17,35.37,0.0,0.0,0.0,49.6,13.42,5.85,26.4,LEFT,59.4,29.8,29.6,bastion_gauche
9304,69.76,6.86,5.64,16.49,23.87,9.88,4.8,14.34,44.52,25.2,17.52,10.35,58.42,0.0,0.0,0.0,64.97,5.7,2.73,22.33,LEFT,75.5,19.7,55.8,bastion_gauche
9305,58.04,24.56,0.0,17.4,4.54,43.17,0.0,11.99,29.93,56.02,0.0,10.16,51.02,0.0,0.0,0.0,59.01,7.1,3.01,26.62,LEFT,72.8,21.1,51.7,bastion_gauche
9306,74.45,13.94,0.0,11.61,6.97,20.31,0.0,9.48,55.41,34.1,0.45,7.4,57.67,0.0,0.0,0.0,73.35,6.4,2.87,13.86,T1_WIN,82.8,13.7,69.1,bastion_gauche
9307,77.84,11.02,1.31,9.68,9.54,18.21,0.0,7.22,60.82,24.7,6.32,4.8,55.51,0.0,0.0,0.0,75.5,6.81,2.51,11.75,LEFT,84.8,11.8,73.0,bastion_gauche
9308,50.67,0.0,23.61,25.71,7.94,21.71,13.9,19.74,29.78,32.9,21.56,11.67,35.51,0.0,0.0,0.0,48.1,11.74,6.6,28.88,LEFT,57.3,34.7,22.6,bastion_gauche
9309,65.49,15.03,4.38,15.11,8.19,21.54,3.43,11.26,52.23,36.02,0.0,9.47,49.99,0.0,0.0,0.0,66.63,7.48,4.17,18.22,T1_WIN,75.7,19.0,56.7,bastion_gauche
9310,53.99,8.21,17.62,19.25,1.83,20.15,20.07,15.06,34.78,28.64,22.16,11.16,48.63,0.0,0.0,0.0,55.79,8.16,5.65,25.27,T1_WIN,63.8,27.2,36.6,bastion_gauche
9311,63.74,10.44,6.94,18.88,16.67,15.68,3.41,15.81,45.56,28.27,9.86,14.37,53.28,0.0,0.0,0.0,62.18,6.87,2.98,24.1,T1_WIN,71.9,23.1,48.8,bastion_gauche
9312,47.11,12.57,12.88,27.44,3.58,38.33,0.0,21.14,28.46,53.53,0.0,16.79,37.71,0.0,0.0,0.0,47.23,10.08,5.74,32.63,LEFT,58.3,34.2,24.1,bastion_gauche
9401,33.97,18.57,27.97,19.48,8.62,28.74,19.13,14.68,24.58,39.73,25.11,7.98,24.18,0.0,0.0,0.0,42.72,17.7,9.99,25.29,RIGHT,52.9,32.9,20.0,bastion_gauche
9402,60.07,16.04,5.14,18.75,4.79,22.98,6.53,14.06,42.76,33.95,9.96,11.32,45.94,0.0,0.0,0.0,58.08,9.33,4.86,22.9,T1_WIN,71.1,23.1,48.0,bastion_gauche
9403,43.6,26.99,0.0,29.42,1.61,25.52,16.33,19.96,25.96,35.79,21.68,13.56,35.13,0.0,0.0,0.0,44.21,12.06,6.0,32.98,LEFT,59.8,33.5,26.3,bastion_gauche
9404,34.72,32.22,3.67,29.39,2.18,29.93,16.68,20.4,23.18,40.37,22.35,11.28,26.69,0.0,0.0,0.0,40.06,15.55,7.83,31.5,CENTRE,55.1,35.6,19.5,bastion_gauche
9405,38.2,40.0,0.0,21.8,2.06,29.45,20.11,14.65,25.03,37.11,27.66,6.12,27.75,0.0,0.0,0.0,43.46,17.1,9.74,25.18,CENTRE,62.2,27.8,34.4,bastion_gauche
9406,43.03,37.38,3.87,15.72,5.59,44.03,0.0,11.75,30.05,58.71,0.0,4.82,26.99,0.0,0.0,0.0,49.42,17.31,10.38,19.47,CENTRE,66.5,22.8,43.7,bastion_gauche
9407,45.1,0.0,34.64,20.26,2.29,23.77,18.32,13.23,29.75,37.16,23.0,9.18,33.67,0.0,0.0,0.0,49.59,14.71,6.74,24.84,RIGHT,54.8,33.4,21.4,bastion_gauche
9408,37.85,0.0,44.13,18.02,4.12,18.93,37.48,10.36,20.88,33.73,37.41,5.28,25.55,0.0,0.0,0.0,43.58,15.22,11.08,26.04,RIGHT,50.2,34.8,15.4,bastion_gauche
9409,61.86,14.75,4.02,19.37,8.67,20.25,4.22,14.07,49.4,29.25,7.84,10.34,42.19,0.0,0.0,0.0,58.75,10.09,4.49,22.2,T1_WIN,71.8,23.1,48.7,bastion_gauche
9410,65.05,18.51,0.0,15.96,4.17,25.58,0.0,13.32,52.47,30.62,6.6,8.36,46.21,0.0,0.0,0.0,64.83,9.49,3.52,17.64,T1_WIN,76.2,18.7,57.5,bastion_gauche
9411,58.45,22.67,3.53,15.36,7.94,25.4,3.78,12.14,45.36,33.62,11.64,7.66,41.94,0.0,0.0,0.0,62.3,11.84,4.48,17.31,T1_WIN,73.0,20.1,52.9,bastion_gauche
9501,32.28,25.46,6.2,36.02,6.65,23.78,11.95,28.41,25.85,35.93,19.62,15.31,25.44,0.0,0.0,0.0,36.34,13.25,6.84,37.87,FAR_RIGHT,49.3,42.2,7.1,bascule_probable
9502,34.36,25.35,6.25,31.25,7.01,28.79,8.68,24.93,25.32,35.46,24.45,12.49,26.93,0.0,0.0,0.0,38.8,13.89,7.04,35.34,LEFT,51.3,37.4,13.9,bascule_probable
9503,38.4,23.52,7.55,28.9,6.3,28.37,12.2,23.03,25.7,40.14,16.73,11.52,28.22,0.0,0.0,0.0,42.04,13.56,7.1,32.34,LEFT,54.6,35.3,19.3,bastion_gauche
9504,39.84,27.89,5.95,26.22,7.86,29.03,12.51,18.65,24.14,43.15,17.01,11.3,29.07,0.0,0.0,0.0,42.81,15.31,7.73,29.31,CENTRE,58.2,32.7,25.5,bastion_gauche
9505,59.14,13.94,7.62,18.7,4.16,21.02,9.77,11.67,44.6,29.95,14.1,9.88,49.34,0.0,0.0,0.0,60.5,8.65,3.73,22.39,T1_WIN,69.6,23.7,45.9,bastion_gauche
9506,38.38,28.49,7.56,23.45,8.32,30.87,12.29,17.74,23.19,40.39,23.61,9.52,31.5,0.0,0.0,0.0,45.04,14.48,8.29,27.48,LEFT,57.6,30.6,27.0,bastion_gauche
9507,39.25,23.13,8.79,28.83,8.61,27.48,7.68,23.02,28.24,35.98,24.26,10.51,30.07,0.0,0.0,0.0,39.72,12.55,7.61,35.78,LEFT,55.6,35.6,20.0,bastion_gauche
9508,59.62,12.55,6.57,21.26,12.55,33.0,0.0,14.73,58.1,10.93,0.0,11.52,52.5,0.0,0.0,0.0,56.71,6.83,3.63,27.59,T1_WIN,69.0,25.6,43.4,bastion_gauche
9509,42.2,14.6,11.37,31.46,9.41,21.37,12.81,25.39,30.79,31.84,16.29,17.94,36.83,0.0,0.0,0.0,43.04,9.7,4.9,37.54,LEFT,54.1,38.0,16.1,bastion_gauche
9510,44.3,21.76,10.01,23.93,16.4,25.18,5.92,18.06,34.45,36.72,12.18,10.37,38.72,0.0,0.0,0.0,49.52,13.29,5.16,26.96,LEFT,60.2,31.0,29.2,bastion_gauche
97101,80.99,0.0,0.84,9.94,,,,,,,,,,,,,44.34,14.12,2.84,33.49,LEFT,81.2,10.3,70.9,bastion_gauche
97102,48.07,2.65,8.68,17.3,,,,,,,,,,,,,41.71,14.22,3.26,36.27,LEFT,52.1,21.0,31.1,bastion_gauche
97103,64.32,2.04,0.0,26.55,,,,,,,,,,,,,40.91,13.98,3.25,38.03,LEFT,65.5,26.9,38.6,bastion_gauche
97104,64.3,21.86,0.0,12.81,,,,,,,,,,,,,50.42,13.01,2.58,30.57,LEFT,77.4,16.1,61.3,bastion_gauche
97201,17.08,0.0,2.52,9.99,,,,,,,,,,,,,46.96,14.8,5.08,26.92,OTHER,17.8,10.9,6.9,bascule_possible
97202,6.54,0.0,34.65,10.51,,,,,,,,,,,,,46.69,20.07,4.47,23.82,OTHER,16.2,23.7,-7.5,bastion_rn
97203,68.09,0.0,2.03,9.47,,,,,,,,,,,,,51.11,16.33,4.2,22.0,LEFT,68.7,10.2,58.5,bastion_gauche
97204,12.14,9.5,0.0,9.88,,,,,,,,,,,,,49.11,17.22,3.82,23.97,OTHER,17.8,11.3,6.5,bascule_possible
97301,1.29,0.0,16.1,9.33,,,,,,,,,,,,,44.89,10.32,4.37,32.69,OTHER,5.8,15.4,-9.6,bastion_rn
97302,6.26,33.53,0.0,0.0,,,,,,,,,,,,,44.39,10.8,3.85,33.08,OTHER,26.4,5.0,21.4,bastion_gauche
97401,52.46,0.0,15.35,31.69,,,,,,,,,,,,,47.73,9.74,4.58,32.69,LEFT,56.8,37.5,19.3,bastion_gauche
97402,49.27,0.0,8.55,24.93,,,,,,,,,,,,,45.15,9.44,4.1,35.69,LEFT,51.7,28.2,23.5,bastion_gauche
97403,30.09,0.0,32.89,37.02,,,,,,,,,,,,,32.0,7.72,5.66,48.2,FAR_RIGHT,39.3,49.5,-10.2,bastion_rn
97404,44.5,0.0,27.51,28.0,,,,,,,,,,,,,41.7,7.17,7.09,38.35,LEFT,52.2,38.5,13.7,bascule_probable
97405,53.86,10.51,1.19,30.94,,,,,,,,,,,,,32.22,12.08,3.93,46.11,LEFT,60.5,33.0,27.5,bastion_gauche
97406,56.05,11.69,4.64,27.62,,,,,,,,,,,,,43.76,7.93,3.85,38.88,LEFT,64.4,31.1,33.3,bastion_gauche
97407,41.94,22.05,7.47,27.59,,,,,,,,,,,,,42.44,9.55,4.91,36.64,LEFT,57.3,33.7,23.6,bastion_gauche
97501,46.32,0.0,43.09,10.59,,,,,,,,,,,,,44.57,14.47,4.01,30.4,RIGHT,58.4,27.0,31.4,bastion_gauche
97601,3.99,0.0,94.12,1.89,,,,,,,,,,,,,21.85,6.53,12.01,56.54,T1_WIN,30.3,37.7,-7.4,bastion_rn
97602,2.46,31.39,29.45,36.15,,,,,,,,,,,,,16.26,6.37,14.18,60.47,FAR_RIGHT,29.5,52.0,-22.5,bastion_rn
98601,0.0,77.2,22.8,0.0,,,,,,,,,,,,,26.31,26.6,10.12,32.27,T1_WIN,52.7,20.2,32.5,bastion_gauche
98701,4.1,0.0,53.85,6.33,,,,,,,,,,,,,22.51,44.74,3.09,26.54,T1_WIN,19.2,26.8,-7.6,bastion_rn
98702,3.96,0.0,49.16,4.69,,,,,,,,,,,,,26.07,38.53,2.82,28.95,RIGHT,17.7,23.4,-5.7,bastion_rn
98703,5.16,0.0,52.13,0.0,,,,,,,,,,,,,24.35,39.31,3.33,29.61,LEFT,19.8,19.8,0.0,rn_resistant
98801,5.29,10.33,40.12,4.85,,,,,,,,,,,,,14.42,31.95,12.44,37.95,RIGHT,22.7,21.6,1.1,bascule_possible
98802,11.92,5.28,36.18,0.0,,,,,,,,,,,,,17.26,24.37,12.95,41.33,OTHER,25.2,14.5,10.7,bascule_probable
ZX01,0.0,41.44,36.83,9.83,0.0,47.09,34.14,8.83,,,,,28.62,0.0,0.0,0.0,19.5,28.25,4.62,39.24,CENTRE,35.2,30.0,5.2,bascule_possible
ZZ01,36.19,43.8,6.7,12.15,1.02,35.88,21.2,8.13,,,,,,,,,51.68,25.52,6.28,13.34,CENTRE,64.3,21.3,43.0,bastion_gauche
ZZ02,36.16,38.63,9.91,15.22,7.58,39.3,12.25,8.47,,,,,,,,,44.6,22.84,9.21,18.82,CENTRE,62.1,24.8,37.3,bastion_gauche
ZZ03,40.76,45.87,5.37,7.67,4.44,47.11,5.46,5.15,,,,,,,,,54.68,26.74,7.37,8.44,CENTRE,69.8,16.6,53.2,bastion_gauche
ZZ04,39.55,41.25,8.18,10.39,2.39,44.19,5.89,8.33,,,,,,,,,53.56,22.05,7.92,13.06,CENTRE,66.6,19.7,46.9,bastion_gauche
ZZ05,33.39,38.85,4.81,22.05,6.41,40.77,7.13,13.36,,,,,,,,,40.75,19.81,8.06,27.51,CENTRE,58.0,29.7,28.3,bastion_gauche
ZZ06,32.85,43.53,6.61,16.01,7.02,45.4,14.56,10.46,,,,,,,,,46.16,23.59,8.45,17.58,CENTRE,60.8,25.1,35.7,bastion_gauche
ZZ07,38.11,44.43,4.65,9.03,12.96,40.27,8.05,5.0,,,,,,,,,54.58,23.06,6.84,11.64,CENTRE,66.1,17.5,48.6,bastion_gauche
ZZ08,24.55,27.34,40.28,6.29,2.18,57.92,0.0,8.78,,,,,,,,,28.43,11.48,22.13,35.6,CENTRE,52.2,25.7,26.5,bastion_gauche
ZZ09,58.89,20.71,7.19,11.65,2.24,40.04,9.84,6.98,,,,,,,,,63.43,11.8,4.98,15.75,LEFT,73.3,17.5,55.8,bastion_gauche
ZZ10,32.54,36.44,9.74,19.51,2.56,45.23,11.16,11.39,9.22,60.08,23.12,5.53,,,,,43.14,18.16,9.54,25.16,CENTRE,57.1,28.7,28.4,bastion_gauche
ZZ11,33.44,39.94,0.0,24.43,6.69,47.64,6.37,14.51,14.07,54.11,25.03,2.89,,,,,40.34,23.64,8.28,21.78,CENTRE,57.4,30.4,27.0,bastion_gauche
